date,street_name,hour,day_of_week,day_number,is_weekend,is_peak_hour,probe_count,segment_count,average_speed_limit,average_frc,total_distance
2024-08-11,Mahatma Gandhi Marg,0,Sunday,6,1,0,285435,1052,52.443,1.5722,62245.45
2024-08-11,Mahatma Gandhi Marg,1,Sunday,6,1,0,238136,1052,52.443,1.5722,62245.45
2024-08-11,Mahatma Gandhi Marg,2,Sunday,6,1,0,181220,1052,52.443,1.5722,62245.45
2024-08-11,Mahatma Gandhi Marg,3,Sunday,6,1,0,141749,1052,52.443,1.5722,62245.45
2024-08-11,Mahatma Gandhi Marg,4,Sunday,6,1,0,125713,1052,52.443,1.5722,62245.45
2024-08-11,Mahatma Gandhi Marg,5,Sunday,6,1,0,136660,1052,52.443,1.5722,62245.45
2024-08-11,Mahatma Gandhi Marg,6,Sunday,6,1,0,180437,1052,52.443,1.5722,62245.45
2024-08-11,Mahatma Gandhi Marg,7,Sunday,6,1,1,189346,1052,52.443,1.5722,62245.45
2024-08-11,Mahatma Gandhi Marg,8,Sunday,6,1,1,203877,1052,52.443,1.5722,62245.45
2024-08-11,Mahatma Gandhi Marg,9,Sunday,6,1,1,223514,1052,52.443,1.5722,62245.45
2024-08-11,Mahatma Gandhi Marg,10,Sunday,6,1,0,302886,1052,52.443,1.5722,62245.45
2024-08-11,Mahatma Gandhi Marg,11,Sunday,6,1,0,387699,1052,52.443,1.5722,62245.45
2024-08-11,Mahatma Gandhi Marg,12,Sunday,6,1,0,468782,1052,52.443,1.5722,62245.45
2024-08-11,Mahatma Gandhi Marg,13,Sunday,6,1,0,554087,1052,52.443,1.5722,62245.45
2024-08-11,Mahatma Gandhi Marg,14,Sunday,6,1,0,580808,1052,52.443,1.5722,62245.45
2024-08-11,Mahatma Gandhi Marg,15,Sunday,6,1,0,573670,1052,52.443,1.5722,62245.45
2024-08-11,Mahatma Gandhi Marg,16,Sunday,6,1,0,392920,1052,52.443,1.5722,62245.45
2024-08-11,Mahatma Gandhi Marg,17,Sunday,6,1,1,352108,1052,52.443,1.5722,62245.45
2024-08-11,Mahatma Gandhi Marg,18,Sunday,6,1,1,330138,1052,52.443,1.5722,62245.45
2024-08-11,Mahatma Gandhi Marg,19,Sunday,6,1,1,357125,1052,52.443,1.5722,62245.45
2024-08-11,Mahatma Gandhi Marg,20,Sunday,6,1,1,360889,1052,52.443,1.5722,62245.45
2024-08-11,Mahatma Gandhi Marg,21,Sunday,6,1,0,313650,1052,52.443,1.5722,62245.45
2024-08-11,Mahatma Gandhi Marg,22,Sunday,6,1,0,265377,1052,52.443,1.5722,62245.45
2024-08-11,Mahatma Gandhi Marg,23,Sunday,6,1,0,215297,1052,52.443,1.5722,62245.45
2024-08-11,Mathura Road,0,Sunday,6,1,0,108792,759,49.1331,1.9763,50900.63
2024-08-11,Mathura Road,1,Sunday,6,1,0,70597,759,49.1331,1.9763,50900.63
2024-08-11,Mathura Road,2,Sunday,6,1,0,47173,759,49.1331,1.9763,50900.63
2024-08-11,Mathura Road,3,Sunday,6,1,0,41674,759,49.1331,1.9763,50900.63
2024-08-11,Mathura Road,4,Sunday,6,1,0,43791,759,49.1331,1.9763,50900.63
2024-08-11,Mathura Road,5,Sunday,6,1,0,49580,759,49.1331,1.9763,50900.63
2024-08-11,Mathura Road,6,Sunday,6,1,0,70257,759,49.1331,1.9763,50900.63
2024-08-11,Mathura Road,7,Sunday,6,1,1,81343,759,49.1331,1.9763,50900.63
2024-08-11,Mathura Road,8,Sunday,6,1,1,73280,759,49.1331,1.9763,50900.63
2024-08-11,Mathura Road,9,Sunday,6,1,1,79766,759,49.1331,1.9763,50900.63
2024-08-11,Mathura Road,10,Sunday,6,1,0,106461,759,49.1331,1.9763,50900.63
2024-08-11,Mathura Road,11,Sunday,6,1,0,137563,759,49.1331,1.9763,50900.63
2024-08-11,Mathura Road,12,Sunday,6,1,0,169816,759,49.1331,1.9763,50900.63
2024-08-11,Mathura Road,13,Sunday,6,1,0,190294,759,49.1331,1.9763,50900.63
2024-08-11,Mathura Road,14,Sunday,6,1,0,195245,759,49.1331,1.9763,50900.63
2024-08-11,Mathura Road,15,Sunday,6,1,0,191855,759,49.1331,1.9763,50900.63
2024-08-11,Mathura Road,16,Sunday,6,1,0,159515,759,49.1331,1.9763,50900.63
2024-08-11,Mathura Road,17,Sunday,6,1,1,154465,759,49.1331,1.9763,50900.63
2024-08-11,Mathura Road,18,Sunday,6,1,1,144121,759,49.1331,1.9763,50900.63
2024-08-11,Mathura Road,19,Sunday,6,1,1,138208,759,49.1331,1.9763,50900.63
2024-08-11,Mathura Road,20,Sunday,6,1,1,118301,759,49.1331,1.9763,50900.63
2024-08-11,Mathura Road,21,Sunday,6,1,0,105447,759,49.1331,1.9763,50900.63
2024-08-11,Mathura Road,22,Sunday,6,1,0,93729,759,49.1331,1.9763,50900.63
2024-08-11,Mathura Road,23,Sunday,6,1,0,74040,759,49.1331,1.9763,50900.63
2024-08-11,Outer Ring Road,0,Sunday,6,1,0,210053,712,46.8048,2.4593,43347.7
2024-08-11,Outer Ring Road,1,Sunday,6,1,0,163374,712,46.8048,2.4593,43347.7
2024-08-11,Outer Ring Road,2,Sunday,6,1,0,121283,712,46.8048,2.4593,43347.7
2024-08-11,Outer Ring Road,3,Sunday,6,1,0,103858,712,46.8048,2.4593,43347.7
2024-08-11,Outer Ring Road,4,Sunday,6,1,0,80223,712,46.8048,2.4593,43347.7
2024-08-11,Outer Ring Road,5,Sunday,6,1,0,65922,712,46.8048,2.4593,43347.7
2024-08-11,Outer Ring Road,6,Sunday,6,1,0,80402,712,46.8048,2.4593,43347.7
2024-08-11,Outer Ring Road,7,Sunday,6,1,1,86143,712,46.8048,2.4593,43347.7
2024-08-11,Outer Ring Road,8,Sunday,6,1,1,94006,712,46.8048,2.4593,43347.7
2024-08-11,Outer Ring Road,9,Sunday,6,1,1,115930,712,46.8048,2.4593,43347.7
2024-08-11,Outer Ring Road,10,Sunday,6,1,0,163931,712,46.8048,2.4593,43347.7
2024-08-11,Outer Ring Road,11,Sunday,6,1,0,209012,712,46.8048,2.4593,43347.7
2024-08-11,Outer Ring Road,12,Sunday,6,1,0,273133,712,46.8048,2.4593,43347.7
2024-08-11,Outer Ring Road,13,Sunday,6,1,0,318070,712,46.8048,2.4593,43347.7
2024-08-11,Outer Ring Road,14,Sunday,6,1,0,333386,712,46.8048,2.4593,43347.7
2024-08-11,Outer Ring Road,15,Sunday,6,1,0,348148,712,46.8048,2.4593,43347.7
2024-08-11,Outer Ring Road,16,Sunday,6,1,0,255236,712,46.8048,2.4593,43347.7
2024-08-11,Outer Ring Road,17,Sunday,6,1,1,236323,712,46.8048,2.4593,43347.7
2024-08-11,Outer Ring Road,18,Sunday,6,1,1,244841,712,46.8048,2.4593,43347.7
2024-08-11,Outer Ring Road,19,Sunday,6,1,1,219659,712,46.8048,2.4593,43347.7
2024-08-11,Outer Ring Road,20,Sunday,6,1,1,181156,712,46.8048,2.4593,43347.7
2024-08-11,Outer Ring Road,21,Sunday,6,1,0,161261,712,46.8048,2.4593,43347.7
2024-08-11,Outer Ring Road,22,Sunday,6,1,0,147731,712,46.8048,2.4593,43347.7
2024-08-11,Outer Ring Road,23,Sunday,6,1,0,120745,712,46.8048,2.4593,43347.7
2024-08-11,Aurobindo Marg,0,Sunday,6,1,0,103060,378,49.709,1.8783,17962.91
2024-08-11,Aurobindo Marg,1,Sunday,6,1,0,84458,378,49.709,1.8783,17962.91
2024-08-11,Aurobindo Marg,2,Sunday,6,1,0,58211,378,49.709,1.8783,17962.91
2024-08-11,Aurobindo Marg,3,Sunday,6,1,0,41092,378,49.709,1.8783,17962.91
2024-08-11,Aurobindo Marg,4,Sunday,6,1,0,31663,378,49.709,1.8783,17962.91
2024-08-11,Aurobindo Marg,5,Sunday,6,1,0,31687,378,49.709,1.8783,17962.91
2024-08-11,Aurobindo Marg,6,Sunday,6,1,0,33441,378,49.709,1.8783,17962.91
2024-08-11,Aurobindo Marg,7,Sunday,6,1,1,34361,378,49.709,1.8783,17962.91
2024-08-11,Aurobindo Marg,8,Sunday,6,1,1,47661,378,49.709,1.8783,17962.91
2024-08-11,Aurobindo Marg,9,Sunday,6,1,1,56154,378,49.709,1.8783,17962.91
2024-08-11,Aurobindo Marg,10,Sunday,6,1,0,79640,378,49.709,1.8783,17962.91
2024-08-11,Aurobindo Marg,11,Sunday,6,1,0,97356,378,49.709,1.8783,17962.91
2024-08-11,Aurobindo Marg,12,Sunday,6,1,0,125612,378,49.709,1.8783,17962.91
2024-08-11,Aurobindo Marg,13,Sunday,6,1,0,153123,378,49.709,1.8783,17962.91
2024-08-11,Aurobindo Marg,14,Sunday,6,1,0,155842,378,49.709,1.8783,17962.91
2024-08-11,Aurobindo Marg,15,Sunday,6,1,0,165642,378,49.709,1.8783,17962.91
2024-08-11,Aurobindo Marg,16,Sunday,6,1,0,100532,378,49.709,1.8783,17962.91
2024-08-11,Aurobindo Marg,17,Sunday,6,1,1,105563,378,49.709,1.8783,17962.91
2024-08-11,Aurobindo Marg,18,Sunday,6,1,1,110931,378,49.709,1.8783,17962.91
2024-08-11,Aurobindo Marg,19,Sunday,6,1,1,100982,378,49.709,1.8783,17962.91
2024-08-11,Aurobindo Marg,20,Sunday,6,1,1,90231,378,49.709,1.8783,17962.91
2024-08-11,Aurobindo Marg,21,Sunday,6,1,0,88157,378,49.709,1.8783,17962.91
2024-08-11,Aurobindo Marg,22,Sunday,6,1,0,80249,378,49.709,1.8783,17962.91
2024-08-11,Aurobindo Marg,23,Sunday,6,1,0,63995,378,49.709,1.8783,17962.91
2024-08-11,Mehrauli Badarpur Road,0,Sunday,6,1,0,35189,370,49.5622,2.0081,24206.35
2024-08-11,Mehrauli Badarpur Road,1,Sunday,6,1,0,26667,370,49.5622,2.0081,24206.35
2024-08-11,Mehrauli Badarpur Road,2,Sunday,6,1,0,16384,370,49.5622,2.0081,24206.35
2024-08-11,Mehrauli Badarpur Road,3,Sunday,6,1,0,12604,370,49.5622,2.0081,24206.35
2024-08-11,Mehrauli Badarpur Road,4,Sunday,6,1,0,8814,370,49.5622,2.0081,24206.35
2024-08-11,Mehrauli Badarpur Road,5,Sunday,6,1,0,8524,370,49.5622,2.0081,24206.35
2024-08-11,Mehrauli Badarpur Road,6,Sunday,6,1,0,10242,370,49.5622,2.0081,24206.35
2024-08-11,Mehrauli Badarpur Road,7,Sunday,6,1,1,12481,370,49.5622,2.0081,24206.35
2024-08-11,Mehrauli Badarpur Road,8,Sunday,6,1,1,14401,370,49.5622,2.0081,24206.35
2024-08-11,Mehrauli Badarpur Road,9,Sunday,6,1,1,18050,370,49.5622,2.0081,24206.35
2024-08-11,Mehrauli Badarpur Road,10,Sunday,6,1,0,25884,370,49.5622,2.0081,24206.35
2024-08-11,Mehrauli Badarpur Road,11,Sunday,6,1,0,34570,370,49.5622,2.0081,24206.35
2024-08-11,Mehrauli Badarpur Road,12,Sunday,6,1,0,43873,370,49.5622,2.0081,24206.35
2024-08-11,Mehrauli Badarpur Road,13,Sunday,6,1,0,56859,370,49.5622,2.0081,24206.35
2024-08-11,Mehrauli Badarpur Road,14,Sunday,6,1,0,59496,370,49.5622,2.0081,24206.35
2024-08-11,Mehrauli Badarpur Road,15,Sunday,6,1,0,54562,370,49.5622,2.0081,24206.35
2024-08-11,Mehrauli Badarpur Road,16,Sunday,6,1,0,34027,370,49.5622,2.0081,24206.35
2024-08-11,Mehrauli Badarpur Road,17,Sunday,6,1,1,28405,370,49.5622,2.0081,24206.35
2024-08-11,Mehrauli Badarpur Road,18,Sunday,6,1,1,26449,370,49.5622,2.0081,24206.35
2024-08-11,Mehrauli Badarpur Road,19,Sunday,6,1,1,27657,370,49.5622,2.0081,24206.35
2024-08-11,Mehrauli Badarpur Road,20,Sunday,6,1,1,23404,370,49.5622,2.0081,24206.35
2024-08-11,Mehrauli Badarpur Road,21,Sunday,6,1,0,21479,370,49.5622,2.0081,24206.35
2024-08-11,Mehrauli Badarpur Road,22,Sunday,6,1,0,20801,370,49.5622,2.0081,24206.35
2024-08-11,Mehrauli Badarpur Road,23,Sunday,6,1,0,19908,370,49.5622,2.0081,24206.35
2024-08-11,Barapullah Road,0,Sunday,6,1,0,38204,218,45.2661,1.3761,16478.62
2024-08-11,Barapullah Road,1,Sunday,6,1,0,27071,218,45.2661,1.3761,16478.62
2024-08-11,Barapullah Road,2,Sunday,6,1,0,20820,218,45.2661,1.3761,16478.62
2024-08-11,Barapullah Road,3,Sunday,6,1,0,17241,218,45.2661,1.3761,16478.62
2024-08-11,Barapullah Road,4,Sunday,6,1,0,20728,218,45.2661,1.3761,16478.62
2024-08-11,Barapullah Road,5,Sunday,6,1,0,20476,218,45.2661,1.3761,16478.62
2024-08-11,Barapullah Road,6,Sunday,6,1,0,21259,218,45.2661,1.3761,16478.62
2024-08-11,Barapullah Road,7,Sunday,6,1,1,21385,218,45.2661,1.3761,16478.62
2024-08-11,Barapullah Road,8,Sunday,6,1,1,29763,218,45.2661,1.3761,16478.62
2024-08-11,Barapullah Road,9,Sunday,6,1,1,30602,218,45.2661,1.3761,16478.62
2024-08-11,Barapullah Road,10,Sunday,6,1,0,41088,218,45.2661,1.3761,16478.62
2024-08-11,Barapullah Road,11,Sunday,6,1,0,56921,218,45.2661,1.3761,16478.62
2024-08-11,Barapullah Road,12,Sunday,6,1,0,82354,218,45.2661,1.3761,16478.62
2024-08-11,Barapullah Road,13,Sunday,6,1,0,88763,218,45.2661,1.3761,16478.62
2024-08-11,Barapullah Road,14,Sunday,6,1,0,95126,218,45.2661,1.3761,16478.62
2024-08-11,Barapullah Road,15,Sunday,6,1,0,96135,218,45.2661,1.3761,16478.62
2024-08-11,Barapullah Road,16,Sunday,6,1,0,80305,218,45.2661,1.3761,16478.62
2024-08-11,Barapullah Road,17,Sunday,6,1,1,79266,218,45.2661,1.3761,16478.62
2024-08-11,Barapullah Road,18,Sunday,6,1,1,67814,218,45.2661,1.3761,16478.62
2024-08-11,Barapullah Road,19,Sunday,6,1,1,71371,218,45.2661,1.3761,16478.62
2024-08-11,Barapullah Road,20,Sunday,6,1,1,58656,218,45.2661,1.3761,16478.62
2024-08-11,Barapullah Road,21,Sunday,6,1,0,43093,218,45.2661,1.3761,16478.62
2024-08-11,Barapullah Road,22,Sunday,6,1,0,36784,218,45.2661,1.3761,16478.62
2024-08-11,Barapullah Road,23,Sunday,6,1,0,30573,218,45.2661,1.3761,16478.62
2024-08-11,Vikas Marg,0,Sunday,6,1,0,33369,194,53.6082,2.0052,14316.28
2024-08-11,Vikas Marg,1,Sunday,6,1,0,26887,194,53.6082,2.0052,14316.28
2024-08-11,Vikas Marg,2,Sunday,6,1,0,16682,194,53.6082,2.0052,14316.28
2024-08-11,Vikas Marg,3,Sunday,6,1,0,13371,194,53.6082,2.0052,14316.28
2024-08-11,Vikas Marg,4,Sunday,6,1,0,11423,194,53.6082,2.0052,14316.28
2024-08-11,Vikas Marg,5,Sunday,6,1,0,16621,194,53.6082,2.0052,14316.28
2024-08-11,Vikas Marg,6,Sunday,6,1,0,17649,194,53.6082,2.0052,14316.28
2024-08-11,Vikas Marg,7,Sunday,6,1,1,14467,194,53.6082,2.0052,14316.28
2024-08-11,Vikas Marg,8,Sunday,6,1,1,15386,194,53.6082,2.0052,14316.28
2024-08-11,Vikas Marg,9,Sunday,6,1,1,19790,194,53.6082,2.0052,14316.28
2024-08-11,Vikas Marg,10,Sunday,6,1,0,24885,194,53.6082,2.0052,14316.28
2024-08-11,Vikas Marg,11,Sunday,6,1,0,34656,194,53.6082,2.0052,14316.28
2024-08-11,Vikas Marg,12,Sunday,6,1,0,40595,194,53.6082,2.0052,14316.28
2024-08-11,Vikas Marg,13,Sunday,6,1,0,47270,194,53.6082,2.0052,14316.28
2024-08-11,Vikas Marg,14,Sunday,6,1,0,51188,194,53.6082,2.0052,14316.28
2024-08-11,Vikas Marg,15,Sunday,6,1,0,50419,194,53.6082,2.0052,14316.28
2024-08-11,Vikas Marg,16,Sunday,6,1,0,39409,194,53.6082,2.0052,14316.28
2024-08-11,Vikas Marg,17,Sunday,6,1,1,33375,194,53.6082,2.0052,14316.28
2024-08-11,Vikas Marg,18,Sunday,6,1,1,26883,194,53.6082,2.0052,14316.28
2024-08-11,Vikas Marg,19,Sunday,6,1,1,27393,194,53.6082,2.0052,14316.28
2024-08-11,Vikas Marg,20,Sunday,6,1,1,24185,194,53.6082,2.0052,14316.28
2024-08-11,Vikas Marg,21,Sunday,6,1,0,21502,194,53.6082,2.0052,14316.28
2024-08-11,Vikas Marg,22,Sunday,6,1,0,24187,194,53.6082,2.0052,14316.28
2024-08-11,Vikas Marg,23,Sunday,6,1,0,23295,194,53.6082,2.0052,14316.28
2024-08-11,Africa Avenue,0,Sunday,6,1,0,21611,164,48.25,3.061,8464.09
2024-08-11,Africa Avenue,1,Sunday,6,1,0,17123,164,48.25,3.061,8464.09
2024-08-11,Africa Avenue,2,Sunday,6,1,0,13964,164,48.25,3.061,8464.09
2024-08-11,Africa Avenue,3,Sunday,6,1,0,11248,164,48.25,3.061,8464.09
2024-08-11,Africa Avenue,4,Sunday,6,1,0,6913,164,48.25,3.061,8464.09
2024-08-11,Africa Avenue,5,Sunday,6,1,0,8192,164,48.25,3.061,8464.09
2024-08-11,Africa Avenue,6,Sunday,6,1,0,7235,164,48.25,3.061,8464.09
2024-08-11,Africa Avenue,7,Sunday,6,1,1,9836,164,48.25,3.061,8464.09
2024-08-11,Africa Avenue,8,Sunday,6,1,1,11245,164,48.25,3.061,8464.09
2024-08-11,Africa Avenue,9,Sunday,6,1,1,14056,164,48.25,3.061,8464.09
2024-08-11,Africa Avenue,10,Sunday,6,1,0,18722,164,48.25,3.061,8464.09
2024-08-11,Africa Avenue,11,Sunday,6,1,0,25653,164,48.25,3.061,8464.09
2024-08-11,Africa Avenue,12,Sunday,6,1,0,33210,164,48.25,3.061,8464.09
2024-08-11,Africa Avenue,13,Sunday,6,1,0,40329,164,48.25,3.061,8464.09
2024-08-11,Africa Avenue,14,Sunday,6,1,0,45866,164,48.25,3.061,8464.09
2024-08-11,Africa Avenue,15,Sunday,6,1,0,45205,164,48.25,3.061,8464.09
2024-08-11,Africa Avenue,16,Sunday,6,1,0,40315,164,48.25,3.061,8464.09
2024-08-11,Africa Avenue,17,Sunday,6,1,1,35287,164,48.25,3.061,8464.09
2024-08-11,Africa Avenue,18,Sunday,6,1,1,36700,164,48.25,3.061,8464.09
2024-08-11,Africa Avenue,19,Sunday,6,1,1,32502,164,48.25,3.061,8464.09
2024-08-11,Africa Avenue,20,Sunday,6,1,1,27926,164,48.25,3.061,8464.09
2024-08-11,Africa Avenue,21,Sunday,6,1,0,25253,164,48.25,3.061,8464.09
2024-08-11,Africa Avenue,22,Sunday,6,1,0,16877,164,48.25,3.061,8464.09
2024-08-11,Africa Avenue,23,Sunday,6,1,0,12022,164,48.25,3.061,8464.09
2024-08-11,Sardar Patel Marg,0,Sunday,6,1,0,36064,153,52.8758,1.8954,9624.01
2024-08-11,Sardar Patel Marg,1,Sunday,6,1,0,25825,153,52.8758,1.8954,9624.01
2024-08-11,Sardar Patel Marg,2,Sunday,6,1,0,17036,153,52.8758,1.8954,9624.01
2024-08-11,Sardar Patel Marg,3,Sunday,6,1,0,17736,153,52.8758,1.8954,9624.01
2024-08-11,Sardar Patel Marg,4,Sunday,6,1,0,17943,153,52.8758,1.8954,9624.01
2024-08-11,Sardar Patel Marg,5,Sunday,6,1,0,19446,153,52.8758,1.8954,9624.01
2024-08-11,Sardar Patel Marg,6,Sunday,6,1,0,24617,153,52.8758,1.8954,9624.01
2024-08-11,Sardar Patel Marg,7,Sunday,6,1,1,20490,153,52.8758,1.8954,9624.01
2024-08-11,Sardar Patel Marg,8,Sunday,6,1,1,23983,153,52.8758,1.8954,9624.01
2024-08-11,Sardar Patel Marg,9,Sunday,6,1,1,26163,153,52.8758,1.8954,9624.01
2024-08-11,Sardar Patel Marg,10,Sunday,6,1,0,32164,153,52.8758,1.8954,9624.01
2024-08-11,Sardar Patel Marg,11,Sunday,6,1,0,47553,153,52.8758,1.8954,9624.01
2024-08-11,Sardar Patel Marg,12,Sunday,6,1,0,50791,153,52.8758,1.8954,9624.01
2024-08-11,Sardar Patel Marg,13,Sunday,6,1,0,63737,153,52.8758,1.8954,9624.01
2024-08-11,Sardar Patel Marg,14,Sunday,6,1,0,74690,153,52.8758,1.8954,9624.01
2024-08-11,Sardar Patel Marg,15,Sunday,6,1,0,77886,153,52.8758,1.8954,9624.01
2024-08-11,Sardar Patel Marg,16,Sunday,6,1,0,58247,153,52.8758,1.8954,9624.01
2024-08-11,Sardar Patel Marg,17,Sunday,6,1,1,53140,153,52.8758,1.8954,9624.01
2024-08-11,Sardar Patel Marg,18,Sunday,6,1,1,42110,153,52.8758,1.8954,9624.01
2024-08-11,Sardar Patel Marg,19,Sunday,6,1,1,47791,153,52.8758,1.8954,9624.01
2024-08-11,Sardar Patel Marg,20,Sunday,6,1,1,38683,153,52.8758,1.8954,9624.01
2024-08-11,Sardar Patel Marg,21,Sunday,6,1,0,33646,153,52.8758,1.8954,9624.01
2024-08-11,Sardar Patel Marg,22,Sunday,6,1,0,29094,153,52.8758,1.8954,9624.01
2024-08-11,Sardar Patel Marg,23,Sunday,6,1,0,23965,153,52.8758,1.8954,9624.01
2024-08-11,Noida Link Road,0,Sunday,6,1,0,19499,114,51.8421,2.3947,6981.29
2024-08-11,Noida Link Road,1,Sunday,6,1,0,12174,114,51.8421,2.3947,6981.29
2024-08-11,Noida Link Road,2,Sunday,6,1,0,12180,114,51.8421,2.3947,6981.29
2024-08-11,Noida Link Road,3,Sunday,6,1,0,5697,114,51.8421,2.3947,6981.29
2024-08-11,Noida Link Road,4,Sunday,6,1,0,5679,114,51.8421,2.3947,6981.29
2024-08-11,Noida Link Road,5,Sunday,6,1,0,9153,114,51.8421,2.3947,6981.29
2024-08-11,Noida Link Road,6,Sunday,6,1,0,10683,114,51.8421,2.3947,6981.29
2024-08-11,Noida Link Road,7,Sunday,6,1,1,10390,114,51.8421,2.3947,6981.29
2024-08-11,Noida Link Road,8,Sunday,6,1,1,10855,114,51.8421,2.3947,6981.29
2024-08-11,Noida Link Road,9,Sunday,6,1,1,15485,114,51.8421,2.3947,6981.29
2024-08-11,Noida Link Road,10,Sunday,6,1,0,19971,114,51.8421,2.3947,6981.29
2024-08-11,Noida Link Road,11,Sunday,6,1,0,29728,114,51.8421,2.3947,6981.29
2024-08-11,Noida Link Road,12,Sunday,6,1,0,37771,114,51.8421,2.3947,6981.29
2024-08-11,Noida Link Road,13,Sunday,6,1,0,44442,114,51.8421,2.3947,6981.29
2024-08-11,Noida Link Road,14,Sunday,6,1,0,47898,114,51.8421,2.3947,6981.29
2024-08-11,Noida Link Road,15,Sunday,6,1,0,41369,114,51.8421,2.3947,6981.29
2024-08-11,Noida Link Road,16,Sunday,6,1,0,35129,114,51.8421,2.3947,6981.29
2024-08-11,Noida Link Road,17,Sunday,6,1,1,37228,114,51.8421,2.3947,6981.29
2024-08-11,Noida Link Road,18,Sunday,6,1,1,33304,114,51.8421,2.3947,6981.29
2024-08-11,Noida Link Road,19,Sunday,6,1,1,30494,114,51.8421,2.3947,6981.29
2024-08-11,Noida Link Road,20,Sunday,6,1,1,28033,114,51.8421,2.3947,6981.29
2024-08-11,Noida Link Road,21,Sunday,6,1,0,21631,114,51.8421,2.3947,6981.29
2024-08-11,Noida Link Road,22,Sunday,6,1,0,19361,114,51.8421,2.3947,6981.29
2024-08-11,Noida Link Road,23,Sunday,6,1,0,15093,114,51.8421,2.3947,6981.29
2024-08-12,Mahatma Gandhi Marg,0,Monday,0,0,0,159137,1052,52.443,1.5722,62245.45
2024-08-12,Mahatma Gandhi Marg,1,Monday,0,0,0,113849,1052,52.443,1.5722,62245.45
2024-08-12,Mahatma Gandhi Marg,2,Monday,0,0,0,76526,1052,52.443,1.5722,62245.45
2024-08-12,Mahatma Gandhi Marg,3,Monday,0,0,0,66294,1052,52.443,1.5722,62245.45
2024-08-12,Mahatma Gandhi Marg,4,Monday,0,0,0,72835,1052,52.443,1.5722,62245.45
2024-08-12,Mahatma Gandhi Marg,5,Monday,0,0,0,98710,1052,52.443,1.5722,62245.45
2024-08-12,Mahatma Gandhi Marg,6,Monday,0,0,0,163320,1052,52.443,1.5722,62245.45
2024-08-12,Mahatma Gandhi Marg,7,Monday,0,0,1,293702,1052,52.443,1.5722,62245.45
2024-08-12,Mahatma Gandhi Marg,8,Monday,0,0,1,430298,1052,52.443,1.5722,62245.45
2024-08-12,Mahatma Gandhi Marg,9,Monday,0,0,1,468282,1052,52.443,1.5722,62245.45
2024-08-12,Mahatma Gandhi Marg,10,Monday,0,0,0,497619,1052,52.443,1.5722,62245.45
2024-08-12,Mahatma Gandhi Marg,11,Monday,0,0,0,411193,1052,52.443,1.5722,62245.45
2024-08-12,Mahatma Gandhi Marg,12,Monday,0,0,0,453586,1052,52.443,1.5722,62245.45
2024-08-12,Mahatma Gandhi Marg,13,Monday,0,0,0,436305,1052,52.443,1.5722,62245.45
2024-08-12,Mahatma Gandhi Marg,14,Monday,0,0,0,347305,1052,52.443,1.5722,62245.45
2024-08-12,Mahatma Gandhi Marg,15,Monday,0,0,0,331310,1052,52.443,1.5722,62245.45
2024-08-12,Mahatma Gandhi Marg,16,Monday,0,0,0,412786,1052,52.443,1.5722,62245.45
2024-08-12,Mahatma Gandhi Marg,17,Monday,0,0,1,458237,1052,52.443,1.5722,62245.45
2024-08-12,Mahatma Gandhi Marg,18,Monday,0,0,1,473264,1052,52.443,1.5722,62245.45
2024-08-12,Mahatma Gandhi Marg,19,Monday,0,0,1,458710,1052,52.443,1.5722,62245.45
2024-08-12,Mahatma Gandhi Marg,20,Monday,0,0,1,470506,1052,52.443,1.5722,62245.45
2024-08-12,Mahatma Gandhi Marg,21,Monday,0,0,0,435000,1052,52.443,1.5722,62245.45
2024-08-12,Mahatma Gandhi Marg,22,Monday,0,0,0,338880,1052,52.443,1.5722,62245.45
2024-08-12,Mahatma Gandhi Marg,23,Monday,0,0,0,235168,1052,52.443,1.5722,62245.45
2024-08-12,Mathura Road,0,Monday,0,0,0,52721,759,49.1331,1.9763,50900.63
2024-08-12,Mathura Road,1,Monday,0,0,0,30849,759,49.1331,1.9763,50900.63
2024-08-12,Mathura Road,2,Monday,0,0,0,20776,759,49.1331,1.9763,50900.63
2024-08-12,Mathura Road,3,Monday,0,0,0,14945,759,49.1331,1.9763,50900.63
2024-08-12,Mathura Road,4,Monday,0,0,0,26390,759,49.1331,1.9763,50900.63
2024-08-12,Mathura Road,5,Monday,0,0,0,38099,759,49.1331,1.9763,50900.63
2024-08-12,Mathura Road,6,Monday,0,0,0,58476,759,49.1331,1.9763,50900.63
2024-08-12,Mathura Road,7,Monday,0,0,1,80437,759,49.1331,1.9763,50900.63
2024-08-12,Mathura Road,8,Monday,0,0,1,146866,759,49.1331,1.9763,50900.63
2024-08-12,Mathura Road,9,Monday,0,0,1,176328,759,49.1331,1.9763,50900.63
2024-08-12,Mathura Road,10,Monday,0,0,0,185454,759,49.1331,1.9763,50900.63
2024-08-12,Mathura Road,11,Monday,0,0,0,157328,759,49.1331,1.9763,50900.63
2024-08-12,Mathura Road,12,Monday,0,0,0,160379,759,49.1331,1.9763,50900.63
2024-08-12,Mathura Road,13,Monday,0,0,0,135025,759,49.1331,1.9763,50900.63
2024-08-12,Mathura Road,14,Monday,0,0,0,130339,759,49.1331,1.9763,50900.63
2024-08-12,Mathura Road,15,Monday,0,0,0,158078,759,49.1331,1.9763,50900.63
2024-08-12,Mathura Road,16,Monday,0,0,0,187936,759,49.1331,1.9763,50900.63
2024-08-12,Mathura Road,17,Monday,0,0,1,196383,759,49.1331,1.9763,50900.63
2024-08-12,Mathura Road,18,Monday,0,0,1,191422,759,49.1331,1.9763,50900.63
2024-08-12,Mathura Road,19,Monday,0,0,1,181424,759,49.1331,1.9763,50900.63
2024-08-12,Mathura Road,20,Monday,0,0,1,170697,759,49.1331,1.9763,50900.63
2024-08-12,Mathura Road,21,Monday,0,0,0,156082,759,49.1331,1.9763,50900.63
2024-08-12,Mathura Road,22,Monday,0,0,0,121301,759,49.1331,1.9763,50900.63
2024-08-12,Mathura Road,23,Monday,0,0,0,89167,759,49.1331,1.9763,50900.63
2024-08-12,Outer Ring Road,0,Monday,0,0,0,94682,712,46.8048,2.4593,43347.7
2024-08-12,Outer Ring Road,1,Monday,0,0,0,65184,712,46.8048,2.4593,43347.7
2024-08-12,Outer Ring Road,2,Monday,0,0,0,42713,712,46.8048,2.4593,43347.7
2024-08-12,Outer Ring Road,3,Monday,0,0,0,40730,712,46.8048,2.4593,43347.7
2024-08-12,Outer Ring Road,4,Monday,0,0,0,44971,712,46.8048,2.4593,43347.7
2024-08-12,Outer Ring Road,5,Monday,0,0,0,53052,712,46.8048,2.4593,43347.7
2024-08-12,Outer Ring Road,6,Monday,0,0,0,77796,712,46.8048,2.4593,43347.7
2024-08-12,Outer Ring Road,7,Monday,0,0,1,145075,712,46.8048,2.4593,43347.7
2024-08-12,Outer Ring Road,8,Monday,0,0,1,239492,712,46.8048,2.4593,43347.7
2024-08-12,Outer Ring Road,9,Monday,0,0,1,293061,712,46.8048,2.4593,43347.7
2024-08-12,Outer Ring Road,10,Monday,0,0,0,297562,712,46.8048,2.4593,43347.7
2024-08-12,Outer Ring Road,11,Monday,0,0,0,261147,712,46.8048,2.4593,43347.7
2024-08-12,Outer Ring Road,12,Monday,0,0,0,272936,712,46.8048,2.4593,43347.7
2024-08-12,Outer Ring Road,13,Monday,0,0,0,250688,712,46.8048,2.4593,43347.7
2024-08-12,Outer Ring Road,14,Monday,0,0,0,200745,712,46.8048,2.4593,43347.7
2024-08-12,Outer Ring Road,15,Monday,0,0,0,274692,712,46.8048,2.4593,43347.7
2024-08-12,Outer Ring Road,16,Monday,0,0,0,366628,712,46.8048,2.4593,43347.7
2024-08-12,Outer Ring Road,17,Monday,0,0,1,357564,712,46.8048,2.4593,43347.7
2024-08-12,Outer Ring Road,18,Monday,0,0,1,308554,712,46.8048,2.4593,43347.7
2024-08-12,Outer Ring Road,19,Monday,0,0,1,296145,712,46.8048,2.4593,43347.7
2024-08-12,Outer Ring Road,20,Monday,0,0,1,310750,712,46.8048,2.4593,43347.7
2024-08-12,Outer Ring Road,21,Monday,0,0,0,268547,712,46.8048,2.4593,43347.7
2024-08-12,Outer Ring Road,22,Monday,0,0,0,205409,712,46.8048,2.4593,43347.7
2024-08-12,Outer Ring Road,23,Monday,0,0,0,163105,712,46.8048,2.4593,43347.7
2024-08-12,Aurobindo Marg,0,Monday,0,0,0,48803,378,49.709,1.8783,17962.91
2024-08-12,Aurobindo Marg,1,Monday,0,0,0,30210,378,49.709,1.8783,17962.91
2024-08-12,Aurobindo Marg,2,Monday,0,0,0,20370,378,49.709,1.8783,17962.91
2024-08-12,Aurobindo Marg,3,Monday,0,0,0,13458,378,49.709,1.8783,17962.91
2024-08-12,Aurobindo Marg,4,Monday,0,0,0,14970,378,49.709,1.8783,17962.91
2024-08-12,Aurobindo Marg,5,Monday,0,0,0,24822,378,49.709,1.8783,17962.91
2024-08-12,Aurobindo Marg,6,Monday,0,0,0,30181,378,49.709,1.8783,17962.91
2024-08-12,Aurobindo Marg,7,Monday,0,0,1,63220,378,49.709,1.8783,17962.91
2024-08-12,Aurobindo Marg,8,Monday,0,0,1,108102,378,49.709,1.8783,17962.91
2024-08-12,Aurobindo Marg,9,Monday,0,0,1,142259,378,49.709,1.8783,17962.91
2024-08-12,Aurobindo Marg,10,Monday,0,0,0,137428,378,49.709,1.8783,17962.91
2024-08-12,Aurobindo Marg,11,Monday,0,0,0,112125,378,49.709,1.8783,17962.91
2024-08-12,Aurobindo Marg,12,Monday,0,0,0,119880,378,49.709,1.8783,17962.91
2024-08-12,Aurobindo Marg,13,Monday,0,0,0,98490,378,49.709,1.8783,17962.91
2024-08-12,Aurobindo Marg,14,Monday,0,0,0,103212,378,49.709,1.8783,17962.91
2024-08-12,Aurobindo Marg,15,Monday,0,0,0,133729,378,49.709,1.8783,17962.91
2024-08-12,Aurobindo Marg,16,Monday,0,0,0,156024,378,49.709,1.8783,17962.91
2024-08-12,Aurobindo Marg,17,Monday,0,0,1,148959,378,49.709,1.8783,17962.91
2024-08-12,Aurobindo Marg,18,Monday,0,0,1,139531,378,49.709,1.8783,17962.91
2024-08-12,Aurobindo Marg,19,Monday,0,0,1,139653,378,49.709,1.8783,17962.91
2024-08-12,Aurobindo Marg,20,Monday,0,0,1,137571,378,49.709,1.8783,17962.91
2024-08-12,Aurobindo Marg,21,Monday,0,0,0,112126,378,49.709,1.8783,17962.91
2024-08-12,Aurobindo Marg,22,Monday,0,0,0,92372,378,49.709,1.8783,17962.91
2024-08-12,Aurobindo Marg,23,Monday,0,0,0,76254,378,49.709,1.8783,17962.91
2024-08-12,Mehrauli Badarpur Road,0,Monday,0,0,0,12197,370,49.5622,2.0081,24206.35
2024-08-12,Mehrauli Badarpur Road,1,Monday,0,0,0,8577,370,49.5622,2.0081,24206.35
2024-08-12,Mehrauli Badarpur Road,2,Monday,0,0,0,5968,370,49.5622,2.0081,24206.35
2024-08-12,Mehrauli Badarpur Road,3,Monday,0,0,0,4373,370,49.5622,2.0081,24206.35
2024-08-12,Mehrauli Badarpur Road,4,Monday,0,0,0,4848,370,49.5622,2.0081,24206.35
2024-08-12,Mehrauli Badarpur Road,5,Monday,0,0,0,5877,370,49.5622,2.0081,24206.35
2024-08-12,Mehrauli Badarpur Road,6,Monday,0,0,0,9441,370,49.5622,2.0081,24206.35
2024-08-12,Mehrauli Badarpur Road,7,Monday,0,0,1,17133,370,49.5622,2.0081,24206.35
2024-08-12,Mehrauli Badarpur Road,8,Monday,0,0,1,27353,370,49.5622,2.0081,24206.35
2024-08-12,Mehrauli Badarpur Road,9,Monday,0,0,1,36934,370,49.5622,2.0081,24206.35
2024-08-12,Mehrauli Badarpur Road,10,Monday,0,0,0,38764,370,49.5622,2.0081,24206.35
2024-08-12,Mehrauli Badarpur Road,11,Monday,0,0,0,41583,370,49.5622,2.0081,24206.35
2024-08-12,Mehrauli Badarpur Road,12,Monday,0,0,0,43345,370,49.5622,2.0081,24206.35
2024-08-12,Mehrauli Badarpur Road,13,Monday,0,0,0,35256,370,49.5622,2.0081,24206.35
2024-08-12,Mehrauli Badarpur Road,14,Monday,0,0,0,28860,370,49.5622,2.0081,24206.35
2024-08-12,Mehrauli Badarpur Road,15,Monday,0,0,0,29320,370,49.5622,2.0081,24206.35
2024-08-12,Mehrauli Badarpur Road,16,Monday,0,0,0,40747,370,49.5622,2.0081,24206.35
2024-08-12,Mehrauli Badarpur Road,17,Monday,0,0,1,54735,370,49.5622,2.0081,24206.35
2024-08-12,Mehrauli Badarpur Road,18,Monday,0,0,1,50836,370,49.5622,2.0081,24206.35
2024-08-12,Mehrauli Badarpur Road,19,Monday,0,0,1,41903,370,49.5622,2.0081,24206.35
2024-08-12,Mehrauli Badarpur Road,20,Monday,0,0,1,40613,370,49.5622,2.0081,24206.35
2024-08-12,Mehrauli Badarpur Road,21,Monday,0,0,0,40844,370,49.5622,2.0081,24206.35
2024-08-12,Mehrauli Badarpur Road,22,Monday,0,0,0,36047,370,49.5622,2.0081,24206.35
2024-08-12,Mehrauli Badarpur Road,23,Monday,0,0,0,30846,370,49.5622,2.0081,24206.35
2024-08-12,Barapullah Road,0,Monday,0,0,0,23906,218,45.2661,1.3761,16478.62
2024-08-12,Barapullah Road,1,Monday,0,0,0,15110,218,45.2661,1.3761,16478.62
2024-08-12,Barapullah Road,2,Monday,0,0,0,9352,218,45.2661,1.3761,16478.62
2024-08-12,Barapullah Road,3,Monday,0,0,0,8852,218,45.2661,1.3761,16478.62
2024-08-12,Barapullah Road,4,Monday,0,0,0,10334,218,45.2661,1.3761,16478.62
2024-08-12,Barapullah Road,5,Monday,0,0,0,12324,218,45.2661,1.3761,16478.62
2024-08-12,Barapullah Road,6,Monday,0,0,0,21031,218,45.2661,1.3761,16478.62
2024-08-12,Barapullah Road,7,Monday,0,0,1,48683,218,45.2661,1.3761,16478.62
2024-08-12,Barapullah Road,8,Monday,0,0,1,76661,218,45.2661,1.3761,16478.62
2024-08-12,Barapullah Road,9,Monday,0,0,1,78757,218,45.2661,1.3761,16478.62
2024-08-12,Barapullah Road,10,Monday,0,0,0,84783,218,45.2661,1.3761,16478.62
2024-08-12,Barapullah Road,11,Monday,0,0,0,82885,218,45.2661,1.3761,16478.62
2024-08-12,Barapullah Road,12,Monday,0,0,0,84586,218,45.2661,1.3761,16478.62
2024-08-12,Barapullah Road,13,Monday,0,0,0,67595,218,45.2661,1.3761,16478.62
2024-08-12,Barapullah Road,14,Monday,0,0,0,74583,218,45.2661,1.3761,16478.62
2024-08-12,Barapullah Road,15,Monday,0,0,0,79084,218,45.2661,1.3761,16478.62
2024-08-12,Barapullah Road,16,Monday,0,0,0,94727,218,45.2661,1.3761,16478.62
2024-08-12,Barapullah Road,17,Monday,0,0,1,106189,218,45.2661,1.3761,16478.62
2024-08-12,Barapullah Road,18,Monday,0,0,1,77560,218,45.2661,1.3761,16478.62
2024-08-12,Barapullah Road,19,Monday,0,0,1,78813,218,45.2661,1.3761,16478.62
2024-08-12,Barapullah Road,20,Monday,0,0,1,73891,218,45.2661,1.3761,16478.62
2024-08-12,Barapullah Road,21,Monday,0,0,0,57880,218,45.2661,1.3761,16478.62
2024-08-12,Barapullah Road,22,Monday,0,0,0,45242,218,45.2661,1.3761,16478.62
2024-08-12,Barapullah Road,23,Monday,0,0,0,36060,218,45.2661,1.3761,16478.62
2024-08-12,Vikas Marg,0,Monday,0,0,0,17064,194,53.6082,2.0052,14316.28
2024-08-12,Vikas Marg,1,Monday,0,0,0,10706,194,53.6082,2.0052,14316.28
2024-08-12,Vikas Marg,2,Monday,0,0,0,6598,194,53.6082,2.0052,14316.28
2024-08-12,Vikas Marg,3,Monday,0,0,0,5726,194,53.6082,2.0052,14316.28
2024-08-12,Vikas Marg,4,Monday,0,0,0,7810,194,53.6082,2.0052,14316.28
2024-08-12,Vikas Marg,5,Monday,0,0,0,15039,194,53.6082,2.0052,14316.28
2024-08-12,Vikas Marg,6,Monday,0,0,0,16572,194,53.6082,2.0052,14316.28
2024-08-12,Vikas Marg,7,Monday,0,0,1,18861,194,53.6082,2.0052,14316.28
2024-08-12,Vikas Marg,8,Monday,0,0,1,31626,194,53.6082,2.0052,14316.28
2024-08-12,Vikas Marg,9,Monday,0,0,1,34817,194,53.6082,2.0052,14316.28
2024-08-12,Vikas Marg,10,Monday,0,0,0,35273,194,53.6082,2.0052,14316.28
2024-08-12,Vikas Marg,11,Monday,0,0,0,30244,194,53.6082,2.0052,14316.28
2024-08-12,Vikas Marg,12,Monday,0,0,0,34491,194,53.6082,2.0052,14316.28
2024-08-12,Vikas Marg,13,Monday,0,0,0,35565,194,53.6082,2.0052,14316.28
2024-08-12,Vikas Marg,14,Monday,0,0,0,29990,194,53.6082,2.0052,14316.28
2024-08-12,Vikas Marg,15,Monday,0,0,0,34918,194,53.6082,2.0052,14316.28
2024-08-12,Vikas Marg,16,Monday,0,0,0,44740,194,53.6082,2.0052,14316.28
2024-08-12,Vikas Marg,17,Monday,0,0,1,44044,194,53.6082,2.0052,14316.28
2024-08-12,Vikas Marg,18,Monday,0,0,1,44821,194,53.6082,2.0052,14316.28
2024-08-12,Vikas Marg,19,Monday,0,0,1,40727,194,53.6082,2.0052,14316.28
2024-08-12,Vikas Marg,20,Monday,0,0,1,38716,194,53.6082,2.0052,14316.28
2024-08-12,Vikas Marg,21,Monday,0,0,0,38945,194,53.6082,2.0052,14316.28
2024-08-12,Vikas Marg,22,Monday,0,0,0,33324,194,53.6082,2.0052,14316.28
2024-08-12,Vikas Marg,23,Monday,0,0,0,32136,194,53.6082,2.0052,14316.28
2024-08-12,Africa Avenue,0,Monday,0,0,0,9419,164,48.25,3.061,8464.09
2024-08-12,Africa Avenue,1,Monday,0,0,0,6058,164,48.25,3.061,8464.09
2024-08-12,Africa Avenue,2,Monday,0,0,0,4106,164,48.25,3.061,8464.09
2024-08-12,Africa Avenue,3,Monday,0,0,0,2923,164,48.25,3.061,8464.09
2024-08-12,Africa Avenue,4,Monday,0,0,0,3586,164,48.25,3.061,8464.09
2024-08-12,Africa Avenue,5,Monday,0,0,0,3659,164,48.25,3.061,8464.09
2024-08-12,Africa Avenue,6,Monday,0,0,0,6728,164,48.25,3.061,8464.09
2024-08-12,Africa Avenue,7,Monday,0,0,1,17477,164,48.25,3.061,8464.09
2024-08-12,Africa Avenue,8,Monday,0,0,1,29760,164,48.25,3.061,8464.09
2024-08-12,Africa Avenue,9,Monday,0,0,1,36362,164,48.25,3.061,8464.09
2024-08-12,Africa Avenue,10,Monday,0,0,0,39273,164,48.25,3.061,8464.09
2024-08-12,Africa Avenue,11,Monday,0,0,0,37757,164,48.25,3.061,8464.09
2024-08-12,Africa Avenue,12,Monday,0,0,0,37120,164,48.25,3.061,8464.09
2024-08-12,Africa Avenue,13,Monday,0,0,0,39485,164,48.25,3.061,8464.09
2024-08-12,Africa Avenue,14,Monday,0,0,0,33054,164,48.25,3.061,8464.09
2024-08-12,Africa Avenue,15,Monday,0,0,0,37786,164,48.25,3.061,8464.09
2024-08-12,Africa Avenue,16,Monday,0,0,0,46052,164,48.25,3.061,8464.09
2024-08-12,Africa Avenue,17,Monday,0,0,1,43503,164,48.25,3.061,8464.09
2024-08-12,Africa Avenue,18,Monday,0,0,1,38737,164,48.25,3.061,8464.09
2024-08-12,Africa Avenue,19,Monday,0,0,1,36047,164,48.25,3.061,8464.09
2024-08-12,Africa Avenue,20,Monday,0,0,1,36630,164,48.25,3.061,8464.09
2024-08-12,Africa Avenue,21,Monday,0,0,0,30319,164,48.25,3.061,8464.09
2024-08-12,Africa Avenue,22,Monday,0,0,0,20513,164,48.25,3.061,8464.09
2024-08-12,Africa Avenue,23,Monday,0,0,0,13758,164,48.25,3.061,8464.09
2024-08-12,Sardar Patel Marg,0,Monday,0,0,0,20419,153,52.8758,1.8954,9624.01
2024-08-12,Sardar Patel Marg,1,Monday,0,0,0,12124,153,52.8758,1.8954,9624.01
2024-08-12,Sardar Patel Marg,2,Monday,0,0,0,8057,153,52.8758,1.8954,9624.01
2024-08-12,Sardar Patel Marg,3,Monday,0,0,0,7474,153,52.8758,1.8954,9624.01
2024-08-12,Sardar Patel Marg,4,Monday,0,0,0,10888,153,52.8758,1.8954,9624.01
2024-08-12,Sardar Patel Marg,5,Monday,0,0,0,18038,153,52.8758,1.8954,9624.01
2024-08-12,Sardar Patel Marg,6,Monday,0,0,0,22602,153,52.8758,1.8954,9624.01
2024-08-12,Sardar Patel Marg,7,Monday,0,0,1,40861,153,52.8758,1.8954,9624.01
2024-08-12,Sardar Patel Marg,8,Monday,0,0,1,43880,153,52.8758,1.8954,9624.01
2024-08-12,Sardar Patel Marg,9,Monday,0,0,1,52990,153,52.8758,1.8954,9624.01
2024-08-12,Sardar Patel Marg,10,Monday,0,0,0,56216,153,52.8758,1.8954,9624.01
2024-08-12,Sardar Patel Marg,11,Monday,0,0,0,54969,153,52.8758,1.8954,9624.01
2024-08-12,Sardar Patel Marg,12,Monday,0,0,0,61080,153,52.8758,1.8954,9624.01
2024-08-12,Sardar Patel Marg,13,Monday,0,0,0,60489,153,52.8758,1.8954,9624.01
2024-08-12,Sardar Patel Marg,14,Monday,0,0,0,49962,153,52.8758,1.8954,9624.01
2024-08-12,Sardar Patel Marg,15,Monday,0,0,0,58554,153,52.8758,1.8954,9624.01
2024-08-12,Sardar Patel Marg,16,Monday,0,0,0,66202,153,52.8758,1.8954,9624.01
2024-08-12,Sardar Patel Marg,17,Monday,0,0,1,67972,153,52.8758,1.8954,9624.01
2024-08-12,Sardar Patel Marg,18,Monday,0,0,1,65099,153,52.8758,1.8954,9624.01
2024-08-12,Sardar Patel Marg,19,Monday,0,0,1,57470,153,52.8758,1.8954,9624.01
2024-08-12,Sardar Patel Marg,20,Monday,0,0,1,57750,153,52.8758,1.8954,9624.01
2024-08-12,Sardar Patel Marg,21,Monday,0,0,0,48877,153,52.8758,1.8954,9624.01
2024-08-12,Sardar Patel Marg,22,Monday,0,0,0,39061,153,52.8758,1.8954,9624.01
2024-08-12,Sardar Patel Marg,23,Monday,0,0,0,28242,153,52.8758,1.8954,9624.01
2024-08-12,Noida Link Road,0,Monday,0,0,0,9752,114,51.8421,2.3947,6981.29
2024-08-12,Noida Link Road,1,Monday,0,0,0,5097,114,51.8421,2.3947,6981.29
2024-08-12,Noida Link Road,2,Monday,0,0,0,4600,114,51.8421,2.3947,6981.29
2024-08-12,Noida Link Road,3,Monday,0,0,0,4154,114,51.8421,2.3947,6981.29
2024-08-12,Noida Link Road,4,Monday,0,0,0,4327,114,51.8421,2.3947,6981.29
2024-08-12,Noida Link Road,5,Monday,0,0,0,9375,114,51.8421,2.3947,6981.29
2024-08-12,Noida Link Road,6,Monday,0,0,0,10349,114,51.8421,2.3947,6981.29
2024-08-12,Noida Link Road,7,Monday,0,0,1,16847,114,51.8421,2.3947,6981.29
2024-08-12,Noida Link Road,8,Monday,0,0,1,32654,114,51.8421,2.3947,6981.29
2024-08-12,Noida Link Road,9,Monday,0,0,1,40988,114,51.8421,2.3947,6981.29
2024-08-12,Noida Link Road,10,Monday,0,0,0,39167,114,51.8421,2.3947,6981.29
2024-08-12,Noida Link Road,11,Monday,0,0,0,29812,114,51.8421,2.3947,6981.29
2024-08-12,Noida Link Road,12,Monday,0,0,0,34029,114,51.8421,2.3947,6981.29
2024-08-12,Noida Link Road,13,Monday,0,0,0,34480,114,51.8421,2.3947,6981.29
2024-08-12,Noida Link Road,14,Monday,0,0,0,35987,114,51.8421,2.3947,6981.29
2024-08-12,Noida Link Road,15,Monday,0,0,0,37344,114,51.8421,2.3947,6981.29
2024-08-12,Noida Link Road,16,Monday,0,0,0,44317,114,51.8421,2.3947,6981.29
2024-08-12,Noida Link Road,17,Monday,0,0,1,47300,114,51.8421,2.3947,6981.29
2024-08-12,Noida Link Road,18,Monday,0,0,1,48897,114,51.8421,2.3947,6981.29
2024-08-12,Noida Link Road,19,Monday,0,0,1,46296,114,51.8421,2.3947,6981.29
2024-08-12,Noida Link Road,20,Monday,0,0,1,43344,114,51.8421,2.3947,6981.29
2024-08-12,Noida Link Road,21,Monday,0,0,0,30024,114,51.8421,2.3947,6981.29
2024-08-12,Noida Link Road,22,Monday,0,0,0,24641,114,51.8421,2.3947,6981.29
2024-08-12,Noida Link Road,23,Monday,0,0,0,19961,114,51.8421,2.3947,6981.29
2024-08-13,Mahatma Gandhi Marg,0,Tuesday,1,0,0,179513,1052,52.443,1.5722,62245.45
2024-08-13,Mahatma Gandhi Marg,1,Tuesday,1,0,0,142751,1052,52.443,1.5722,62245.45
2024-08-13,Mahatma Gandhi Marg,2,Tuesday,1,0,0,106259,1052,52.443,1.5722,62245.45
2024-08-13,Mahatma Gandhi Marg,3,Tuesday,1,0,0,98682,1052,52.443,1.5722,62245.45
2024-08-13,Mahatma Gandhi Marg,4,Tuesday,1,0,0,117613,1052,52.443,1.5722,62245.45
2024-08-13,Mahatma Gandhi Marg,5,Tuesday,1,0,0,156711,1052,52.443,1.5722,62245.45
2024-08-13,Mahatma Gandhi Marg,6,Tuesday,1,0,0,210225,1052,52.443,1.5722,62245.45
2024-08-13,Mahatma Gandhi Marg,7,Tuesday,1,0,1,365840,1052,52.443,1.5722,62245.45
2024-08-13,Mahatma Gandhi Marg,8,Tuesday,1,0,1,481570,1052,52.443,1.5722,62245.45
2024-08-13,Mahatma Gandhi Marg,9,Tuesday,1,0,1,533228,1052,52.443,1.5722,62245.45
2024-08-13,Mahatma Gandhi Marg,10,Tuesday,1,0,0,574407,1052,52.443,1.5722,62245.45
2024-08-13,Mahatma Gandhi Marg,11,Tuesday,1,0,0,473144,1052,52.443,1.5722,62245.45
2024-08-13,Mahatma Gandhi Marg,12,Tuesday,1,0,0,455567,1052,52.443,1.5722,62245.45
2024-08-13,Mahatma Gandhi Marg,13,Tuesday,1,0,0,454982,1052,52.443,1.5722,62245.45
2024-08-13,Mahatma Gandhi Marg,14,Tuesday,1,0,0,440100,1052,52.443,1.5722,62245.45
2024-08-13,Mahatma Gandhi Marg,15,Tuesday,1,0,0,448924,1052,52.443,1.5722,62245.45
2024-08-13,Mahatma Gandhi Marg,16,Tuesday,1,0,0,500002,1052,52.443,1.5722,62245.45
2024-08-13,Mahatma Gandhi Marg,17,Tuesday,1,0,1,498008,1052,52.443,1.5722,62245.45
2024-08-13,Mahatma Gandhi Marg,18,Tuesday,1,0,1,478356,1052,52.443,1.5722,62245.45
2024-08-13,Mahatma Gandhi Marg,19,Tuesday,1,0,1,456206,1052,52.443,1.5722,62245.45
2024-08-13,Mahatma Gandhi Marg,20,Tuesday,1,0,1,464666,1052,52.443,1.5722,62245.45
2024-08-13,Mahatma Gandhi Marg,21,Tuesday,1,0,0,432816,1052,52.443,1.5722,62245.45
2024-08-13,Mahatma Gandhi Marg,22,Tuesday,1,0,0,375580,1052,52.443,1.5722,62245.45
2024-08-13,Mahatma Gandhi Marg,23,Tuesday,1,0,0,287574,1052,52.443,1.5722,62245.45
2024-08-13,Mathura Road,0,Tuesday,1,0,0,64150,759,49.1331,1.9763,50900.63
2024-08-13,Mathura Road,1,Tuesday,1,0,0,40613,759,49.1331,1.9763,50900.63
2024-08-13,Mathura Road,2,Tuesday,1,0,0,31839,759,49.1331,1.9763,50900.63
2024-08-13,Mathura Road,3,Tuesday,1,0,0,24808,759,49.1331,1.9763,50900.63
2024-08-13,Mathura Road,4,Tuesday,1,0,0,42187,759,49.1331,1.9763,50900.63
2024-08-13,Mathura Road,5,Tuesday,1,0,0,61569,759,49.1331,1.9763,50900.63
2024-08-13,Mathura Road,6,Tuesday,1,0,0,71526,759,49.1331,1.9763,50900.63
2024-08-13,Mathura Road,7,Tuesday,1,0,1,99700,759,49.1331,1.9763,50900.63
2024-08-13,Mathura Road,8,Tuesday,1,0,1,167163,759,49.1331,1.9763,50900.63
2024-08-13,Mathura Road,9,Tuesday,1,0,1,206837,759,49.1331,1.9763,50900.63
2024-08-13,Mathura Road,10,Tuesday,1,0,0,231844,759,49.1331,1.9763,50900.63
2024-08-13,Mathura Road,11,Tuesday,1,0,0,205025,759,49.1331,1.9763,50900.63
2024-08-13,Mathura Road,12,Tuesday,1,0,0,186032,759,49.1331,1.9763,50900.63
2024-08-13,Mathura Road,13,Tuesday,1,0,0,169750,759,49.1331,1.9763,50900.63
2024-08-13,Mathura Road,14,Tuesday,1,0,0,181073,759,49.1331,1.9763,50900.63
2024-08-13,Mathura Road,15,Tuesday,1,0,0,188995,759,49.1331,1.9763,50900.63
2024-08-13,Mathura Road,16,Tuesday,1,0,0,194846,759,49.1331,1.9763,50900.63
2024-08-13,Mathura Road,17,Tuesday,1,0,1,203537,759,49.1331,1.9763,50900.63
2024-08-13,Mathura Road,18,Tuesday,1,0,1,193405,759,49.1331,1.9763,50900.63
2024-08-13,Mathura Road,19,Tuesday,1,0,1,185875,759,49.1331,1.9763,50900.63
2024-08-13,Mathura Road,20,Tuesday,1,0,1,184791,759,49.1331,1.9763,50900.63
2024-08-13,Mathura Road,21,Tuesday,1,0,0,170233,759,49.1331,1.9763,50900.63
2024-08-13,Mathura Road,22,Tuesday,1,0,0,146821,759,49.1331,1.9763,50900.63
2024-08-13,Mathura Road,23,Tuesday,1,0,0,111348,759,49.1331,1.9763,50900.63
2024-08-13,Outer Ring Road,0,Tuesday,1,0,0,122734,712,46.8048,2.4593,43347.7
2024-08-13,Outer Ring Road,1,Tuesday,1,0,0,86271,712,46.8048,2.4593,43347.7
2024-08-13,Outer Ring Road,2,Tuesday,1,0,0,69011,712,46.8048,2.4593,43347.7
2024-08-13,Outer Ring Road,3,Tuesday,1,0,0,56337,712,46.8048,2.4593,43347.7
2024-08-13,Outer Ring Road,4,Tuesday,1,0,0,60109,712,46.8048,2.4593,43347.7
2024-08-13,Outer Ring Road,5,Tuesday,1,0,0,67182,712,46.8048,2.4593,43347.7
2024-08-13,Outer Ring Road,6,Tuesday,1,0,0,100083,712,46.8048,2.4593,43347.7
2024-08-13,Outer Ring Road,7,Tuesday,1,0,1,189174,712,46.8048,2.4593,43347.7
2024-08-13,Outer Ring Road,8,Tuesday,1,0,1,302748,712,46.8048,2.4593,43347.7
2024-08-13,Outer Ring Road,9,Tuesday,1,0,1,355522,712,46.8048,2.4593,43347.7
2024-08-13,Outer Ring Road,10,Tuesday,1,0,0,374994,712,46.8048,2.4593,43347.7
2024-08-13,Outer Ring Road,11,Tuesday,1,0,0,327003,712,46.8048,2.4593,43347.7
2024-08-13,Outer Ring Road,12,Tuesday,1,0,0,306432,712,46.8048,2.4593,43347.7
2024-08-13,Outer Ring Road,13,Tuesday,1,0,0,299873,712,46.8048,2.4593,43347.7
2024-08-13,Outer Ring Road,14,Tuesday,1,0,0,300990,712,46.8048,2.4593,43347.7
2024-08-13,Outer Ring Road,15,Tuesday,1,0,0,300466,712,46.8048,2.4593,43347.7
2024-08-13,Outer Ring Road,16,Tuesday,1,0,0,310371,712,46.8048,2.4593,43347.7
2024-08-13,Outer Ring Road,17,Tuesday,1,0,1,325505,712,46.8048,2.4593,43347.7
2024-08-13,Outer Ring Road,18,Tuesday,1,0,1,306303,712,46.8048,2.4593,43347.7
2024-08-13,Outer Ring Road,19,Tuesday,1,0,1,271965,712,46.8048,2.4593,43347.7
2024-08-13,Outer Ring Road,20,Tuesday,1,0,1,298007,712,46.8048,2.4593,43347.7
2024-08-13,Outer Ring Road,21,Tuesday,1,0,0,291168,712,46.8048,2.4593,43347.7
2024-08-13,Outer Ring Road,22,Tuesday,1,0,0,248918,712,46.8048,2.4593,43347.7
2024-08-13,Outer Ring Road,23,Tuesday,1,0,0,188065,712,46.8048,2.4593,43347.7
2024-08-13,Aurobindo Marg,0,Tuesday,1,0,0,52878,378,49.709,1.8783,17962.91
2024-08-13,Aurobindo Marg,1,Tuesday,1,0,0,39741,378,49.709,1.8783,17962.91
2024-08-13,Aurobindo Marg,2,Tuesday,1,0,0,24879,378,49.709,1.8783,17962.91
2024-08-13,Aurobindo Marg,3,Tuesday,1,0,0,15851,378,49.709,1.8783,17962.91
2024-08-13,Aurobindo Marg,4,Tuesday,1,0,0,19580,378,49.709,1.8783,17962.91
2024-08-13,Aurobindo Marg,5,Tuesday,1,0,0,27857,378,49.709,1.8783,17962.91
2024-08-13,Aurobindo Marg,6,Tuesday,1,0,0,38591,378,49.709,1.8783,17962.91
2024-08-13,Aurobindo Marg,7,Tuesday,1,0,1,78145,378,49.709,1.8783,17962.91
2024-08-13,Aurobindo Marg,8,Tuesday,1,0,1,126109,378,49.709,1.8783,17962.91
2024-08-13,Aurobindo Marg,9,Tuesday,1,0,1,160506,378,49.709,1.8783,17962.91
2024-08-13,Aurobindo Marg,10,Tuesday,1,0,0,182838,378,49.709,1.8783,17962.91
2024-08-13,Aurobindo Marg,11,Tuesday,1,0,0,153418,378,49.709,1.8783,17962.91
2024-08-13,Aurobindo Marg,12,Tuesday,1,0,0,146768,378,49.709,1.8783,17962.91
2024-08-13,Aurobindo Marg,13,Tuesday,1,0,0,144114,378,49.709,1.8783,17962.91
2024-08-13,Aurobindo Marg,14,Tuesday,1,0,0,161266,378,49.709,1.8783,17962.91
2024-08-13,Aurobindo Marg,15,Tuesday,1,0,0,159145,378,49.709,1.8783,17962.91
2024-08-13,Aurobindo Marg,16,Tuesday,1,0,0,169228,378,49.709,1.8783,17962.91
2024-08-13,Aurobindo Marg,17,Tuesday,1,0,1,150463,378,49.709,1.8783,17962.91
2024-08-13,Aurobindo Marg,18,Tuesday,1,0,1,141871,378,49.709,1.8783,17962.91
2024-08-13,Aurobindo Marg,19,Tuesday,1,0,1,139089,378,49.709,1.8783,17962.91
2024-08-13,Aurobindo Marg,20,Tuesday,1,0,1,140569,378,49.709,1.8783,17962.91
2024-08-13,Aurobindo Marg,21,Tuesday,1,0,0,136605,378,49.709,1.8783,17962.91
2024-08-13,Aurobindo Marg,22,Tuesday,1,0,0,118069,378,49.709,1.8783,17962.91
2024-08-13,Aurobindo Marg,23,Tuesday,1,0,0,88111,378,49.709,1.8783,17962.91
2024-08-13,Mehrauli Badarpur Road,0,Tuesday,1,0,0,20407,370,49.5622,2.0081,24206.35
2024-08-13,Mehrauli Badarpur Road,1,Tuesday,1,0,0,17283,370,49.5622,2.0081,24206.35
2024-08-13,Mehrauli Badarpur Road,2,Tuesday,1,0,0,11380,370,49.5622,2.0081,24206.35
2024-08-13,Mehrauli Badarpur Road,3,Tuesday,1,0,0,7667,370,49.5622,2.0081,24206.35
2024-08-13,Mehrauli Badarpur Road,4,Tuesday,1,0,0,9217,370,49.5622,2.0081,24206.35
2024-08-13,Mehrauli Badarpur Road,5,Tuesday,1,0,0,9236,370,49.5622,2.0081,24206.35
2024-08-13,Mehrauli Badarpur Road,6,Tuesday,1,0,0,13859,370,49.5622,2.0081,24206.35
2024-08-13,Mehrauli Badarpur Road,7,Tuesday,1,0,1,23902,370,49.5622,2.0081,24206.35
2024-08-13,Mehrauli Badarpur Road,8,Tuesday,1,0,1,37758,370,49.5622,2.0081,24206.35
2024-08-13,Mehrauli Badarpur Road,9,Tuesday,1,0,1,44382,370,49.5622,2.0081,24206.35
2024-08-13,Mehrauli Badarpur Road,10,Tuesday,1,0,0,51633,370,49.5622,2.0081,24206.35
2024-08-13,Mehrauli Badarpur Road,11,Tuesday,1,0,0,48612,370,49.5622,2.0081,24206.35
2024-08-13,Mehrauli Badarpur Road,12,Tuesday,1,0,0,49500,370,49.5622,2.0081,24206.35
2024-08-13,Mehrauli Badarpur Road,13,Tuesday,1,0,0,56052,370,49.5622,2.0081,24206.35
2024-08-13,Mehrauli Badarpur Road,14,Tuesday,1,0,0,57343,370,49.5622,2.0081,24206.35
2024-08-13,Mehrauli Badarpur Road,15,Tuesday,1,0,0,52734,370,49.5622,2.0081,24206.35
2024-08-13,Mehrauli Badarpur Road,16,Tuesday,1,0,0,54895,370,49.5622,2.0081,24206.35
2024-08-13,Mehrauli Badarpur Road,17,Tuesday,1,0,1,53355,370,49.5622,2.0081,24206.35
2024-08-13,Mehrauli Badarpur Road,18,Tuesday,1,0,1,48636,370,49.5622,2.0081,24206.35
2024-08-13,Mehrauli Badarpur Road,19,Tuesday,1,0,1,43238,370,49.5622,2.0081,24206.35
2024-08-13,Mehrauli Badarpur Road,20,Tuesday,1,0,1,45448,370,49.5622,2.0081,24206.35
2024-08-13,Mehrauli Badarpur Road,21,Tuesday,1,0,0,46528,370,49.5622,2.0081,24206.35
2024-08-13,Mehrauli Badarpur Road,22,Tuesday,1,0,0,46975,370,49.5622,2.0081,24206.35
2024-08-13,Mehrauli Badarpur Road,23,Tuesday,1,0,0,38987,370,49.5622,2.0081,24206.35
2024-08-13,Barapullah Road,0,Tuesday,1,0,0,28975,218,45.2661,1.3761,16478.62
2024-08-13,Barapullah Road,1,Tuesday,1,0,0,19093,218,45.2661,1.3761,16478.62
2024-08-13,Barapullah Road,2,Tuesday,1,0,0,17328,218,45.2661,1.3761,16478.62
2024-08-13,Barapullah Road,3,Tuesday,1,0,0,13735,218,45.2661,1.3761,16478.62
2024-08-13,Barapullah Road,4,Tuesday,1,0,0,14365,218,45.2661,1.3761,16478.62
2024-08-13,Barapullah Road,5,Tuesday,1,0,0,23807,218,45.2661,1.3761,16478.62
2024-08-13,Barapullah Road,6,Tuesday,1,0,0,28491,218,45.2661,1.3761,16478.62
2024-08-13,Barapullah Road,7,Tuesday,1,0,1,73702,218,45.2661,1.3761,16478.62
2024-08-13,Barapullah Road,8,Tuesday,1,0,1,100651,218,45.2661,1.3761,16478.62
2024-08-13,Barapullah Road,9,Tuesday,1,0,1,107990,218,45.2661,1.3761,16478.62
2024-08-13,Barapullah Road,10,Tuesday,1,0,0,108216,218,45.2661,1.3761,16478.62
2024-08-13,Barapullah Road,11,Tuesday,1,0,0,99612,218,45.2661,1.3761,16478.62
2024-08-13,Barapullah Road,12,Tuesday,1,0,0,114102,218,45.2661,1.3761,16478.62
2024-08-13,Barapullah Road,13,Tuesday,1,0,0,102804,218,45.2661,1.3761,16478.62
2024-08-13,Barapullah Road,14,Tuesday,1,0,0,99684,218,45.2661,1.3761,16478.62
2024-08-13,Barapullah Road,15,Tuesday,1,0,0,106563,218,45.2661,1.3761,16478.62
2024-08-13,Barapullah Road,16,Tuesday,1,0,0,103932,218,45.2661,1.3761,16478.62
2024-08-13,Barapullah Road,17,Tuesday,1,0,1,102670,218,45.2661,1.3761,16478.62
2024-08-13,Barapullah Road,18,Tuesday,1,0,1,82975,218,45.2661,1.3761,16478.62
2024-08-13,Barapullah Road,19,Tuesday,1,0,1,67058,218,45.2661,1.3761,16478.62
2024-08-13,Barapullah Road,20,Tuesday,1,0,1,83056,218,45.2661,1.3761,16478.62
2024-08-13,Barapullah Road,21,Tuesday,1,0,0,80851,218,45.2661,1.3761,16478.62
2024-08-13,Barapullah Road,22,Tuesday,1,0,0,62127,218,45.2661,1.3761,16478.62
2024-08-13,Barapullah Road,23,Tuesday,1,0,0,45041,218,45.2661,1.3761,16478.62
2024-08-13,Vikas Marg,0,Tuesday,1,0,0,23231,194,53.6082,2.0052,14316.28
2024-08-13,Vikas Marg,1,Tuesday,1,0,0,15549,194,53.6082,2.0052,14316.28
2024-08-13,Vikas Marg,2,Tuesday,1,0,0,11914,194,53.6082,2.0052,14316.28
2024-08-13,Vikas Marg,3,Tuesday,1,0,0,10824,194,53.6082,2.0052,14316.28
2024-08-13,Vikas Marg,4,Tuesday,1,0,0,13816,194,53.6082,2.0052,14316.28
2024-08-13,Vikas Marg,5,Tuesday,1,0,0,25468,194,53.6082,2.0052,14316.28
2024-08-13,Vikas Marg,6,Tuesday,1,0,0,24369,194,53.6082,2.0052,14316.28
2024-08-13,Vikas Marg,7,Tuesday,1,0,1,28249,194,53.6082,2.0052,14316.28
2024-08-13,Vikas Marg,8,Tuesday,1,0,1,38546,194,53.6082,2.0052,14316.28
2024-08-13,Vikas Marg,9,Tuesday,1,0,1,32120,194,53.6082,2.0052,14316.28
2024-08-13,Vikas Marg,10,Tuesday,1,0,0,35134,194,53.6082,2.0052,14316.28
2024-08-13,Vikas Marg,11,Tuesday,1,0,0,47304,194,53.6082,2.0052,14316.28
2024-08-13,Vikas Marg,12,Tuesday,1,0,0,39249,194,53.6082,2.0052,14316.28
2024-08-13,Vikas Marg,13,Tuesday,1,0,0,38584,194,53.6082,2.0052,14316.28
2024-08-13,Vikas Marg,14,Tuesday,1,0,0,40044,194,53.6082,2.0052,14316.28
2024-08-13,Vikas Marg,15,Tuesday,1,0,0,46823,194,53.6082,2.0052,14316.28
2024-08-13,Vikas Marg,16,Tuesday,1,0,0,44748,194,53.6082,2.0052,14316.28
2024-08-13,Vikas Marg,17,Tuesday,1,0,1,46651,194,53.6082,2.0052,14316.28
2024-08-13,Vikas Marg,18,Tuesday,1,0,1,41466,194,53.6082,2.0052,14316.28
2024-08-13,Vikas Marg,19,Tuesday,1,0,1,41197,194,53.6082,2.0052,14316.28
2024-08-13,Vikas Marg,20,Tuesday,1,0,1,45903,194,53.6082,2.0052,14316.28
2024-08-13,Vikas Marg,21,Tuesday,1,0,0,42131,194,53.6082,2.0052,14316.28
2024-08-13,Vikas Marg,22,Tuesday,1,0,0,45626,194,53.6082,2.0052,14316.28
2024-08-13,Vikas Marg,23,Tuesday,1,0,0,38926,194,53.6082,2.0052,14316.28
2024-08-13,Africa Avenue,0,Tuesday,1,0,0,8933,164,48.25,3.061,8464.09
2024-08-13,Africa Avenue,1,Tuesday,1,0,0,7535,164,48.25,3.061,8464.09
2024-08-13,Africa Avenue,2,Tuesday,1,0,0,4242,164,48.25,3.061,8464.09
2024-08-13,Africa Avenue,3,Tuesday,1,0,0,4174,164,48.25,3.061,8464.09
2024-08-13,Africa Avenue,4,Tuesday,1,0,0,4548,164,48.25,3.061,8464.09
2024-08-13,Africa Avenue,5,Tuesday,1,0,0,5317,164,48.25,3.061,8464.09
2024-08-13,Africa Avenue,6,Tuesday,1,0,0,9548,164,48.25,3.061,8464.09
2024-08-13,Africa Avenue,7,Tuesday,1,0,1,20115,164,48.25,3.061,8464.09
2024-08-13,Africa Avenue,8,Tuesday,1,0,1,33903,164,48.25,3.061,8464.09
2024-08-13,Africa Avenue,9,Tuesday,1,0,1,43431,164,48.25,3.061,8464.09
2024-08-13,Africa Avenue,10,Tuesday,1,0,0,44093,164,48.25,3.061,8464.09
2024-08-13,Africa Avenue,11,Tuesday,1,0,0,43164,164,48.25,3.061,8464.09
2024-08-13,Africa Avenue,12,Tuesday,1,0,0,42394,164,48.25,3.061,8464.09
2024-08-13,Africa Avenue,13,Tuesday,1,0,0,44773,164,48.25,3.061,8464.09
2024-08-13,Africa Avenue,14,Tuesday,1,0,0,41200,164,48.25,3.061,8464.09
2024-08-13,Africa Avenue,15,Tuesday,1,0,0,46232,164,48.25,3.061,8464.09
2024-08-13,Africa Avenue,16,Tuesday,1,0,0,47868,164,48.25,3.061,8464.09
2024-08-13,Africa Avenue,17,Tuesday,1,0,1,45772,164,48.25,3.061,8464.09
2024-08-13,Africa Avenue,18,Tuesday,1,0,1,36955,164,48.25,3.061,8464.09
2024-08-13,Africa Avenue,19,Tuesday,1,0,1,42980,164,48.25,3.061,8464.09
2024-08-13,Africa Avenue,20,Tuesday,1,0,1,37089,164,48.25,3.061,8464.09
2024-08-13,Africa Avenue,21,Tuesday,1,0,0,32550,164,48.25,3.061,8464.09
2024-08-13,Africa Avenue,22,Tuesday,1,0,0,24463,164,48.25,3.061,8464.09
2024-08-13,Africa Avenue,23,Tuesday,1,0,0,15477,164,48.25,3.061,8464.09
2024-08-13,Sardar Patel Marg,0,Tuesday,1,0,0,23877,153,52.8758,1.8954,9624.01
2024-08-13,Sardar Patel Marg,1,Tuesday,1,0,0,16056,153,52.8758,1.8954,9624.01
2024-08-13,Sardar Patel Marg,2,Tuesday,1,0,0,12841,153,52.8758,1.8954,9624.01
2024-08-13,Sardar Patel Marg,3,Tuesday,1,0,0,14096,153,52.8758,1.8954,9624.01
2024-08-13,Sardar Patel Marg,4,Tuesday,1,0,0,18295,153,52.8758,1.8954,9624.01
2024-08-13,Sardar Patel Marg,5,Tuesday,1,0,0,25260,153,52.8758,1.8954,9624.01
2024-08-13,Sardar Patel Marg,6,Tuesday,1,0,0,31095,153,52.8758,1.8954,9624.01
2024-08-13,Sardar Patel Marg,7,Tuesday,1,0,1,42360,153,52.8758,1.8954,9624.01
2024-08-13,Sardar Patel Marg,8,Tuesday,1,0,1,55535,153,52.8758,1.8954,9624.01
2024-08-13,Sardar Patel Marg,9,Tuesday,1,0,1,56743,153,52.8758,1.8954,9624.01
2024-08-13,Sardar Patel Marg,10,Tuesday,1,0,0,55716,153,52.8758,1.8954,9624.01
2024-08-13,Sardar Patel Marg,11,Tuesday,1,0,0,66062,153,52.8758,1.8954,9624.01
2024-08-13,Sardar Patel Marg,12,Tuesday,1,0,0,64334,153,52.8758,1.8954,9624.01
2024-08-13,Sardar Patel Marg,13,Tuesday,1,0,0,74573,153,52.8758,1.8954,9624.01
2024-08-13,Sardar Patel Marg,14,Tuesday,1,0,0,67284,153,52.8758,1.8954,9624.01
2024-08-13,Sardar Patel Marg,15,Tuesday,1,0,0,71000,153,52.8758,1.8954,9624.01
2024-08-13,Sardar Patel Marg,16,Tuesday,1,0,0,69586,153,52.8758,1.8954,9624.01
2024-08-13,Sardar Patel Marg,17,Tuesday,1,0,1,61022,153,52.8758,1.8954,9624.01
2024-08-13,Sardar Patel Marg,18,Tuesday,1,0,1,52819,153,52.8758,1.8954,9624.01
2024-08-13,Sardar Patel Marg,19,Tuesday,1,0,1,53563,153,52.8758,1.8954,9624.01
2024-08-13,Sardar Patel Marg,20,Tuesday,1,0,1,66097,153,52.8758,1.8954,9624.01
2024-08-13,Sardar Patel Marg,21,Tuesday,1,0,0,55238,153,52.8758,1.8954,9624.01
2024-08-13,Sardar Patel Marg,22,Tuesday,1,0,0,52506,153,52.8758,1.8954,9624.01
2024-08-13,Sardar Patel Marg,23,Tuesday,1,0,0,38033,153,52.8758,1.8954,9624.01
2024-08-13,Noida Link Road,0,Tuesday,1,0,0,12583,114,51.8421,2.3947,6981.29
2024-08-13,Noida Link Road,1,Tuesday,1,0,0,7478,114,51.8421,2.3947,6981.29
2024-08-13,Noida Link Road,2,Tuesday,1,0,0,6884,114,51.8421,2.3947,6981.29
2024-08-13,Noida Link Road,3,Tuesday,1,0,0,6645,114,51.8421,2.3947,6981.29
2024-08-13,Noida Link Road,4,Tuesday,1,0,0,6846,114,51.8421,2.3947,6981.29
2024-08-13,Noida Link Road,5,Tuesday,1,0,0,10613,114,51.8421,2.3947,6981.29
2024-08-13,Noida Link Road,6,Tuesday,1,0,0,12635,114,51.8421,2.3947,6981.29
2024-08-13,Noida Link Road,7,Tuesday,1,0,1,19259,114,51.8421,2.3947,6981.29
2024-08-13,Noida Link Road,8,Tuesday,1,0,1,29878,114,51.8421,2.3947,6981.29
2024-08-13,Noida Link Road,9,Tuesday,1,0,1,38539,114,51.8421,2.3947,6981.29
2024-08-13,Noida Link Road,10,Tuesday,1,0,0,37168,114,51.8421,2.3947,6981.29
2024-08-13,Noida Link Road,11,Tuesday,1,0,0,43170,114,51.8421,2.3947,6981.29
2024-08-13,Noida Link Road,12,Tuesday,1,0,0,37926,114,51.8421,2.3947,6981.29
2024-08-13,Noida Link Road,13,Tuesday,1,0,0,39181,114,51.8421,2.3947,6981.29
2024-08-13,Noida Link Road,14,Tuesday,1,0,0,41357,114,51.8421,2.3947,6981.29
2024-08-13,Noida Link Road,15,Tuesday,1,0,0,49868,114,51.8421,2.3947,6981.29
2024-08-13,Noida Link Road,16,Tuesday,1,0,0,45087,114,51.8421,2.3947,6981.29
2024-08-13,Noida Link Road,17,Tuesday,1,0,1,51140,114,51.8421,2.3947,6981.29
2024-08-13,Noida Link Road,18,Tuesday,1,0,1,45049,114,51.8421,2.3947,6981.29
2024-08-13,Noida Link Road,19,Tuesday,1,0,1,43492,114,51.8421,2.3947,6981.29
2024-08-13,Noida Link Road,20,Tuesday,1,0,1,48055,114,51.8421,2.3947,6981.29
2024-08-13,Noida Link Road,21,Tuesday,1,0,0,38210,114,51.8421,2.3947,6981.29
2024-08-13,Noida Link Road,22,Tuesday,1,0,0,29226,114,51.8421,2.3947,6981.29
2024-08-13,Noida Link Road,23,Tuesday,1,0,0,23704,114,51.8421,2.3947,6981.29
2024-08-14,Mahatma Gandhi Marg,0,Wednesday,2,0,0,219914,1052,52.443,1.5722,62245.45
2024-08-14,Mahatma Gandhi Marg,1,Wednesday,2,0,0,163199,1052,52.443,1.5722,62245.45
2024-08-14,Mahatma Gandhi Marg,2,Wednesday,2,0,0,117741,1052,52.443,1.5722,62245.45
2024-08-14,Mahatma Gandhi Marg,3,Wednesday,2,0,0,106626,1052,52.443,1.5722,62245.45
2024-08-14,Mahatma Gandhi Marg,4,Wednesday,2,0,0,132155,1052,52.443,1.5722,62245.45
2024-08-14,Mahatma Gandhi Marg,5,Wednesday,2,0,0,162992,1052,52.443,1.5722,62245.45
2024-08-14,Mahatma Gandhi Marg,6,Wednesday,2,0,0,229489,1052,52.443,1.5722,62245.45
2024-08-14,Mahatma Gandhi Marg,7,Wednesday,2,0,1,357239,1052,52.443,1.5722,62245.45
2024-08-14,Mahatma Gandhi Marg,8,Wednesday,2,0,1,543352,1052,52.443,1.5722,62245.45
2024-08-14,Mahatma Gandhi Marg,9,Wednesday,2,0,1,585748,1052,52.443,1.5722,62245.45
2024-08-14,Mahatma Gandhi Marg,10,Wednesday,2,0,0,600610,1052,52.443,1.5722,62245.45
2024-08-14,Mahatma Gandhi Marg,11,Wednesday,2,0,0,501475,1052,52.443,1.5722,62245.45
2024-08-14,Mahatma Gandhi Marg,12,Wednesday,2,0,0,483959,1052,52.443,1.5722,62245.45
2024-08-14,Mahatma Gandhi Marg,13,Wednesday,2,0,0,480782,1052,52.443,1.5722,62245.45
2024-08-14,Mahatma Gandhi Marg,14,Wednesday,2,0,0,493584,1052,52.443,1.5722,62245.45
2024-08-14,Mahatma Gandhi Marg,15,Wednesday,2,0,0,510516,1052,52.443,1.5722,62245.45
2024-08-14,Mahatma Gandhi Marg,16,Wednesday,2,0,0,524934,1052,52.443,1.5722,62245.45
2024-08-14,Mahatma Gandhi Marg,17,Wednesday,2,0,1,548455,1052,52.443,1.5722,62245.45
2024-08-14,Mahatma Gandhi Marg,18,Wednesday,2,0,1,500617,1052,52.443,1.5722,62245.45
2024-08-14,Mahatma Gandhi Marg,19,Wednesday,2,0,1,489564,1052,52.443,1.5722,62245.45
2024-08-14,Mahatma Gandhi Marg,20,Wednesday,2,0,1,514923,1052,52.443,1.5722,62245.45
2024-08-14,Mahatma Gandhi Marg,21,Wednesday,2,0,0,529134,1052,52.443,1.5722,62245.45
2024-08-14,Mahatma Gandhi Marg,22,Wednesday,2,0,0,473908,1052,52.443,1.5722,62245.45
2024-08-14,Mahatma Gandhi Marg,23,Wednesday,2,0,0,355865,1052,52.443,1.5722,62245.45
2024-08-14,Mathura Road,0,Wednesday,2,0,0,78263,759,49.1331,1.9763,50900.63
2024-08-14,Mathura Road,1,Wednesday,2,0,0,45537,759,49.1331,1.9763,50900.63
2024-08-14,Mathura Road,2,Wednesday,2,0,0,34237,759,49.1331,1.9763,50900.63
2024-08-14,Mathura Road,3,Wednesday,2,0,0,27993,759,49.1331,1.9763,50900.63
2024-08-14,Mathura Road,4,Wednesday,2,0,0,44116,759,49.1331,1.9763,50900.63
2024-08-14,Mathura Road,5,Wednesday,2,0,0,70199,759,49.1331,1.9763,50900.63
2024-08-14,Mathura Road,6,Wednesday,2,0,0,84712,759,49.1331,1.9763,50900.63
2024-08-14,Mathura Road,7,Wednesday,2,0,1,107406,759,49.1331,1.9763,50900.63
2024-08-14,Mathura Road,8,Wednesday,2,0,1,172310,759,49.1331,1.9763,50900.63
2024-08-14,Mathura Road,9,Wednesday,2,0,1,208233,759,49.1331,1.9763,50900.63
2024-08-14,Mathura Road,10,Wednesday,2,0,0,237900,759,49.1331,1.9763,50900.63
2024-08-14,Mathura Road,11,Wednesday,2,0,0,194241,759,49.1331,1.9763,50900.63
2024-08-14,Mathura Road,12,Wednesday,2,0,0,192930,759,49.1331,1.9763,50900.63
2024-08-14,Mathura Road,13,Wednesday,2,0,0,197259,759,49.1331,1.9763,50900.63
2024-08-14,Mathura Road,14,Wednesday,2,0,0,201839,759,49.1331,1.9763,50900.63
2024-08-14,Mathura Road,15,Wednesday,2,0,0,193882,759,49.1331,1.9763,50900.63
2024-08-14,Mathura Road,16,Wednesday,2,0,0,224296,759,49.1331,1.9763,50900.63
2024-08-14,Mathura Road,17,Wednesday,2,0,1,227205,759,49.1331,1.9763,50900.63
2024-08-14,Mathura Road,18,Wednesday,2,0,1,220413,759,49.1331,1.9763,50900.63
2024-08-14,Mathura Road,19,Wednesday,2,0,1,193861,759,49.1331,1.9763,50900.63
2024-08-14,Mathura Road,20,Wednesday,2,0,1,197647,759,49.1331,1.9763,50900.63
2024-08-14,Mathura Road,21,Wednesday,2,0,0,196965,759,49.1331,1.9763,50900.63
2024-08-14,Mathura Road,22,Wednesday,2,0,0,177164,759,49.1331,1.9763,50900.63
2024-08-14,Mathura Road,23,Wednesday,2,0,0,151577,759,49.1331,1.9763,50900.63
2024-08-14,Outer Ring Road,0,Wednesday,2,0,0,146428,712,46.8048,2.4593,43347.7
2024-08-14,Outer Ring Road,1,Wednesday,2,0,0,111204,712,46.8048,2.4593,43347.7
2024-08-14,Outer Ring Road,2,Wednesday,2,0,0,69327,712,46.8048,2.4593,43347.7
2024-08-14,Outer Ring Road,3,Wednesday,2,0,0,60392,712,46.8048,2.4593,43347.7
2024-08-14,Outer Ring Road,4,Wednesday,2,0,0,66802,712,46.8048,2.4593,43347.7
2024-08-14,Outer Ring Road,5,Wednesday,2,0,0,76661,712,46.8048,2.4593,43347.7
2024-08-14,Outer Ring Road,6,Wednesday,2,0,0,105561,712,46.8048,2.4593,43347.7
2024-08-14,Outer Ring Road,7,Wednesday,2,0,1,192163,712,46.8048,2.4593,43347.7
2024-08-14,Outer Ring Road,8,Wednesday,2,0,1,312031,712,46.8048,2.4593,43347.7
2024-08-14,Outer Ring Road,9,Wednesday,2,0,1,349245,712,46.8048,2.4593,43347.7
2024-08-14,Outer Ring Road,10,Wednesday,2,0,0,350875,712,46.8048,2.4593,43347.7
2024-08-14,Outer Ring Road,11,Wednesday,2,0,0,337035,712,46.8048,2.4593,43347.7
2024-08-14,Outer Ring Road,12,Wednesday,2,0,0,303531,712,46.8048,2.4593,43347.7
2024-08-14,Outer Ring Road,13,Wednesday,2,0,0,312409,712,46.8048,2.4593,43347.7
2024-08-14,Outer Ring Road,14,Wednesday,2,0,0,317675,712,46.8048,2.4593,43347.7
2024-08-14,Outer Ring Road,15,Wednesday,2,0,0,304995,712,46.8048,2.4593,43347.7
2024-08-14,Outer Ring Road,16,Wednesday,2,0,0,316710,712,46.8048,2.4593,43347.7
2024-08-14,Outer Ring Road,17,Wednesday,2,0,1,313465,712,46.8048,2.4593,43347.7
2024-08-14,Outer Ring Road,18,Wednesday,2,0,1,321437,712,46.8048,2.4593,43347.7
2024-08-14,Outer Ring Road,19,Wednesday,2,0,1,278291,712,46.8048,2.4593,43347.7
2024-08-14,Outer Ring Road,20,Wednesday,2,0,1,237692,712,46.8048,2.4593,43347.7
2024-08-14,Outer Ring Road,21,Wednesday,2,0,0,255472,712,46.8048,2.4593,43347.7
2024-08-14,Outer Ring Road,22,Wednesday,2,0,0,278441,712,46.8048,2.4593,43347.7
2024-08-14,Outer Ring Road,23,Wednesday,2,0,0,231000,712,46.8048,2.4593,43347.7
2024-08-14,Aurobindo Marg,0,Wednesday,2,0,0,69073,378,49.709,1.8783,17962.91
2024-08-14,Aurobindo Marg,1,Wednesday,2,0,0,43282,378,49.709,1.8783,17962.91
2024-08-14,Aurobindo Marg,2,Wednesday,2,0,0,24645,378,49.709,1.8783,17962.91
2024-08-14,Aurobindo Marg,3,Wednesday,2,0,0,20503,378,49.709,1.8783,17962.91
2024-08-14,Aurobindo Marg,4,Wednesday,2,0,0,28874,378,49.709,1.8783,17962.91
2024-08-14,Aurobindo Marg,5,Wednesday,2,0,0,36941,378,49.709,1.8783,17962.91
2024-08-14,Aurobindo Marg,6,Wednesday,2,0,0,41942,378,49.709,1.8783,17962.91
2024-08-14,Aurobindo Marg,7,Wednesday,2,0,1,83142,378,49.709,1.8783,17962.91
2024-08-14,Aurobindo Marg,8,Wednesday,2,0,1,128782,378,49.709,1.8783,17962.91
2024-08-14,Aurobindo Marg,9,Wednesday,2,0,1,175313,378,49.709,1.8783,17962.91
2024-08-14,Aurobindo Marg,10,Wednesday,2,0,0,177895,378,49.709,1.8783,17962.91
2024-08-14,Aurobindo Marg,11,Wednesday,2,0,0,150668,378,49.709,1.8783,17962.91
2024-08-14,Aurobindo Marg,12,Wednesday,2,0,0,139197,378,49.709,1.8783,17962.91
2024-08-14,Aurobindo Marg,13,Wednesday,2,0,0,142336,378,49.709,1.8783,17962.91
2024-08-14,Aurobindo Marg,14,Wednesday,2,0,0,146720,378,49.709,1.8783,17962.91
2024-08-14,Aurobindo Marg,15,Wednesday,2,0,0,153234,378,49.709,1.8783,17962.91
2024-08-14,Aurobindo Marg,16,Wednesday,2,0,0,167705,378,49.709,1.8783,17962.91
2024-08-14,Aurobindo Marg,17,Wednesday,2,0,1,153591,378,49.709,1.8783,17962.91
2024-08-14,Aurobindo Marg,18,Wednesday,2,0,1,154926,378,49.709,1.8783,17962.91
2024-08-14,Aurobindo Marg,19,Wednesday,2,0,1,151749,378,49.709,1.8783,17962.91
2024-08-14,Aurobindo Marg,20,Wednesday,2,0,1,154030,378,49.709,1.8783,17962.91
2024-08-14,Aurobindo Marg,21,Wednesday,2,0,0,156842,378,49.709,1.8783,17962.91
2024-08-14,Aurobindo Marg,22,Wednesday,2,0,0,134201,378,49.709,1.8783,17962.91
2024-08-14,Aurobindo Marg,23,Wednesday,2,0,0,116276,378,49.709,1.8783,17962.91
2024-08-14,Mehrauli Badarpur Road,0,Wednesday,2,0,0,28226,370,49.5622,2.0081,24206.35
2024-08-14,Mehrauli Badarpur Road,1,Wednesday,2,0,0,15522,370,49.5622,2.0081,24206.35
2024-08-14,Mehrauli Badarpur Road,2,Wednesday,2,0,0,10784,370,49.5622,2.0081,24206.35
2024-08-14,Mehrauli Badarpur Road,3,Wednesday,2,0,0,9027,370,49.5622,2.0081,24206.35
2024-08-14,Mehrauli Badarpur Road,4,Wednesday,2,0,0,9541,370,49.5622,2.0081,24206.35
2024-08-14,Mehrauli Badarpur Road,5,Wednesday,2,0,0,11502,370,49.5622,2.0081,24206.35
2024-08-14,Mehrauli Badarpur Road,6,Wednesday,2,0,0,15179,370,49.5622,2.0081,24206.35
2024-08-14,Mehrauli Badarpur Road,7,Wednesday,2,0,1,24774,370,49.5622,2.0081,24206.35
2024-08-14,Mehrauli Badarpur Road,8,Wednesday,2,0,1,36375,370,49.5622,2.0081,24206.35
2024-08-14,Mehrauli Badarpur Road,9,Wednesday,2,0,1,44186,370,49.5622,2.0081,24206.35
2024-08-14,Mehrauli Badarpur Road,10,Wednesday,2,0,0,51438,370,49.5622,2.0081,24206.35
2024-08-14,Mehrauli Badarpur Road,11,Wednesday,2,0,0,50256,370,49.5622,2.0081,24206.35
2024-08-14,Mehrauli Badarpur Road,12,Wednesday,2,0,0,50542,370,49.5622,2.0081,24206.35
2024-08-14,Mehrauli Badarpur Road,13,Wednesday,2,0,0,54057,370,49.5622,2.0081,24206.35
2024-08-14,Mehrauli Badarpur Road,14,Wednesday,2,0,0,47842,370,49.5622,2.0081,24206.35
2024-08-14,Mehrauli Badarpur Road,15,Wednesday,2,0,0,50765,370,49.5622,2.0081,24206.35
2024-08-14,Mehrauli Badarpur Road,16,Wednesday,2,0,0,55161,370,49.5622,2.0081,24206.35
2024-08-14,Mehrauli Badarpur Road,17,Wednesday,2,0,1,66156,370,49.5622,2.0081,24206.35
2024-08-14,Mehrauli Badarpur Road,18,Wednesday,2,0,1,56238,370,49.5622,2.0081,24206.35
2024-08-14,Mehrauli Badarpur Road,19,Wednesday,2,0,1,56109,370,49.5622,2.0081,24206.35
2024-08-14,Mehrauli Badarpur Road,20,Wednesday,2,0,1,55414,370,49.5622,2.0081,24206.35
2024-08-14,Mehrauli Badarpur Road,21,Wednesday,2,0,0,55705,370,49.5622,2.0081,24206.35
2024-08-14,Mehrauli Badarpur Road,22,Wednesday,2,0,0,57813,370,49.5622,2.0081,24206.35
2024-08-14,Mehrauli Badarpur Road,23,Wednesday,2,0,0,50107,370,49.5622,2.0081,24206.35
2024-08-14,Barapullah Road,0,Wednesday,2,0,0,36748,218,45.2661,1.3761,16478.62
2024-08-14,Barapullah Road,1,Wednesday,2,0,0,24971,218,45.2661,1.3761,16478.62
2024-08-14,Barapullah Road,2,Wednesday,2,0,0,18135,218,45.2661,1.3761,16478.62
2024-08-14,Barapullah Road,3,Wednesday,2,0,0,17053,218,45.2661,1.3761,16478.62
2024-08-14,Barapullah Road,4,Wednesday,2,0,0,16918,218,45.2661,1.3761,16478.62
2024-08-14,Barapullah Road,5,Wednesday,2,0,0,22963,218,45.2661,1.3761,16478.62
2024-08-14,Barapullah Road,6,Wednesday,2,0,0,30203,218,45.2661,1.3761,16478.62
2024-08-14,Barapullah Road,7,Wednesday,2,0,1,56024,218,45.2661,1.3761,16478.62
2024-08-14,Barapullah Road,8,Wednesday,2,0,1,77290,218,45.2661,1.3761,16478.62
2024-08-14,Barapullah Road,9,Wednesday,2,0,1,82430,218,45.2661,1.3761,16478.62
2024-08-14,Barapullah Road,10,Wednesday,2,0,0,102616,218,45.2661,1.3761,16478.62
2024-08-14,Barapullah Road,11,Wednesday,2,0,0,108071,218,45.2661,1.3761,16478.62
2024-08-14,Barapullah Road,12,Wednesday,2,0,0,113445,218,45.2661,1.3761,16478.62
2024-08-14,Barapullah Road,13,Wednesday,2,0,0,106724,218,45.2661,1.3761,16478.62
2024-08-14,Barapullah Road,14,Wednesday,2,0,0,109485,218,45.2661,1.3761,16478.62
2024-08-14,Barapullah Road,15,Wednesday,2,0,0,116688,218,45.2661,1.3761,16478.62
2024-08-14,Barapullah Road,16,Wednesday,2,0,0,98301,218,45.2661,1.3761,16478.62
2024-08-14,Barapullah Road,17,Wednesday,2,0,1,116377,218,45.2661,1.3761,16478.62
2024-08-14,Barapullah Road,18,Wednesday,2,0,1,74472,218,45.2661,1.3761,16478.62
2024-08-14,Barapullah Road,19,Wednesday,2,0,1,69199,218,45.2661,1.3761,16478.62
2024-08-14,Barapullah Road,20,Wednesday,2,0,1,92187,218,45.2661,1.3761,16478.62
2024-08-14,Barapullah Road,21,Wednesday,2,0,0,85206,218,45.2661,1.3761,16478.62
2024-08-14,Barapullah Road,22,Wednesday,2,0,0,67373,218,45.2661,1.3761,16478.62
2024-08-14,Barapullah Road,23,Wednesday,2,0,0,76111,218,45.2661,1.3761,16478.62
2024-08-14,Vikas Marg,0,Wednesday,2,0,0,25051,194,53.6082,2.0052,14316.28
2024-08-14,Vikas Marg,1,Wednesday,2,0,0,18318,194,53.6082,2.0052,14316.28
2024-08-14,Vikas Marg,2,Wednesday,2,0,0,13989,194,53.6082,2.0052,14316.28
2024-08-14,Vikas Marg,3,Wednesday,2,0,0,10059,194,53.6082,2.0052,14316.28
2024-08-14,Vikas Marg,4,Wednesday,2,0,0,13130,194,53.6082,2.0052,14316.28
2024-08-14,Vikas Marg,5,Wednesday,2,0,0,24070,194,53.6082,2.0052,14316.28
2024-08-14,Vikas Marg,6,Wednesday,2,0,0,30383,194,53.6082,2.0052,14316.28
2024-08-14,Vikas Marg,7,Wednesday,2,0,1,33444,194,53.6082,2.0052,14316.28
2024-08-14,Vikas Marg,8,Wednesday,2,0,1,44219,194,53.6082,2.0052,14316.28
2024-08-14,Vikas Marg,9,Wednesday,2,0,1,47516,194,53.6082,2.0052,14316.28
2024-08-14,Vikas Marg,10,Wednesday,2,0,0,50773,194,53.6082,2.0052,14316.28
2024-08-14,Vikas Marg,11,Wednesday,2,0,0,47975,194,53.6082,2.0052,14316.28
2024-08-14,Vikas Marg,12,Wednesday,2,0,0,45835,194,53.6082,2.0052,14316.28
2024-08-14,Vikas Marg,13,Wednesday,2,0,0,44341,194,53.6082,2.0052,14316.28
2024-08-14,Vikas Marg,14,Wednesday,2,0,0,46045,194,53.6082,2.0052,14316.28
2024-08-14,Vikas Marg,15,Wednesday,2,0,0,50848,194,53.6082,2.0052,14316.28
2024-08-14,Vikas Marg,16,Wednesday,2,0,0,49144,194,53.6082,2.0052,14316.28
2024-08-14,Vikas Marg,17,Wednesday,2,0,1,48915,194,53.6082,2.0052,14316.28
2024-08-14,Vikas Marg,18,Wednesday,2,0,1,48114,194,53.6082,2.0052,14316.28
2024-08-14,Vikas Marg,19,Wednesday,2,0,1,51952,194,53.6082,2.0052,14316.28
2024-08-14,Vikas Marg,20,Wednesday,2,0,1,48807,194,53.6082,2.0052,14316.28
2024-08-14,Vikas Marg,21,Wednesday,2,0,0,48975,194,53.6082,2.0052,14316.28
2024-08-14,Vikas Marg,22,Wednesday,2,0,0,46013,194,53.6082,2.0052,14316.28
2024-08-14,Vikas Marg,23,Wednesday,2,0,0,48159,194,53.6082,2.0052,14316.28
2024-08-14,Africa Avenue,0,Wednesday,2,0,0,11320,164,48.25,3.061,8464.09
2024-08-14,Africa Avenue,1,Wednesday,2,0,0,8194,164,48.25,3.061,8464.09
2024-08-14,Africa Avenue,2,Wednesday,2,0,0,4306,164,48.25,3.061,8464.09
2024-08-14,Africa Avenue,3,Wednesday,2,0,0,2935,164,48.25,3.061,8464.09
2024-08-14,Africa Avenue,4,Wednesday,2,0,0,5470,164,48.25,3.061,8464.09
2024-08-14,Africa Avenue,5,Wednesday,2,0,0,6607,164,48.25,3.061,8464.09
2024-08-14,Africa Avenue,6,Wednesday,2,0,0,11395,164,48.25,3.061,8464.09
2024-08-14,Africa Avenue,7,Wednesday,2,0,1,22148,164,48.25,3.061,8464.09
2024-08-14,Africa Avenue,8,Wednesday,2,0,1,35009,164,48.25,3.061,8464.09
2024-08-14,Africa Avenue,9,Wednesday,2,0,1,45838,164,48.25,3.061,8464.09
2024-08-14,Africa Avenue,10,Wednesday,2,0,0,49664,164,48.25,3.061,8464.09
2024-08-14,Africa Avenue,11,Wednesday,2,0,0,46813,164,48.25,3.061,8464.09
2024-08-14,Africa Avenue,12,Wednesday,2,0,0,44871,164,48.25,3.061,8464.09
2024-08-14,Africa Avenue,13,Wednesday,2,0,0,45230,164,48.25,3.061,8464.09
2024-08-14,Africa Avenue,14,Wednesday,2,0,0,45544,164,48.25,3.061,8464.09
2024-08-14,Africa Avenue,15,Wednesday,2,0,0,41082,164,48.25,3.061,8464.09
2024-08-14,Africa Avenue,16,Wednesday,2,0,0,45731,164,48.25,3.061,8464.09
2024-08-14,Africa Avenue,17,Wednesday,2,0,1,46428,164,48.25,3.061,8464.09
2024-08-14,Africa Avenue,18,Wednesday,2,0,1,42194,164,48.25,3.061,8464.09
2024-08-14,Africa Avenue,19,Wednesday,2,0,1,39109,164,48.25,3.061,8464.09
2024-08-14,Africa Avenue,20,Wednesday,2,0,1,46160,164,48.25,3.061,8464.09
2024-08-14,Africa Avenue,21,Wednesday,2,0,0,44460,164,48.25,3.061,8464.09
2024-08-14,Africa Avenue,22,Wednesday,2,0,0,34107,164,48.25,3.061,8464.09
2024-08-14,Africa Avenue,23,Wednesday,2,0,0,23902,164,48.25,3.061,8464.09
2024-08-14,Sardar Patel Marg,0,Wednesday,2,0,0,25599,153,52.8758,1.8954,9624.01
2024-08-14,Sardar Patel Marg,1,Wednesday,2,0,0,19076,153,52.8758,1.8954,9624.01
2024-08-14,Sardar Patel Marg,2,Wednesday,2,0,0,14036,153,52.8758,1.8954,9624.01
2024-08-14,Sardar Patel Marg,3,Wednesday,2,0,0,12940,153,52.8758,1.8954,9624.01
2024-08-14,Sardar Patel Marg,4,Wednesday,2,0,0,25216,153,52.8758,1.8954,9624.01
2024-08-14,Sardar Patel Marg,5,Wednesday,2,0,0,33694,153,52.8758,1.8954,9624.01
2024-08-14,Sardar Patel Marg,6,Wednesday,2,0,0,36286,153,52.8758,1.8954,9624.01
2024-08-14,Sardar Patel Marg,7,Wednesday,2,0,1,47897,153,52.8758,1.8954,9624.01
2024-08-14,Sardar Patel Marg,8,Wednesday,2,0,1,55420,153,52.8758,1.8954,9624.01
2024-08-14,Sardar Patel Marg,9,Wednesday,2,0,1,59823,153,52.8758,1.8954,9624.01
2024-08-14,Sardar Patel Marg,10,Wednesday,2,0,0,61931,153,52.8758,1.8954,9624.01
2024-08-14,Sardar Patel Marg,11,Wednesday,2,0,0,65453,153,52.8758,1.8954,9624.01
2024-08-14,Sardar Patel Marg,12,Wednesday,2,0,0,69463,153,52.8758,1.8954,9624.01
2024-08-14,Sardar Patel Marg,13,Wednesday,2,0,0,74823,153,52.8758,1.8954,9624.01
2024-08-14,Sardar Patel Marg,14,Wednesday,2,0,0,77633,153,52.8758,1.8954,9624.01
2024-08-14,Sardar Patel Marg,15,Wednesday,2,0,0,78875,153,52.8758,1.8954,9624.01
2024-08-14,Sardar Patel Marg,16,Wednesday,2,0,0,75020,153,52.8758,1.8954,9624.01
2024-08-14,Sardar Patel Marg,17,Wednesday,2,0,1,74954,153,52.8758,1.8954,9624.01
2024-08-14,Sardar Patel Marg,18,Wednesday,2,0,1,67336,153,52.8758,1.8954,9624.01
2024-08-14,Sardar Patel Marg,19,Wednesday,2,0,1,69609,153,52.8758,1.8954,9624.01
2024-08-14,Sardar Patel Marg,20,Wednesday,2,0,1,67692,153,52.8758,1.8954,9624.01
2024-08-14,Sardar Patel Marg,21,Wednesday,2,0,0,70731,153,52.8758,1.8954,9624.01
2024-08-14,Sardar Patel Marg,22,Wednesday,2,0,0,62856,153,52.8758,1.8954,9624.01
2024-08-14,Sardar Patel Marg,23,Wednesday,2,0,0,49507,153,52.8758,1.8954,9624.01
2024-08-14,Noida Link Road,0,Wednesday,2,0,0,12793,114,51.8421,2.3947,6981.29
2024-08-14,Noida Link Road,1,Wednesday,2,0,0,10694,114,51.8421,2.3947,6981.29
2024-08-14,Noida Link Road,2,Wednesday,2,0,0,9718,114,51.8421,2.3947,6981.29
2024-08-14,Noida Link Road,3,Wednesday,2,0,0,6222,114,51.8421,2.3947,6981.29
2024-08-14,Noida Link Road,4,Wednesday,2,0,0,7244,114,51.8421,2.3947,6981.29
2024-08-14,Noida Link Road,5,Wednesday,2,0,0,14135,114,51.8421,2.3947,6981.29
2024-08-14,Noida Link Road,6,Wednesday,2,0,0,18005,114,51.8421,2.3947,6981.29
2024-08-14,Noida Link Road,7,Wednesday,2,0,1,22147,114,51.8421,2.3947,6981.29
2024-08-14,Noida Link Road,8,Wednesday,2,0,1,38039,114,51.8421,2.3947,6981.29
2024-08-14,Noida Link Road,9,Wednesday,2,0,1,47464,114,51.8421,2.3947,6981.29
2024-08-14,Noida Link Road,10,Wednesday,2,0,0,47472,114,51.8421,2.3947,6981.29
2024-08-14,Noida Link Road,11,Wednesday,2,0,0,40786,114,51.8421,2.3947,6981.29
2024-08-14,Noida Link Road,12,Wednesday,2,0,0,41380,114,51.8421,2.3947,6981.29
2024-08-14,Noida Link Road,13,Wednesday,2,0,0,44420,114,51.8421,2.3947,6981.29
2024-08-14,Noida Link Road,14,Wednesday,2,0,0,47787,114,51.8421,2.3947,6981.29
2024-08-14,Noida Link Road,15,Wednesday,2,0,0,49711,114,51.8421,2.3947,6981.29
2024-08-14,Noida Link Road,16,Wednesday,2,0,0,53049,114,51.8421,2.3947,6981.29
2024-08-14,Noida Link Road,17,Wednesday,2,0,1,54591,114,51.8421,2.3947,6981.29
2024-08-14,Noida Link Road,18,Wednesday,2,0,1,54711,114,51.8421,2.3947,6981.29
2024-08-14,Noida Link Road,19,Wednesday,2,0,1,56082,114,51.8421,2.3947,6981.29
2024-08-14,Noida Link Road,20,Wednesday,2,0,1,49121,114,51.8421,2.3947,6981.29
2024-08-14,Noida Link Road,21,Wednesday,2,0,0,49933,114,51.8421,2.3947,6981.29
2024-08-14,Noida Link Road,22,Wednesday,2,0,0,40280,114,51.8421,2.3947,6981.29
2024-08-14,Noida Link Road,23,Wednesday,2,0,0,33003,114,51.8421,2.3947,6981.29
2024-08-15,Mahatma Gandhi Marg,0,Thursday,3,0,0,291392,1052,52.443,1.5722,62245.45
2024-08-15,Mahatma Gandhi Marg,1,Thursday,3,0,0,230831,1052,52.443,1.5722,62245.45
2024-08-15,Mahatma Gandhi Marg,2,Thursday,3,0,0,174293,1052,52.443,1.5722,62245.45
2024-08-15,Mahatma Gandhi Marg,3,Thursday,3,0,0,156843,1052,52.443,1.5722,62245.45
2024-08-15,Mahatma Gandhi Marg,4,Thursday,3,0,0,183205,1052,52.443,1.5722,62245.45
2024-08-15,Mahatma Gandhi Marg,5,Thursday,3,0,0,232214,1052,52.443,1.5722,62245.45
2024-08-15,Mahatma Gandhi Marg,6,Thursday,3,0,0,268516,1052,52.443,1.5722,62245.45
2024-08-15,Mahatma Gandhi Marg,7,Thursday,3,0,1,287741,1052,52.443,1.5722,62245.45
2024-08-15,Mahatma Gandhi Marg,8,Thursday,3,0,1,271226,1052,52.443,1.5722,62245.45
2024-08-15,Mahatma Gandhi Marg,9,Thursday,3,0,1,292843,1052,52.443,1.5722,62245.45
2024-08-15,Mahatma Gandhi Marg,10,Thursday,3,0,0,361321,1052,52.443,1.5722,62245.45
2024-08-15,Mahatma Gandhi Marg,11,Thursday,3,0,0,429270,1052,52.443,1.5722,62245.45
2024-08-15,Mahatma Gandhi Marg,12,Thursday,3,0,0,470706,1052,52.443,1.5722,62245.45
2024-08-15,Mahatma Gandhi Marg,13,Thursday,3,0,0,530124,1052,52.443,1.5722,62245.45
2024-08-15,Mahatma Gandhi Marg,14,Thursday,3,0,0,527596,1052,52.443,1.5722,62245.45
2024-08-15,Mahatma Gandhi Marg,15,Thursday,3,0,0,537012,1052,52.443,1.5722,62245.45
2024-08-15,Mahatma Gandhi Marg,16,Thursday,3,0,0,567166,1052,52.443,1.5722,62245.45
2024-08-15,Mahatma Gandhi Marg,17,Thursday,3,0,1,550292,1052,52.443,1.5722,62245.45
2024-08-15,Mahatma Gandhi Marg,18,Thursday,3,0,1,546894,1052,52.443,1.5722,62245.45
2024-08-15,Mahatma Gandhi Marg,19,Thursday,3,0,1,555889,1052,52.443,1.5722,62245.45
2024-08-15,Mahatma Gandhi Marg,20,Thursday,3,0,1,520694,1052,52.443,1.5722,62245.45
2024-08-15,Mahatma Gandhi Marg,21,Thursday,3,0,0,433523,1052,52.443,1.5722,62245.45
2024-08-15,Mahatma Gandhi Marg,22,Thursday,3,0,0,356603,1052,52.443,1.5722,62245.45
2024-08-15,Mahatma Gandhi Marg,23,Thursday,3,0,0,301820,1052,52.443,1.5722,62245.45
2024-08-15,Mathura Road,0,Thursday,3,0,0,111489,759,49.1331,1.9763,50900.63
2024-08-15,Mathura Road,1,Thursday,3,0,0,67830,759,49.1331,1.9763,50900.63
2024-08-15,Mathura Road,2,Thursday,3,0,0,51003,759,49.1331,1.9763,50900.63
2024-08-15,Mathura Road,3,Thursday,3,0,0,42796,759,49.1331,1.9763,50900.63
2024-08-15,Mathura Road,4,Thursday,3,0,0,60334,759,49.1331,1.9763,50900.63
2024-08-15,Mathura Road,5,Thursday,3,0,0,81673,759,49.1331,1.9763,50900.63
2024-08-15,Mathura Road,6,Thursday,3,0,0,88520,759,49.1331,1.9763,50900.63
2024-08-15,Mathura Road,7,Thursday,3,0,1,78706,759,49.1331,1.9763,50900.63
2024-08-15,Mathura Road,8,Thursday,3,0,1,82480,759,49.1331,1.9763,50900.63
2024-08-15,Mathura Road,9,Thursday,3,0,1,88074,759,49.1331,1.9763,50900.63
2024-08-15,Mathura Road,10,Thursday,3,0,0,116280,759,49.1331,1.9763,50900.63
2024-08-15,Mathura Road,11,Thursday,3,0,0,149956,759,49.1331,1.9763,50900.63
2024-08-15,Mathura Road,12,Thursday,3,0,0,168976,759,49.1331,1.9763,50900.63
2024-08-15,Mathura Road,13,Thursday,3,0,0,188393,759,49.1331,1.9763,50900.63
2024-08-15,Mathura Road,14,Thursday,3,0,0,187073,759,49.1331,1.9763,50900.63
2024-08-15,Mathura Road,15,Thursday,3,0,0,188131,759,49.1331,1.9763,50900.63
2024-08-15,Mathura Road,16,Thursday,3,0,0,205273,759,49.1331,1.9763,50900.63
2024-08-15,Mathura Road,17,Thursday,3,0,1,195797,759,49.1331,1.9763,50900.63
2024-08-15,Mathura Road,18,Thursday,3,0,1,199700,759,49.1331,1.9763,50900.63
2024-08-15,Mathura Road,19,Thursday,3,0,1,191905,759,49.1331,1.9763,50900.63
2024-08-15,Mathura Road,20,Thursday,3,0,1,169637,759,49.1331,1.9763,50900.63
2024-08-15,Mathura Road,21,Thursday,3,0,0,147038,759,49.1331,1.9763,50900.63
2024-08-15,Mathura Road,22,Thursday,3,0,0,130785,759,49.1331,1.9763,50900.63
2024-08-15,Mathura Road,23,Thursday,3,0,0,109163,759,49.1331,1.9763,50900.63
2024-08-15,Outer Ring Road,0,Thursday,3,0,0,199603,712,46.8048,2.4593,43347.7
2024-08-15,Outer Ring Road,1,Thursday,3,0,0,143550,712,46.8048,2.4593,43347.7
2024-08-15,Outer Ring Road,2,Thursday,3,0,0,97621,712,46.8048,2.4593,43347.7
2024-08-15,Outer Ring Road,3,Thursday,3,0,0,87001,712,46.8048,2.4593,43347.7
2024-08-15,Outer Ring Road,4,Thursday,3,0,0,83077,712,46.8048,2.4593,43347.7
2024-08-15,Outer Ring Road,5,Thursday,3,0,0,93325,712,46.8048,2.4593,43347.7
2024-08-15,Outer Ring Road,6,Thursday,3,0,0,105085,712,46.8048,2.4593,43347.7
2024-08-15,Outer Ring Road,7,Thursday,3,0,1,116291,712,46.8048,2.4593,43347.7
2024-08-15,Outer Ring Road,8,Thursday,3,0,1,141380,712,46.8048,2.4593,43347.7
2024-08-15,Outer Ring Road,9,Thursday,3,0,1,157261,712,46.8048,2.4593,43347.7
2024-08-15,Outer Ring Road,10,Thursday,3,0,0,191821,712,46.8048,2.4593,43347.7
2024-08-15,Outer Ring Road,11,Thursday,3,0,0,233779,712,46.8048,2.4593,43347.7
2024-08-15,Outer Ring Road,12,Thursday,3,0,0,259119,712,46.8048,2.4593,43347.7
2024-08-15,Outer Ring Road,13,Thursday,3,0,0,296778,712,46.8048,2.4593,43347.7
2024-08-15,Outer Ring Road,14,Thursday,3,0,0,303437,712,46.8048,2.4593,43347.7
2024-08-15,Outer Ring Road,15,Thursday,3,0,0,296100,712,46.8048,2.4593,43347.7
2024-08-15,Outer Ring Road,16,Thursday,3,0,0,327077,712,46.8048,2.4593,43347.7
2024-08-15,Outer Ring Road,17,Thursday,3,0,1,335671,712,46.8048,2.4593,43347.7
2024-08-15,Outer Ring Road,18,Thursday,3,0,1,321265,712,46.8048,2.4593,43347.7
2024-08-15,Outer Ring Road,19,Thursday,3,0,1,309395,712,46.8048,2.4593,43347.7
2024-08-15,Outer Ring Road,20,Thursday,3,0,1,251470,712,46.8048,2.4593,43347.7
2024-08-15,Outer Ring Road,21,Thursday,3,0,0,210454,712,46.8048,2.4593,43347.7
2024-08-15,Outer Ring Road,22,Thursday,3,0,0,191584,712,46.8048,2.4593,43347.7
2024-08-15,Outer Ring Road,23,Thursday,3,0,0,170254,712,46.8048,2.4593,43347.7
2024-08-15,Aurobindo Marg,0,Thursday,3,0,0,84604,378,49.709,1.8783,17962.91
2024-08-15,Aurobindo Marg,1,Thursday,3,0,0,58235,378,49.709,1.8783,17962.91
2024-08-15,Aurobindo Marg,2,Thursday,3,0,0,37824,378,49.709,1.8783,17962.91
2024-08-15,Aurobindo Marg,3,Thursday,3,0,0,30343,378,49.709,1.8783,17962.91
2024-08-15,Aurobindo Marg,4,Thursday,3,0,0,35364,378,49.709,1.8783,17962.91
2024-08-15,Aurobindo Marg,5,Thursday,3,0,0,42790,378,49.709,1.8783,17962.91
2024-08-15,Aurobindo Marg,6,Thursday,3,0,0,41219,378,49.709,1.8783,17962.91
2024-08-15,Aurobindo Marg,7,Thursday,3,0,1,50611,378,49.709,1.8783,17962.91
2024-08-15,Aurobindo Marg,8,Thursday,3,0,1,53957,378,49.709,1.8783,17962.91
2024-08-15,Aurobindo Marg,9,Thursday,3,0,1,58540,378,49.709,1.8783,17962.91
2024-08-15,Aurobindo Marg,10,Thursday,3,0,0,71863,378,49.709,1.8783,17962.91
2024-08-15,Aurobindo Marg,11,Thursday,3,0,0,89531,378,49.709,1.8783,17962.91
2024-08-15,Aurobindo Marg,12,Thursday,3,0,0,106849,378,49.709,1.8783,17962.91
2024-08-15,Aurobindo Marg,13,Thursday,3,0,0,122003,378,49.709,1.8783,17962.91
2024-08-15,Aurobindo Marg,14,Thursday,3,0,0,126650,378,49.709,1.8783,17962.91
2024-08-15,Aurobindo Marg,15,Thursday,3,0,0,151234,378,49.709,1.8783,17962.91
2024-08-15,Aurobindo Marg,16,Thursday,3,0,0,136847,378,49.709,1.8783,17962.91
2024-08-15,Aurobindo Marg,17,Thursday,3,0,1,148316,378,49.709,1.8783,17962.91
2024-08-15,Aurobindo Marg,18,Thursday,3,0,1,143091,378,49.709,1.8783,17962.91
2024-08-15,Aurobindo Marg,19,Thursday,3,0,1,141975,378,49.709,1.8783,17962.91
2024-08-15,Aurobindo Marg,20,Thursday,3,0,1,128260,378,49.709,1.8783,17962.91
2024-08-15,Aurobindo Marg,21,Thursday,3,0,0,103208,378,49.709,1.8783,17962.91
2024-08-15,Aurobindo Marg,22,Thursday,3,0,0,84213,378,49.709,1.8783,17962.91
2024-08-15,Aurobindo Marg,23,Thursday,3,0,0,82998,378,49.709,1.8783,17962.91
2024-08-15,Mehrauli Badarpur Road,0,Thursday,3,0,0,37693,370,49.5622,2.0081,24206.35
2024-08-15,Mehrauli Badarpur Road,1,Thursday,3,0,0,24481,370,49.5622,2.0081,24206.35
2024-08-15,Mehrauli Badarpur Road,2,Thursday,3,0,0,16612,370,49.5622,2.0081,24206.35
2024-08-15,Mehrauli Badarpur Road,3,Thursday,3,0,0,13102,370,49.5622,2.0081,24206.35
2024-08-15,Mehrauli Badarpur Road,4,Thursday,3,0,0,11759,370,49.5622,2.0081,24206.35
2024-08-15,Mehrauli Badarpur Road,5,Thursday,3,0,0,10888,370,49.5622,2.0081,24206.35
2024-08-15,Mehrauli Badarpur Road,6,Thursday,3,0,0,14364,370,49.5622,2.0081,24206.35
2024-08-15,Mehrauli Badarpur Road,7,Thursday,3,0,1,17382,370,49.5622,2.0081,24206.35
2024-08-15,Mehrauli Badarpur Road,8,Thursday,3,0,1,20198,370,49.5622,2.0081,24206.35
2024-08-15,Mehrauli Badarpur Road,9,Thursday,3,0,1,24765,370,49.5622,2.0081,24206.35
2024-08-15,Mehrauli Badarpur Road,10,Thursday,3,0,0,28268,370,49.5622,2.0081,24206.35
2024-08-15,Mehrauli Badarpur Road,11,Thursday,3,0,0,37735,370,49.5622,2.0081,24206.35
2024-08-15,Mehrauli Badarpur Road,12,Thursday,3,0,0,47668,370,49.5622,2.0081,24206.35
2024-08-15,Mehrauli Badarpur Road,13,Thursday,3,0,0,48816,370,49.5622,2.0081,24206.35
2024-08-15,Mehrauli Badarpur Road,14,Thursday,3,0,0,47853,370,49.5622,2.0081,24206.35
2024-08-15,Mehrauli Badarpur Road,15,Thursday,3,0,0,47819,370,49.5622,2.0081,24206.35
2024-08-15,Mehrauli Badarpur Road,16,Thursday,3,0,0,49172,370,49.5622,2.0081,24206.35
2024-08-15,Mehrauli Badarpur Road,17,Thursday,3,0,1,47216,370,49.5622,2.0081,24206.35
2024-08-15,Mehrauli Badarpur Road,18,Thursday,3,0,1,46935,370,49.5622,2.0081,24206.35
2024-08-15,Mehrauli Badarpur Road,19,Thursday,3,0,1,42952,370,49.5622,2.0081,24206.35
2024-08-15,Mehrauli Badarpur Road,20,Thursday,3,0,1,38431,370,49.5622,2.0081,24206.35
2024-08-15,Mehrauli Badarpur Road,21,Thursday,3,0,0,29262,370,49.5622,2.0081,24206.35
2024-08-15,Mehrauli Badarpur Road,22,Thursday,3,0,0,29141,370,49.5622,2.0081,24206.35
2024-08-15,Mehrauli Badarpur Road,23,Thursday,3,0,0,28661,370,49.5622,2.0081,24206.35
2024-08-15,Barapullah Road,0,Thursday,3,0,0,53373,218,45.2661,1.3761,16478.62
2024-08-15,Barapullah Road,1,Thursday,3,0,0,44672,218,45.2661,1.3761,16478.62
2024-08-15,Barapullah Road,2,Thursday,3,0,0,24070,218,45.2661,1.3761,16478.62
2024-08-15,Barapullah Road,3,Thursday,3,0,0,19945,218,45.2661,1.3761,16478.62
2024-08-15,Barapullah Road,4,Thursday,3,0,0,29191,218,45.2661,1.3761,16478.62
2024-08-15,Barapullah Road,5,Thursday,3,0,0,39477,218,45.2661,1.3761,16478.62
2024-08-15,Barapullah Road,6,Thursday,3,0,0,49478,218,45.2661,1.3761,16478.62
2024-08-15,Barapullah Road,7,Thursday,3,0,1,50999,218,45.2661,1.3761,16478.62
2024-08-15,Barapullah Road,8,Thursday,3,0,1,46735,218,45.2661,1.3761,16478.62
2024-08-15,Barapullah Road,9,Thursday,3,0,1,54983,218,45.2661,1.3761,16478.62
2024-08-15,Barapullah Road,10,Thursday,3,0,0,62427,218,45.2661,1.3761,16478.62
2024-08-15,Barapullah Road,11,Thursday,3,0,0,66511,218,45.2661,1.3761,16478.62
2024-08-15,Barapullah Road,12,Thursday,3,0,0,75421,218,45.2661,1.3761,16478.62
2024-08-15,Barapullah Road,13,Thursday,3,0,0,76000,218,45.2661,1.3761,16478.62
2024-08-15,Barapullah Road,14,Thursday,3,0,0,77369,218,45.2661,1.3761,16478.62
2024-08-15,Barapullah Road,15,Thursday,3,0,0,77714,218,45.2661,1.3761,16478.62
2024-08-15,Barapullah Road,16,Thursday,3,0,0,86558,218,45.2661,1.3761,16478.62
2024-08-15,Barapullah Road,17,Thursday,3,0,1,87624,218,45.2661,1.3761,16478.62
2024-08-15,Barapullah Road,18,Thursday,3,0,1,88209,218,45.2661,1.3761,16478.62
2024-08-15,Barapullah Road,19,Thursday,3,0,1,89268,218,45.2661,1.3761,16478.62
2024-08-15,Barapullah Road,20,Thursday,3,0,1,85720,218,45.2661,1.3761,16478.62
2024-08-15,Barapullah Road,21,Thursday,3,0,0,69382,218,45.2661,1.3761,16478.62
2024-08-15,Barapullah Road,22,Thursday,3,0,0,51443,218,45.2661,1.3761,16478.62
2024-08-15,Barapullah Road,23,Thursday,3,0,0,40787,218,45.2661,1.3761,16478.62
2024-08-15,Vikas Marg,0,Thursday,3,0,0,36929,194,53.6082,2.0052,14316.28
2024-08-15,Vikas Marg,1,Thursday,3,0,0,26359,194,53.6082,2.0052,14316.28
2024-08-15,Vikas Marg,2,Thursday,3,0,0,17988,194,53.6082,2.0052,14316.28
2024-08-15,Vikas Marg,3,Thursday,3,0,0,13207,194,53.6082,2.0052,14316.28
2024-08-15,Vikas Marg,4,Thursday,3,0,0,17612,194,53.6082,2.0052,14316.28
2024-08-15,Vikas Marg,5,Thursday,3,0,0,26006,194,53.6082,2.0052,14316.28
2024-08-15,Vikas Marg,6,Thursday,3,0,0,26672,194,53.6082,2.0052,14316.28
2024-08-15,Vikas Marg,7,Thursday,3,0,1,20214,194,53.6082,2.0052,14316.28
2024-08-15,Vikas Marg,8,Thursday,3,0,1,23256,194,53.6082,2.0052,14316.28
2024-08-15,Vikas Marg,9,Thursday,3,0,1,18303,194,53.6082,2.0052,14316.28
2024-08-15,Vikas Marg,10,Thursday,3,0,0,27080,194,53.6082,2.0052,14316.28
2024-08-15,Vikas Marg,11,Thursday,3,0,0,34383,194,53.6082,2.0052,14316.28
2024-08-15,Vikas Marg,12,Thursday,3,0,0,38164,194,53.6082,2.0052,14316.28
2024-08-15,Vikas Marg,13,Thursday,3,0,0,45079,194,53.6082,2.0052,14316.28
2024-08-15,Vikas Marg,14,Thursday,3,0,0,45591,194,53.6082,2.0052,14316.28
2024-08-15,Vikas Marg,15,Thursday,3,0,0,45780,194,53.6082,2.0052,14316.28
2024-08-15,Vikas Marg,16,Thursday,3,0,0,44100,194,53.6082,2.0052,14316.28
2024-08-15,Vikas Marg,17,Thursday,3,0,1,43867,194,53.6082,2.0052,14316.28
2024-08-15,Vikas Marg,18,Thursday,3,0,1,42158,194,53.6082,2.0052,14316.28
2024-08-15,Vikas Marg,19,Thursday,3,0,1,39973,194,53.6082,2.0052,14316.28
2024-08-15,Vikas Marg,20,Thursday,3,0,1,37953,194,53.6082,2.0052,14316.28
2024-08-15,Vikas Marg,21,Thursday,3,0,0,36972,194,53.6082,2.0052,14316.28
2024-08-15,Vikas Marg,22,Thursday,3,0,0,35489,194,53.6082,2.0052,14316.28
2024-08-15,Vikas Marg,23,Thursday,3,0,0,35752,194,53.6082,2.0052,14316.28
2024-08-15,Africa Avenue,0,Thursday,3,0,0,18687,164,48.25,3.061,8464.09
2024-08-15,Africa Avenue,1,Thursday,3,0,0,11980,164,48.25,3.061,8464.09
2024-08-15,Africa Avenue,2,Thursday,3,0,0,9030,164,48.25,3.061,8464.09
2024-08-15,Africa Avenue,3,Thursday,3,0,0,6770,164,48.25,3.061,8464.09
2024-08-15,Africa Avenue,4,Thursday,3,0,0,6584,164,48.25,3.061,8464.09
2024-08-15,Africa Avenue,5,Thursday,3,0,0,8650,164,48.25,3.061,8464.09
2024-08-15,Africa Avenue,6,Thursday,3,0,0,11822,164,48.25,3.061,8464.09
2024-08-15,Africa Avenue,7,Thursday,3,0,1,13087,164,48.25,3.061,8464.09
2024-08-15,Africa Avenue,8,Thursday,3,0,1,14848,164,48.25,3.061,8464.09
2024-08-15,Africa Avenue,9,Thursday,3,0,1,15537,164,48.25,3.061,8464.09
2024-08-15,Africa Avenue,10,Thursday,3,0,0,20708,164,48.25,3.061,8464.09
2024-08-15,Africa Avenue,11,Thursday,3,0,0,21424,164,48.25,3.061,8464.09
2024-08-15,Africa Avenue,12,Thursday,3,0,0,26264,164,48.25,3.061,8464.09
2024-08-15,Africa Avenue,13,Thursday,3,0,0,31514,164,48.25,3.061,8464.09
2024-08-15,Africa Avenue,14,Thursday,3,0,0,31662,164,48.25,3.061,8464.09
2024-08-15,Africa Avenue,15,Thursday,3,0,0,29099,164,48.25,3.061,8464.09
2024-08-15,Africa Avenue,16,Thursday,3,0,0,35115,164,48.25,3.061,8464.09
2024-08-15,Africa Avenue,17,Thursday,3,0,1,36650,164,48.25,3.061,8464.09
2024-08-15,Africa Avenue,18,Thursday,3,0,1,35964,164,48.25,3.061,8464.09
2024-08-15,Africa Avenue,19,Thursday,3,0,1,35109,164,48.25,3.061,8464.09
2024-08-15,Africa Avenue,20,Thursday,3,0,1,33154,164,48.25,3.061,8464.09
2024-08-15,Africa Avenue,21,Thursday,3,0,0,25829,164,48.25,3.061,8464.09
2024-08-15,Africa Avenue,22,Thursday,3,0,0,21417,164,48.25,3.061,8464.09
2024-08-15,Africa Avenue,23,Thursday,3,0,0,16893,164,48.25,3.061,8464.09
2024-08-15,Sardar Patel Marg,0,Thursday,3,0,0,37259,153,52.8758,1.8954,9624.01
2024-08-15,Sardar Patel Marg,1,Thursday,3,0,0,23418,153,52.8758,1.8954,9624.01
2024-08-15,Sardar Patel Marg,2,Thursday,3,0,0,15835,153,52.8758,1.8954,9624.01
2024-08-15,Sardar Patel Marg,3,Thursday,3,0,0,16302,153,52.8758,1.8954,9624.01
2024-08-15,Sardar Patel Marg,4,Thursday,3,0,0,26632,153,52.8758,1.8954,9624.01
2024-08-15,Sardar Patel Marg,5,Thursday,3,0,0,37121,153,52.8758,1.8954,9624.01
2024-08-15,Sardar Patel Marg,6,Thursday,3,0,0,35618,153,52.8758,1.8954,9624.01
2024-08-15,Sardar Patel Marg,7,Thursday,3,0,1,28634,153,52.8758,1.8954,9624.01
2024-08-15,Sardar Patel Marg,8,Thursday,3,0,1,29273,153,52.8758,1.8954,9624.01
2024-08-15,Sardar Patel Marg,9,Thursday,3,0,1,29309,153,52.8758,1.8954,9624.01
2024-08-15,Sardar Patel Marg,10,Thursday,3,0,0,37645,153,52.8758,1.8954,9624.01
2024-08-15,Sardar Patel Marg,11,Thursday,3,0,0,51309,153,52.8758,1.8954,9624.01
2024-08-15,Sardar Patel Marg,12,Thursday,3,0,0,56586,153,52.8758,1.8954,9624.01
2024-08-15,Sardar Patel Marg,13,Thursday,3,0,0,62466,153,52.8758,1.8954,9624.01
2024-08-15,Sardar Patel Marg,14,Thursday,3,0,0,67156,153,52.8758,1.8954,9624.01
2024-08-15,Sardar Patel Marg,15,Thursday,3,0,0,63093,153,52.8758,1.8954,9624.01
2024-08-15,Sardar Patel Marg,16,Thursday,3,0,0,56117,153,52.8758,1.8954,9624.01
2024-08-15,Sardar Patel Marg,17,Thursday,3,0,1,58831,153,52.8758,1.8954,9624.01
2024-08-15,Sardar Patel Marg,18,Thursday,3,0,1,60640,153,52.8758,1.8954,9624.01
2024-08-15,Sardar Patel Marg,19,Thursday,3,0,1,55898,153,52.8758,1.8954,9624.01
2024-08-15,Sardar Patel Marg,20,Thursday,3,0,1,49067,153,52.8758,1.8954,9624.01
2024-08-15,Sardar Patel Marg,21,Thursday,3,0,0,42632,153,52.8758,1.8954,9624.01
2024-08-15,Sardar Patel Marg,22,Thursday,3,0,0,39106,153,52.8758,1.8954,9624.01
2024-08-15,Sardar Patel Marg,23,Thursday,3,0,0,30643,153,52.8758,1.8954,9624.01
2024-08-15,Noida Link Road,0,Thursday,3,0,0,21993,114,51.8421,2.3947,6981.29
2024-08-15,Noida Link Road,1,Thursday,3,0,0,14429,114,51.8421,2.3947,6981.29
2024-08-15,Noida Link Road,2,Thursday,3,0,0,10007,114,51.8421,2.3947,6981.29
2024-08-15,Noida Link Road,3,Thursday,3,0,0,7185,114,51.8421,2.3947,6981.29
2024-08-15,Noida Link Road,4,Thursday,3,0,0,11722,114,51.8421,2.3947,6981.29
2024-08-15,Noida Link Road,5,Thursday,3,0,0,15420,114,51.8421,2.3947,6981.29
2024-08-15,Noida Link Road,6,Thursday,3,0,0,19973,114,51.8421,2.3947,6981.29
2024-08-15,Noida Link Road,7,Thursday,3,0,1,18828,114,51.8421,2.3947,6981.29
2024-08-15,Noida Link Road,8,Thursday,3,0,1,18925,114,51.8421,2.3947,6981.29
2024-08-15,Noida Link Road,9,Thursday,3,0,1,19236,114,51.8421,2.3947,6981.29
2024-08-15,Noida Link Road,10,Thursday,3,0,0,21588,114,51.8421,2.3947,6981.29
2024-08-15,Noida Link Road,11,Thursday,3,0,0,27945,114,51.8421,2.3947,6981.29
2024-08-15,Noida Link Road,12,Thursday,3,0,0,31528,114,51.8421,2.3947,6981.29
2024-08-15,Noida Link Road,13,Thursday,3,0,0,34660,114,51.8421,2.3947,6981.29
2024-08-15,Noida Link Road,14,Thursday,3,0,0,36870,114,51.8421,2.3947,6981.29
2024-08-15,Noida Link Road,15,Thursday,3,0,0,36617,114,51.8421,2.3947,6981.29
2024-08-15,Noida Link Road,16,Thursday,3,0,0,40635,114,51.8421,2.3947,6981.29
2024-08-15,Noida Link Road,17,Thursday,3,0,1,39734,114,51.8421,2.3947,6981.29
2024-08-15,Noida Link Road,18,Thursday,3,0,1,37696,114,51.8421,2.3947,6981.29
2024-08-15,Noida Link Road,19,Thursday,3,0,1,36910,114,51.8421,2.3947,6981.29
2024-08-15,Noida Link Road,20,Thursday,3,0,1,37247,114,51.8421,2.3947,6981.29
2024-08-15,Noida Link Road,21,Thursday,3,0,0,33252,114,51.8421,2.3947,6981.29
2024-08-15,Noida Link Road,22,Thursday,3,0,0,30197,114,51.8421,2.3947,6981.29
2024-08-15,Noida Link Road,23,Thursday,3,0,0,22264,114,51.8421,2.3947,6981.29
2024-08-16,Mahatma Gandhi Marg,0,Friday,4,0,0,212612,1052,52.443,1.5722,62245.45
2024-08-16,Mahatma Gandhi Marg,1,Friday,4,0,0,151335,1052,52.443,1.5722,62245.45
2024-08-16,Mahatma Gandhi Marg,2,Friday,4,0,0,99062,1052,52.443,1.5722,62245.45
2024-08-16,Mahatma Gandhi Marg,3,Friday,4,0,0,97930,1052,52.443,1.5722,62245.45
2024-08-16,Mahatma Gandhi Marg,4,Friday,4,0,0,115260,1052,52.443,1.5722,62245.45
2024-08-16,Mahatma Gandhi Marg,5,Friday,4,0,0,155695,1052,52.443,1.5722,62245.45
2024-08-16,Mahatma Gandhi Marg,6,Friday,4,0,0,224783,1052,52.443,1.5722,62245.45
2024-08-16,Mahatma Gandhi Marg,7,Friday,4,0,1,338587,1052,52.443,1.5722,62245.45
2024-08-16,Mahatma Gandhi Marg,8,Friday,4,0,1,505531,1052,52.443,1.5722,62245.45
2024-08-16,Mahatma Gandhi Marg,9,Friday,4,0,1,562056,1052,52.443,1.5722,62245.45
2024-08-16,Mahatma Gandhi Marg,10,Friday,4,0,0,567742,1052,52.443,1.5722,62245.45
2024-08-16,Mahatma Gandhi Marg,11,Friday,4,0,0,548024,1052,52.443,1.5722,62245.45
2024-08-16,Mahatma Gandhi Marg,12,Friday,4,0,0,523317,1052,52.443,1.5722,62245.45
2024-08-16,Mahatma Gandhi Marg,13,Friday,4,0,0,492432,1052,52.443,1.5722,62245.45
2024-08-16,Mahatma Gandhi Marg,14,Friday,4,0,0,499951,1052,52.443,1.5722,62245.45
2024-08-16,Mahatma Gandhi Marg,15,Friday,4,0,0,495475,1052,52.443,1.5722,62245.45
2024-08-16,Mahatma Gandhi Marg,16,Friday,4,0,0,501299,1052,52.443,1.5722,62245.45
2024-08-16,Mahatma Gandhi Marg,17,Friday,4,0,1,572939,1052,52.443,1.5722,62245.45
2024-08-16,Mahatma Gandhi Marg,18,Friday,4,0,1,528251,1052,52.443,1.5722,62245.45
2024-08-16,Mahatma Gandhi Marg,19,Friday,4,0,1,521982,1052,52.443,1.5722,62245.45
2024-08-16,Mahatma Gandhi Marg,20,Friday,4,0,1,520540,1052,52.443,1.5722,62245.45
2024-08-16,Mahatma Gandhi Marg,21,Friday,4,0,0,469941,1052,52.443,1.5722,62245.45
2024-08-16,Mahatma Gandhi Marg,22,Friday,4,0,0,429556,1052,52.443,1.5722,62245.45
2024-08-16,Mahatma Gandhi Marg,23,Friday,4,0,0,333891,1052,52.443,1.5722,62245.45
2024-08-16,Mathura Road,0,Friday,4,0,0,79395,759,49.1331,1.9763,50900.63
2024-08-16,Mathura Road,1,Friday,4,0,0,47283,759,49.1331,1.9763,50900.63
2024-08-16,Mathura Road,2,Friday,4,0,0,30638,759,49.1331,1.9763,50900.63
2024-08-16,Mathura Road,3,Friday,4,0,0,30274,759,49.1331,1.9763,50900.63
2024-08-16,Mathura Road,4,Friday,4,0,0,45311,759,49.1331,1.9763,50900.63
2024-08-16,Mathura Road,5,Friday,4,0,0,72009,759,49.1331,1.9763,50900.63
2024-08-16,Mathura Road,6,Friday,4,0,0,81095,759,49.1331,1.9763,50900.63
2024-08-16,Mathura Road,7,Friday,4,0,1,102607,759,49.1331,1.9763,50900.63
2024-08-16,Mathura Road,8,Friday,4,0,1,164825,759,49.1331,1.9763,50900.63
2024-08-16,Mathura Road,9,Friday,4,0,1,217482,759,49.1331,1.9763,50900.63
2024-08-16,Mathura Road,10,Friday,4,0,0,218077,759,49.1331,1.9763,50900.63
2024-08-16,Mathura Road,11,Friday,4,0,0,193032,759,49.1331,1.9763,50900.63
2024-08-16,Mathura Road,12,Friday,4,0,0,191123,759,49.1331,1.9763,50900.63
2024-08-16,Mathura Road,13,Friday,4,0,0,196563,759,49.1331,1.9763,50900.63
2024-08-16,Mathura Road,14,Friday,4,0,0,200060,759,49.1331,1.9763,50900.63
2024-08-16,Mathura Road,15,Friday,4,0,0,193669,759,49.1331,1.9763,50900.63
2024-08-16,Mathura Road,16,Friday,4,0,0,206782,759,49.1331,1.9763,50900.63
2024-08-16,Mathura Road,17,Friday,4,0,1,219459,759,49.1331,1.9763,50900.63
2024-08-16,Mathura Road,18,Friday,4,0,1,223392,759,49.1331,1.9763,50900.63
2024-08-16,Mathura Road,19,Friday,4,0,1,208711,759,49.1331,1.9763,50900.63
2024-08-16,Mathura Road,20,Friday,4,0,1,197362,759,49.1331,1.9763,50900.63
2024-08-16,Mathura Road,21,Friday,4,0,0,195126,759,49.1331,1.9763,50900.63
2024-08-16,Mathura Road,22,Friday,4,0,0,161862,759,49.1331,1.9763,50900.63
2024-08-16,Mathura Road,23,Friday,4,0,0,127914,759,49.1331,1.9763,50900.63
2024-08-16,Outer Ring Road,0,Friday,4,0,0,129428,712,46.8048,2.4593,43347.7
2024-08-16,Outer Ring Road,1,Friday,4,0,0,91959,712,46.8048,2.4593,43347.7
2024-08-16,Outer Ring Road,2,Friday,4,0,0,62004,712,46.8048,2.4593,43347.7
2024-08-16,Outer Ring Road,3,Friday,4,0,0,57594,712,46.8048,2.4593,43347.7
2024-08-16,Outer Ring Road,4,Friday,4,0,0,60561,712,46.8048,2.4593,43347.7
2024-08-16,Outer Ring Road,5,Friday,4,0,0,71727,712,46.8048,2.4593,43347.7
2024-08-16,Outer Ring Road,6,Friday,4,0,0,96003,712,46.8048,2.4593,43347.7
2024-08-16,Outer Ring Road,7,Friday,4,0,1,167580,712,46.8048,2.4593,43347.7
2024-08-16,Outer Ring Road,8,Friday,4,0,1,261864,712,46.8048,2.4593,43347.7
2024-08-16,Outer Ring Road,9,Friday,4,0,1,319547,712,46.8048,2.4593,43347.7
2024-08-16,Outer Ring Road,10,Friday,4,0,0,329093,712,46.8048,2.4593,43347.7
2024-08-16,Outer Ring Road,11,Friday,4,0,0,317439,712,46.8048,2.4593,43347.7
2024-08-16,Outer Ring Road,12,Friday,4,0,0,284528,712,46.8048,2.4593,43347.7
2024-08-16,Outer Ring Road,13,Friday,4,0,0,258755,712,46.8048,2.4593,43347.7
2024-08-16,Outer Ring Road,14,Friday,4,0,0,292232,712,46.8048,2.4593,43347.7
2024-08-16,Outer Ring Road,15,Friday,4,0,0,333312,712,46.8048,2.4593,43347.7
2024-08-16,Outer Ring Road,16,Friday,4,0,0,334703,712,46.8048,2.4593,43347.7
2024-08-16,Outer Ring Road,17,Friday,4,0,1,344356,712,46.8048,2.4593,43347.7
2024-08-16,Outer Ring Road,18,Friday,4,0,1,345465,712,46.8048,2.4593,43347.7
2024-08-16,Outer Ring Road,19,Friday,4,0,1,333758,712,46.8048,2.4593,43347.7
2024-08-16,Outer Ring Road,20,Friday,4,0,1,336271,712,46.8048,2.4593,43347.7
2024-08-16,Outer Ring Road,21,Friday,4,0,0,300852,712,46.8048,2.4593,43347.7
2024-08-16,Outer Ring Road,22,Friday,4,0,0,261320,712,46.8048,2.4593,43347.7
2024-08-16,Outer Ring Road,23,Friday,4,0,0,213444,712,46.8048,2.4593,43347.7
2024-08-16,Aurobindo Marg,0,Friday,4,0,0,61280,378,49.709,1.8783,17962.91
2024-08-16,Aurobindo Marg,1,Friday,4,0,0,40551,378,49.709,1.8783,17962.91
2024-08-16,Aurobindo Marg,2,Friday,4,0,0,28282,378,49.709,1.8783,17962.91
2024-08-16,Aurobindo Marg,3,Friday,4,0,0,22433,378,49.709,1.8783,17962.91
2024-08-16,Aurobindo Marg,4,Friday,4,0,0,26166,378,49.709,1.8783,17962.91
2024-08-16,Aurobindo Marg,5,Friday,4,0,0,36949,378,49.709,1.8783,17962.91
2024-08-16,Aurobindo Marg,6,Friday,4,0,0,40394,378,49.709,1.8783,17962.91
2024-08-16,Aurobindo Marg,7,Friday,4,0,1,73277,378,49.709,1.8783,17962.91
2024-08-16,Aurobindo Marg,8,Friday,4,0,1,112552,378,49.709,1.8783,17962.91
2024-08-16,Aurobindo Marg,9,Friday,4,0,1,169121,378,49.709,1.8783,17962.91
2024-08-16,Aurobindo Marg,10,Friday,4,0,0,167669,378,49.709,1.8783,17962.91
2024-08-16,Aurobindo Marg,11,Friday,4,0,0,154685,378,49.709,1.8783,17962.91
2024-08-16,Aurobindo Marg,12,Friday,4,0,0,144675,378,49.709,1.8783,17962.91
2024-08-16,Aurobindo Marg,13,Friday,4,0,0,146137,378,49.709,1.8783,17962.91
2024-08-16,Aurobindo Marg,14,Friday,4,0,0,129660,378,49.709,1.8783,17962.91
2024-08-16,Aurobindo Marg,15,Friday,4,0,0,153921,378,49.709,1.8783,17962.91
2024-08-16,Aurobindo Marg,16,Friday,4,0,0,160721,378,49.709,1.8783,17962.91
2024-08-16,Aurobindo Marg,17,Friday,4,0,1,156524,378,49.709,1.8783,17962.91
2024-08-16,Aurobindo Marg,18,Friday,4,0,1,147772,378,49.709,1.8783,17962.91
2024-08-16,Aurobindo Marg,19,Friday,4,0,1,143336,378,49.709,1.8783,17962.91
2024-08-16,Aurobindo Marg,20,Friday,4,0,1,155864,378,49.709,1.8783,17962.91
2024-08-16,Aurobindo Marg,21,Friday,4,0,0,143902,378,49.709,1.8783,17962.91
2024-08-16,Aurobindo Marg,22,Friday,4,0,0,133856,378,49.709,1.8783,17962.91
2024-08-16,Aurobindo Marg,23,Friday,4,0,0,104240,378,49.709,1.8783,17962.91
2024-08-16,Mehrauli Badarpur Road,0,Friday,4,0,0,22310,370,49.5622,2.0081,24206.35
2024-08-16,Mehrauli Badarpur Road,1,Friday,4,0,0,15652,370,49.5622,2.0081,24206.35
2024-08-16,Mehrauli Badarpur Road,2,Friday,4,0,0,10019,370,49.5622,2.0081,24206.35
2024-08-16,Mehrauli Badarpur Road,3,Friday,4,0,0,7170,370,49.5622,2.0081,24206.35
2024-08-16,Mehrauli Badarpur Road,4,Friday,4,0,0,7723,370,49.5622,2.0081,24206.35
2024-08-16,Mehrauli Badarpur Road,5,Friday,4,0,0,9972,370,49.5622,2.0081,24206.35
2024-08-16,Mehrauli Badarpur Road,6,Friday,4,0,0,14903,370,49.5622,2.0081,24206.35
2024-08-16,Mehrauli Badarpur Road,7,Friday,4,0,1,20910,370,49.5622,2.0081,24206.35
2024-08-16,Mehrauli Badarpur Road,8,Friday,4,0,1,32249,370,49.5622,2.0081,24206.35
2024-08-16,Mehrauli Badarpur Road,9,Friday,4,0,1,42242,370,49.5622,2.0081,24206.35
2024-08-16,Mehrauli Badarpur Road,10,Friday,4,0,0,48545,370,49.5622,2.0081,24206.35
2024-08-16,Mehrauli Badarpur Road,11,Friday,4,0,0,46407,370,49.5622,2.0081,24206.35
2024-08-16,Mehrauli Badarpur Road,12,Friday,4,0,0,48023,370,49.5622,2.0081,24206.35
2024-08-16,Mehrauli Badarpur Road,13,Friday,4,0,0,55854,370,49.5622,2.0081,24206.35
2024-08-16,Mehrauli Badarpur Road,14,Friday,4,0,0,54616,370,49.5622,2.0081,24206.35
2024-08-16,Mehrauli Badarpur Road,15,Friday,4,0,0,55448,370,49.5622,2.0081,24206.35
2024-08-16,Mehrauli Badarpur Road,16,Friday,4,0,0,57720,370,49.5622,2.0081,24206.35
2024-08-16,Mehrauli Badarpur Road,17,Friday,4,0,1,58237,370,49.5622,2.0081,24206.35
2024-08-16,Mehrauli Badarpur Road,18,Friday,4,0,1,64480,370,49.5622,2.0081,24206.35
2024-08-16,Mehrauli Badarpur Road,19,Friday,4,0,1,49690,370,49.5622,2.0081,24206.35
2024-08-16,Mehrauli Badarpur Road,20,Friday,4,0,1,53558,370,49.5622,2.0081,24206.35
2024-08-16,Mehrauli Badarpur Road,21,Friday,4,0,0,51696,370,49.5622,2.0081,24206.35
2024-08-16,Mehrauli Badarpur Road,22,Friday,4,0,0,50104,370,49.5622,2.0081,24206.35
2024-08-16,Mehrauli Badarpur Road,23,Friday,4,0,0,41059,370,49.5622,2.0081,24206.35
2024-08-16,Barapullah Road,0,Friday,4,0,0,29500,218,45.2661,1.3761,16478.62
2024-08-16,Barapullah Road,1,Friday,4,0,0,20473,218,45.2661,1.3761,16478.62
2024-08-16,Barapullah Road,2,Friday,4,0,0,12004,218,45.2661,1.3761,16478.62
2024-08-16,Barapullah Road,3,Friday,4,0,0,14977,218,45.2661,1.3761,16478.62
2024-08-16,Barapullah Road,4,Friday,4,0,0,18515,218,45.2661,1.3761,16478.62
2024-08-16,Barapullah Road,5,Friday,4,0,0,23146,218,45.2661,1.3761,16478.62
2024-08-16,Barapullah Road,6,Friday,4,0,0,33846,218,45.2661,1.3761,16478.62
2024-08-16,Barapullah Road,7,Friday,4,0,1,46936,218,45.2661,1.3761,16478.62
2024-08-16,Barapullah Road,8,Friday,4,0,1,80419,218,45.2661,1.3761,16478.62
2024-08-16,Barapullah Road,9,Friday,4,0,1,90393,218,45.2661,1.3761,16478.62
2024-08-16,Barapullah Road,10,Friday,4,0,0,86961,218,45.2661,1.3761,16478.62
2024-08-16,Barapullah Road,11,Friday,4,0,0,100663,218,45.2661,1.3761,16478.62
2024-08-16,Barapullah Road,12,Friday,4,0,0,104981,218,45.2661,1.3761,16478.62
2024-08-16,Barapullah Road,13,Friday,4,0,0,115967,218,45.2661,1.3761,16478.62
2024-08-16,Barapullah Road,14,Friday,4,0,0,96782,218,45.2661,1.3761,16478.62
2024-08-16,Barapullah Road,15,Friday,4,0,0,102730,218,45.2661,1.3761,16478.62
2024-08-16,Barapullah Road,16,Friday,4,0,0,110947,218,45.2661,1.3761,16478.62
2024-08-16,Barapullah Road,17,Friday,4,0,1,89434,218,45.2661,1.3761,16478.62
2024-08-16,Barapullah Road,18,Friday,4,0,1,95679,218,45.2661,1.3761,16478.62
2024-08-16,Barapullah Road,19,Friday,4,0,1,92664,218,45.2661,1.3761,16478.62
2024-08-16,Barapullah Road,20,Friday,4,0,1,97835,218,45.2661,1.3761,16478.62
2024-08-16,Barapullah Road,21,Friday,4,0,0,82919,218,45.2661,1.3761,16478.62
2024-08-16,Barapullah Road,22,Friday,4,0,0,58771,218,45.2661,1.3761,16478.62
2024-08-16,Barapullah Road,23,Friday,4,0,0,43992,218,45.2661,1.3761,16478.62
2024-08-16,Vikas Marg,0,Friday,4,0,0,27949,194,53.6082,2.0052,14316.28
2024-08-16,Vikas Marg,1,Friday,4,0,0,16294,194,53.6082,2.0052,14316.28
2024-08-16,Vikas Marg,2,Friday,4,0,0,13297,194,53.6082,2.0052,14316.28
2024-08-16,Vikas Marg,3,Friday,4,0,0,9821,194,53.6082,2.0052,14316.28
2024-08-16,Vikas Marg,4,Friday,4,0,0,14098,194,53.6082,2.0052,14316.28
2024-08-16,Vikas Marg,5,Friday,4,0,0,27569,194,53.6082,2.0052,14316.28
2024-08-16,Vikas Marg,6,Friday,4,0,0,27175,194,53.6082,2.0052,14316.28
2024-08-16,Vikas Marg,7,Friday,4,0,1,27153,194,53.6082,2.0052,14316.28
2024-08-16,Vikas Marg,8,Friday,4,0,1,32526,194,53.6082,2.0052,14316.28
2024-08-16,Vikas Marg,9,Friday,4,0,1,46261,194,53.6082,2.0052,14316.28
2024-08-16,Vikas Marg,10,Friday,4,0,0,49596,194,53.6082,2.0052,14316.28
2024-08-16,Vikas Marg,11,Friday,4,0,0,45025,194,53.6082,2.0052,14316.28
2024-08-16,Vikas Marg,12,Friday,4,0,0,35218,194,53.6082,2.0052,14316.28
2024-08-16,Vikas Marg,13,Friday,4,0,0,40943,194,53.6082,2.0052,14316.28
2024-08-16,Vikas Marg,14,Friday,4,0,0,44741,194,53.6082,2.0052,14316.28
2024-08-16,Vikas Marg,15,Friday,4,0,0,50693,194,53.6082,2.0052,14316.28
2024-08-16,Vikas Marg,16,Friday,4,0,0,48834,194,53.6082,2.0052,14316.28
2024-08-16,Vikas Marg,17,Friday,4,0,1,48407,194,53.6082,2.0052,14316.28
2024-08-16,Vikas Marg,18,Friday,4,0,1,45755,194,53.6082,2.0052,14316.28
2024-08-16,Vikas Marg,19,Friday,4,0,1,46284,194,53.6082,2.0052,14316.28
2024-08-16,Vikas Marg,20,Friday,4,0,1,47948,194,53.6082,2.0052,14316.28
2024-08-16,Vikas Marg,21,Friday,4,0,0,50589,194,53.6082,2.0052,14316.28
2024-08-16,Vikas Marg,22,Friday,4,0,0,47569,194,53.6082,2.0052,14316.28
2024-08-16,Vikas Marg,23,Friday,4,0,0,46403,194,53.6082,2.0052,14316.28
2024-08-16,Africa Avenue,0,Friday,4,0,0,11229,164,48.25,3.061,8464.09
2024-08-16,Africa Avenue,1,Friday,4,0,0,7685,164,48.25,3.061,8464.09
2024-08-16,Africa Avenue,2,Friday,4,0,0,4666,164,48.25,3.061,8464.09
2024-08-16,Africa Avenue,3,Friday,4,0,0,5123,164,48.25,3.061,8464.09
2024-08-16,Africa Avenue,4,Friday,4,0,0,4655,164,48.25,3.061,8464.09
2024-08-16,Africa Avenue,5,Friday,4,0,0,6074,164,48.25,3.061,8464.09
2024-08-16,Africa Avenue,6,Friday,4,0,0,9995,164,48.25,3.061,8464.09
2024-08-16,Africa Avenue,7,Friday,4,0,1,18295,164,48.25,3.061,8464.09
2024-08-16,Africa Avenue,8,Friday,4,0,1,28956,164,48.25,3.061,8464.09
2024-08-16,Africa Avenue,9,Friday,4,0,1,39908,164,48.25,3.061,8464.09
2024-08-16,Africa Avenue,10,Friday,4,0,0,42154,164,48.25,3.061,8464.09
2024-08-16,Africa Avenue,11,Friday,4,0,0,42805,164,48.25,3.061,8464.09
2024-08-16,Africa Avenue,12,Friday,4,0,0,44474,164,48.25,3.061,8464.09
2024-08-16,Africa Avenue,13,Friday,4,0,0,45519,164,48.25,3.061,8464.09
2024-08-16,Africa Avenue,14,Friday,4,0,0,47384,164,48.25,3.061,8464.09
2024-08-16,Africa Avenue,15,Friday,4,0,0,44982,164,48.25,3.061,8464.09
2024-08-16,Africa Avenue,16,Friday,4,0,0,46095,164,48.25,3.061,8464.09
2024-08-16,Africa Avenue,17,Friday,4,0,1,45979,164,48.25,3.061,8464.09
2024-08-16,Africa Avenue,18,Friday,4,0,1,46884,164,48.25,3.061,8464.09
2024-08-16,Africa Avenue,19,Friday,4,0,1,43405,164,48.25,3.061,8464.09
2024-08-16,Africa Avenue,20,Friday,4,0,1,41037,164,48.25,3.061,8464.09
2024-08-16,Africa Avenue,21,Friday,4,0,0,29458,164,48.25,3.061,8464.09
2024-08-16,Africa Avenue,22,Friday,4,0,0,22888,164,48.25,3.061,8464.09
2024-08-16,Africa Avenue,23,Friday,4,0,0,19311,164,48.25,3.061,8464.09
2024-08-16,Sardar Patel Marg,0,Friday,4,0,0,24986,153,52.8758,1.8954,9624.01
2024-08-16,Sardar Patel Marg,1,Friday,4,0,0,16194,153,52.8758,1.8954,9624.01
2024-08-16,Sardar Patel Marg,2,Friday,4,0,0,12661,153,52.8758,1.8954,9624.01
2024-08-16,Sardar Patel Marg,3,Friday,4,0,0,12893,153,52.8758,1.8954,9624.01
2024-08-16,Sardar Patel Marg,4,Friday,4,0,0,22677,153,52.8758,1.8954,9624.01
2024-08-16,Sardar Patel Marg,5,Friday,4,0,0,32628,153,52.8758,1.8954,9624.01
2024-08-16,Sardar Patel Marg,6,Friday,4,0,0,33193,153,52.8758,1.8954,9624.01
2024-08-16,Sardar Patel Marg,7,Friday,4,0,1,42966,153,52.8758,1.8954,9624.01
2024-08-16,Sardar Patel Marg,8,Friday,4,0,1,48984,153,52.8758,1.8954,9624.01
2024-08-16,Sardar Patel Marg,9,Friday,4,0,1,59695,153,52.8758,1.8954,9624.01
2024-08-16,Sardar Patel Marg,10,Friday,4,0,0,65938,153,52.8758,1.8954,9624.01
2024-08-16,Sardar Patel Marg,11,Friday,4,0,0,70595,153,52.8758,1.8954,9624.01
2024-08-16,Sardar Patel Marg,12,Friday,4,0,0,71003,153,52.8758,1.8954,9624.01
2024-08-16,Sardar Patel Marg,13,Friday,4,0,0,75742,153,52.8758,1.8954,9624.01
2024-08-16,Sardar Patel Marg,14,Friday,4,0,0,71354,153,52.8758,1.8954,9624.01
2024-08-16,Sardar Patel Marg,15,Friday,4,0,0,71610,153,52.8758,1.8954,9624.01
2024-08-16,Sardar Patel Marg,16,Friday,4,0,0,80047,153,52.8758,1.8954,9624.01
2024-08-16,Sardar Patel Marg,17,Friday,4,0,1,64061,153,52.8758,1.8954,9624.01
2024-08-16,Sardar Patel Marg,18,Friday,4,0,1,63321,153,52.8758,1.8954,9624.01
2024-08-16,Sardar Patel Marg,19,Friday,4,0,1,60607,153,52.8758,1.8954,9624.01
2024-08-16,Sardar Patel Marg,20,Friday,4,0,1,64503,153,52.8758,1.8954,9624.01
2024-08-16,Sardar Patel Marg,21,Friday,4,0,0,59863,153,52.8758,1.8954,9624.01
2024-08-16,Sardar Patel Marg,22,Friday,4,0,0,51042,153,52.8758,1.8954,9624.01
2024-08-16,Sardar Patel Marg,23,Friday,4,0,0,42935,153,52.8758,1.8954,9624.01
2024-08-16,Noida Link Road,0,Friday,4,0,0,15612,114,51.8421,2.3947,6981.29
2024-08-16,Noida Link Road,1,Friday,4,0,0,7999,114,51.8421,2.3947,6981.29
2024-08-16,Noida Link Road,2,Friday,4,0,0,6615,114,51.8421,2.3947,6981.29
2024-08-16,Noida Link Road,3,Friday,4,0,0,5536,114,51.8421,2.3947,6981.29
2024-08-16,Noida Link Road,4,Friday,4,0,0,6889,114,51.8421,2.3947,6981.29
2024-08-16,Noida Link Road,5,Friday,4,0,0,12796,114,51.8421,2.3947,6981.29
2024-08-16,Noida Link Road,6,Friday,4,0,0,15818,114,51.8421,2.3947,6981.29
2024-08-16,Noida Link Road,7,Friday,4,0,1,19301,114,51.8421,2.3947,6981.29
2024-08-16,Noida Link Road,8,Friday,4,0,1,32825,114,51.8421,2.3947,6981.29
2024-08-16,Noida Link Road,9,Friday,4,0,1,44079,114,51.8421,2.3947,6981.29
2024-08-16,Noida Link Road,10,Friday,4,0,0,40212,114,51.8421,2.3947,6981.29
2024-08-16,Noida Link Road,11,Friday,4,0,0,41729,114,51.8421,2.3947,6981.29
2024-08-16,Noida Link Road,12,Friday,4,0,0,40212,114,51.8421,2.3947,6981.29
2024-08-16,Noida Link Road,13,Friday,4,0,0,42588,114,51.8421,2.3947,6981.29
2024-08-16,Noida Link Road,14,Friday,4,0,0,43699,114,51.8421,2.3947,6981.29
2024-08-16,Noida Link Road,15,Friday,4,0,0,44612,114,51.8421,2.3947,6981.29
2024-08-16,Noida Link Road,16,Friday,4,0,0,47455,114,51.8421,2.3947,6981.29
2024-08-16,Noida Link Road,17,Friday,4,0,1,47903,114,51.8421,2.3947,6981.29
2024-08-16,Noida Link Road,18,Friday,4,0,1,51429,114,51.8421,2.3947,6981.29
2024-08-16,Noida Link Road,19,Friday,4,0,1,55469,114,51.8421,2.3947,6981.29
2024-08-16,Noida Link Road,20,Friday,4,0,1,50099,114,51.8421,2.3947,6981.29
2024-08-16,Noida Link Road,21,Friday,4,0,0,38934,114,51.8421,2.3947,6981.29
2024-08-16,Noida Link Road,22,Friday,4,0,0,31793,114,51.8421,2.3947,6981.29
2024-08-16,Noida Link Road,23,Friday,4,0,0,28215,114,51.8421,2.3947,6981.29
2024-08-17,Mahatma Gandhi Marg,0,Saturday,5,1,0,220944,1052,52.443,1.5722,62245.45
2024-08-17,Mahatma Gandhi Marg,1,Saturday,5,1,0,179650,1052,52.443,1.5722,62245.45
2024-08-17,Mahatma Gandhi Marg,2,Saturday,5,1,0,132520,1052,52.443,1.5722,62245.45
2024-08-17,Mahatma Gandhi Marg,3,Saturday,5,1,0,120073,1052,52.443,1.5722,62245.45
2024-08-17,Mahatma Gandhi Marg,4,Saturday,5,1,0,145224,1052,52.443,1.5722,62245.45
2024-08-17,Mahatma Gandhi Marg,5,Saturday,5,1,0,176046,1052,52.443,1.5722,62245.45
2024-08-17,Mahatma Gandhi Marg,6,Saturday,5,1,0,236567,1052,52.443,1.5722,62245.45
2024-08-17,Mahatma Gandhi Marg,7,Saturday,5,1,1,295526,1052,52.443,1.5722,62245.45
2024-08-17,Mahatma Gandhi Marg,8,Saturday,5,1,1,388424,1052,52.443,1.5722,62245.45
2024-08-17,Mahatma Gandhi Marg,9,Saturday,5,1,1,477537,1052,52.443,1.5722,62245.45
2024-08-17,Mahatma Gandhi Marg,10,Saturday,5,1,0,505677,1052,52.443,1.5722,62245.45
2024-08-17,Mahatma Gandhi Marg,11,Saturday,5,1,0,490711,1052,52.443,1.5722,62245.45
2024-08-17,Mahatma Gandhi Marg,12,Saturday,5,1,0,507949,1052,52.443,1.5722,62245.45
2024-08-17,Mahatma Gandhi Marg,13,Saturday,5,1,0,510213,1052,52.443,1.5722,62245.45
2024-08-17,Mahatma Gandhi Marg,14,Saturday,5,1,0,484827,1052,52.443,1.5722,62245.45
2024-08-17,Mahatma Gandhi Marg,15,Saturday,5,1,0,501423,1052,52.443,1.5722,62245.45
2024-08-17,Mahatma Gandhi Marg,16,Saturday,5,1,0,538452,1052,52.443,1.5722,62245.45
2024-08-17,Mahatma Gandhi Marg,17,Saturday,5,1,1,582082,1052,52.443,1.5722,62245.45
2024-08-17,Mahatma Gandhi Marg,18,Saturday,5,1,1,571465,1052,52.443,1.5722,62245.45
2024-08-17,Mahatma Gandhi Marg,19,Saturday,5,1,1,537236,1052,52.443,1.5722,62245.45
2024-08-17,Mahatma Gandhi Marg,20,Saturday,5,1,1,520601,1052,52.443,1.5722,62245.45
2024-08-17,Mahatma Gandhi Marg,21,Saturday,5,1,0,508351,1052,52.443,1.5722,62245.45
2024-08-17,Mahatma Gandhi Marg,22,Saturday,5,1,0,465310,1052,52.443,1.5722,62245.45
2024-08-17,Mahatma Gandhi Marg,23,Saturday,5,1,0,332488,1052,52.443,1.5722,62245.45
2024-08-17,Mathura Road,0,Saturday,5,1,0,89353,759,49.1331,1.9763,50900.63
2024-08-17,Mathura Road,1,Saturday,5,1,0,57330,759,49.1331,1.9763,50900.63
2024-08-17,Mathura Road,2,Saturday,5,1,0,41535,759,49.1331,1.9763,50900.63
2024-08-17,Mathura Road,3,Saturday,5,1,0,38478,759,49.1331,1.9763,50900.63
2024-08-17,Mathura Road,4,Saturday,5,1,0,55565,759,49.1331,1.9763,50900.63
2024-08-17,Mathura Road,5,Saturday,5,1,0,81228,759,49.1331,1.9763,50900.63
2024-08-17,Mathura Road,6,Saturday,5,1,0,100560,759,49.1331,1.9763,50900.63
2024-08-17,Mathura Road,7,Saturday,5,1,1,106014,759,49.1331,1.9763,50900.63
2024-08-17,Mathura Road,8,Saturday,5,1,1,139653,759,49.1331,1.9763,50900.63
2024-08-17,Mathura Road,9,Saturday,5,1,1,170913,759,49.1331,1.9763,50900.63
2024-08-17,Mathura Road,10,Saturday,5,1,0,195458,759,49.1331,1.9763,50900.63
2024-08-17,Mathura Road,11,Saturday,5,1,0,204107,759,49.1331,1.9763,50900.63
2024-08-17,Mathura Road,12,Saturday,5,1,0,213827,759,49.1331,1.9763,50900.63
2024-08-17,Mathura Road,13,Saturday,5,1,0,220270,759,49.1331,1.9763,50900.63
2024-08-17,Mathura Road,14,Saturday,5,1,0,215259,759,49.1331,1.9763,50900.63
2024-08-17,Mathura Road,15,Saturday,5,1,0,218425,759,49.1331,1.9763,50900.63
2024-08-17,Mathura Road,16,Saturday,5,1,0,227860,759,49.1331,1.9763,50900.63
2024-08-17,Mathura Road,17,Saturday,5,1,1,230083,759,49.1331,1.9763,50900.63
2024-08-17,Mathura Road,18,Saturday,5,1,1,229621,759,49.1331,1.9763,50900.63
2024-08-17,Mathura Road,19,Saturday,5,1,1,220994,759,49.1331,1.9763,50900.63
2024-08-17,Mathura Road,20,Saturday,5,1,1,220446,759,49.1331,1.9763,50900.63
2024-08-17,Mathura Road,21,Saturday,5,1,0,199379,759,49.1331,1.9763,50900.63
2024-08-17,Mathura Road,22,Saturday,5,1,0,173715,759,49.1331,1.9763,50900.63
2024-08-17,Mathura Road,23,Saturday,5,1,0,132073,759,49.1331,1.9763,50900.63
2024-08-17,Outer Ring Road,0,Saturday,5,1,0,158946,712,46.8048,2.4593,43347.7
2024-08-17,Outer Ring Road,1,Saturday,5,1,0,129901,712,46.8048,2.4593,43347.7
2024-08-17,Outer Ring Road,2,Saturday,5,1,0,90129,712,46.8048,2.4593,43347.7
2024-08-17,Outer Ring Road,3,Saturday,5,1,0,88746,712,46.8048,2.4593,43347.7
2024-08-17,Outer Ring Road,4,Saturday,5,1,0,79461,712,46.8048,2.4593,43347.7
2024-08-17,Outer Ring Road,5,Saturday,5,1,0,81685,712,46.8048,2.4593,43347.7
2024-08-17,Outer Ring Road,6,Saturday,5,1,0,98189,712,46.8048,2.4593,43347.7
2024-08-17,Outer Ring Road,7,Saturday,5,1,1,138002,712,46.8048,2.4593,43347.7
2024-08-17,Outer Ring Road,8,Saturday,5,1,1,193728,712,46.8048,2.4593,43347.7
2024-08-17,Outer Ring Road,9,Saturday,5,1,1,264524,712,46.8048,2.4593,43347.7
2024-08-17,Outer Ring Road,10,Saturday,5,1,0,293813,712,46.8048,2.4593,43347.7
2024-08-17,Outer Ring Road,11,Saturday,5,1,0,293535,712,46.8048,2.4593,43347.7
2024-08-17,Outer Ring Road,12,Saturday,5,1,0,303447,712,46.8048,2.4593,43347.7
2024-08-17,Outer Ring Road,13,Saturday,5,1,0,317814,712,46.8048,2.4593,43347.7
2024-08-17,Outer Ring Road,14,Saturday,5,1,0,337468,712,46.8048,2.4593,43347.7
2024-08-17,Outer Ring Road,15,Saturday,5,1,0,343530,712,46.8048,2.4593,43347.7
2024-08-17,Outer Ring Road,16,Saturday,5,1,0,364909,712,46.8048,2.4593,43347.7
2024-08-17,Outer Ring Road,17,Saturday,5,1,1,381796,712,46.8048,2.4593,43347.7
2024-08-17,Outer Ring Road,18,Saturday,5,1,1,373402,712,46.8048,2.4593,43347.7
2024-08-17,Outer Ring Road,19,Saturday,5,1,1,376698,712,46.8048,2.4593,43347.7
2024-08-17,Outer Ring Road,20,Saturday,5,1,1,354512,712,46.8048,2.4593,43347.7
2024-08-17,Outer Ring Road,21,Saturday,5,1,0,305644,712,46.8048,2.4593,43347.7
2024-08-17,Outer Ring Road,22,Saturday,5,1,0,278874,712,46.8048,2.4593,43347.7
2024-08-17,Outer Ring Road,23,Saturday,5,1,0,250524,712,46.8048,2.4593,43347.7
2024-08-17,Aurobindo Marg,0,Saturday,5,1,0,85389,378,49.709,1.8783,17962.91
2024-08-17,Aurobindo Marg,1,Saturday,5,1,0,60258,378,49.709,1.8783,17962.91
2024-08-17,Aurobindo Marg,2,Saturday,5,1,0,39218,378,49.709,1.8783,17962.91
2024-08-17,Aurobindo Marg,3,Saturday,5,1,0,32074,378,49.709,1.8783,17962.91
2024-08-17,Aurobindo Marg,4,Saturday,5,1,0,30895,378,49.709,1.8783,17962.91
2024-08-17,Aurobindo Marg,5,Saturday,5,1,0,37160,378,49.709,1.8783,17962.91
2024-08-17,Aurobindo Marg,6,Saturday,5,1,0,46465,378,49.709,1.8783,17962.91
2024-08-17,Aurobindo Marg,7,Saturday,5,1,1,64938,378,49.709,1.8783,17962.91
2024-08-17,Aurobindo Marg,8,Saturday,5,1,1,94220,378,49.709,1.8783,17962.91
2024-08-17,Aurobindo Marg,9,Saturday,5,1,1,123723,378,49.709,1.8783,17962.91
2024-08-17,Aurobindo Marg,10,Saturday,5,1,0,143882,378,49.709,1.8783,17962.91
2024-08-17,Aurobindo Marg,11,Saturday,5,1,0,140829,378,49.709,1.8783,17962.91
2024-08-17,Aurobindo Marg,12,Saturday,5,1,0,149170,378,49.709,1.8783,17962.91
2024-08-17,Aurobindo Marg,13,Saturday,5,1,0,150018,378,49.709,1.8783,17962.91
2024-08-17,Aurobindo Marg,14,Saturday,5,1,0,159175,378,49.709,1.8783,17962.91
2024-08-17,Aurobindo Marg,15,Saturday,5,1,0,164986,378,49.709,1.8783,17962.91
2024-08-17,Aurobindo Marg,16,Saturday,5,1,0,173459,378,49.709,1.8783,17962.91
2024-08-17,Aurobindo Marg,17,Saturday,5,1,1,169087,378,49.709,1.8783,17962.91
2024-08-17,Aurobindo Marg,18,Saturday,5,1,1,185201,378,49.709,1.8783,17962.91
2024-08-17,Aurobindo Marg,19,Saturday,5,1,1,169237,378,49.709,1.8783,17962.91
2024-08-17,Aurobindo Marg,20,Saturday,5,1,1,161859,378,49.709,1.8783,17962.91
2024-08-17,Aurobindo Marg,21,Saturday,5,1,0,145407,378,49.709,1.8783,17962.91
2024-08-17,Aurobindo Marg,22,Saturday,5,1,0,139469,378,49.709,1.8783,17962.91
2024-08-17,Aurobindo Marg,23,Saturday,5,1,0,122619,378,49.709,1.8783,17962.91
2024-08-17,Mehrauli Badarpur Road,0,Saturday,5,1,0,31400,370,49.5622,2.0081,24206.35
2024-08-17,Mehrauli Badarpur Road,1,Saturday,5,1,0,22022,370,49.5622,2.0081,24206.35
2024-08-17,Mehrauli Badarpur Road,2,Saturday,5,1,0,15590,370,49.5622,2.0081,24206.35
2024-08-17,Mehrauli Badarpur Road,3,Saturday,5,1,0,13888,370,49.5622,2.0081,24206.35
2024-08-17,Mehrauli Badarpur Road,4,Saturday,5,1,0,11663,370,49.5622,2.0081,24206.35
2024-08-17,Mehrauli Badarpur Road,5,Saturday,5,1,0,12154,370,49.5622,2.0081,24206.35
2024-08-17,Mehrauli Badarpur Road,6,Saturday,5,1,0,15406,370,49.5622,2.0081,24206.35
2024-08-17,Mehrauli Badarpur Road,7,Saturday,5,1,1,21928,370,49.5622,2.0081,24206.35
2024-08-17,Mehrauli Badarpur Road,8,Saturday,5,1,1,31490,370,49.5622,2.0081,24206.35
2024-08-17,Mehrauli Badarpur Road,9,Saturday,5,1,1,37163,370,49.5622,2.0081,24206.35
2024-08-17,Mehrauli Badarpur Road,10,Saturday,5,1,0,47486,370,49.5622,2.0081,24206.35
2024-08-17,Mehrauli Badarpur Road,11,Saturday,5,1,0,46842,370,49.5622,2.0081,24206.35
2024-08-17,Mehrauli Badarpur Road,12,Saturday,5,1,0,52448,370,49.5622,2.0081,24206.35
2024-08-17,Mehrauli Badarpur Road,13,Saturday,5,1,0,42382,370,49.5622,2.0081,24206.35
2024-08-17,Mehrauli Badarpur Road,14,Saturday,5,1,0,37050,370,49.5622,2.0081,24206.35
2024-08-17,Mehrauli Badarpur Road,15,Saturday,5,1,0,50612,370,49.5622,2.0081,24206.35
2024-08-17,Mehrauli Badarpur Road,16,Saturday,5,1,0,57863,370,49.5622,2.0081,24206.35
2024-08-17,Mehrauli Badarpur Road,17,Saturday,5,1,1,59803,370,49.5622,2.0081,24206.35
2024-08-17,Mehrauli Badarpur Road,18,Saturday,5,1,1,55790,370,49.5622,2.0081,24206.35
2024-08-17,Mehrauli Badarpur Road,19,Saturday,5,1,1,53325,370,49.5622,2.0081,24206.35
2024-08-17,Mehrauli Badarpur Road,20,Saturday,5,1,1,49643,370,49.5622,2.0081,24206.35
2024-08-17,Mehrauli Badarpur Road,21,Saturday,5,1,0,55221,370,49.5622,2.0081,24206.35
2024-08-17,Mehrauli Badarpur Road,22,Saturday,5,1,0,51938,370,49.5622,2.0081,24206.35
2024-08-17,Mehrauli Badarpur Road,23,Saturday,5,1,0,47970,370,49.5622,2.0081,24206.35
2024-08-17,Barapullah Road,0,Saturday,5,1,0,36622,218,45.2661,1.3761,16478.62
2024-08-17,Barapullah Road,1,Saturday,5,1,0,27012,218,45.2661,1.3761,16478.62
2024-08-17,Barapullah Road,2,Saturday,5,1,0,18125,218,45.2661,1.3761,16478.62
2024-08-17,Barapullah Road,3,Saturday,5,1,0,17548,218,45.2661,1.3761,16478.62
2024-08-17,Barapullah Road,4,Saturday,5,1,0,18953,218,45.2661,1.3761,16478.62
2024-08-17,Barapullah Road,5,Saturday,5,1,0,24175,218,45.2661,1.3761,16478.62
2024-08-17,Barapullah Road,6,Saturday,5,1,0,32241,218,45.2661,1.3761,16478.62
2024-08-17,Barapullah Road,7,Saturday,5,1,1,39378,218,45.2661,1.3761,16478.62
2024-08-17,Barapullah Road,8,Saturday,5,1,1,51453,218,45.2661,1.3761,16478.62
2024-08-17,Barapullah Road,9,Saturday,5,1,1,67115,218,45.2661,1.3761,16478.62
2024-08-17,Barapullah Road,10,Saturday,5,1,0,82132,218,45.2661,1.3761,16478.62
2024-08-17,Barapullah Road,11,Saturday,5,1,0,81049,218,45.2661,1.3761,16478.62
2024-08-17,Barapullah Road,12,Saturday,5,1,0,94864,218,45.2661,1.3761,16478.62
2024-08-17,Barapullah Road,13,Saturday,5,1,0,104314,218,45.2661,1.3761,16478.62
2024-08-17,Barapullah Road,14,Saturday,5,1,0,107412,218,45.2661,1.3761,16478.62
2024-08-17,Barapullah Road,15,Saturday,5,1,0,120293,218,45.2661,1.3761,16478.62
2024-08-17,Barapullah Road,16,Saturday,5,1,0,124589,218,45.2661,1.3761,16478.62
2024-08-17,Barapullah Road,17,Saturday,5,1,1,113324,218,45.2661,1.3761,16478.62
2024-08-17,Barapullah Road,18,Saturday,5,1,1,118246,218,45.2661,1.3761,16478.62
2024-08-17,Barapullah Road,19,Saturday,5,1,1,110414,218,45.2661,1.3761,16478.62
2024-08-17,Barapullah Road,20,Saturday,5,1,1,105220,218,45.2661,1.3761,16478.62
2024-08-17,Barapullah Road,21,Saturday,5,1,0,80921,218,45.2661,1.3761,16478.62
2024-08-17,Barapullah Road,22,Saturday,5,1,0,66673,218,45.2661,1.3761,16478.62
2024-08-17,Barapullah Road,23,Saturday,5,1,0,47380,218,45.2661,1.3761,16478.62
2024-08-17,Vikas Marg,0,Saturday,5,1,0,34017,194,53.6082,2.0052,14316.28
2024-08-17,Vikas Marg,1,Saturday,5,1,0,22221,194,53.6082,2.0052,14316.28
2024-08-17,Vikas Marg,2,Saturday,5,1,0,15037,194,53.6082,2.0052,14316.28
2024-08-17,Vikas Marg,3,Saturday,5,1,0,14523,194,53.6082,2.0052,14316.28
2024-08-17,Vikas Marg,4,Saturday,5,1,0,21041,194,53.6082,2.0052,14316.28
2024-08-17,Vikas Marg,5,Saturday,5,1,0,31674,194,53.6082,2.0052,14316.28
2024-08-17,Vikas Marg,6,Saturday,5,1,0,34619,194,53.6082,2.0052,14316.28
2024-08-17,Vikas Marg,7,Saturday,5,1,1,33278,194,53.6082,2.0052,14316.28
2024-08-17,Vikas Marg,8,Saturday,5,1,1,37748,194,53.6082,2.0052,14316.28
2024-08-17,Vikas Marg,9,Saturday,5,1,1,47652,194,53.6082,2.0052,14316.28
2024-08-17,Vikas Marg,10,Saturday,5,1,0,48600,194,53.6082,2.0052,14316.28
2024-08-17,Vikas Marg,11,Saturday,5,1,0,50635,194,53.6082,2.0052,14316.28
2024-08-17,Vikas Marg,12,Saturday,5,1,0,52798,194,53.6082,2.0052,14316.28
2024-08-17,Vikas Marg,13,Saturday,5,1,0,48037,194,53.6082,2.0052,14316.28
2024-08-17,Vikas Marg,14,Saturday,5,1,0,49834,194,53.6082,2.0052,14316.28
2024-08-17,Vikas Marg,15,Saturday,5,1,0,49817,194,53.6082,2.0052,14316.28
2024-08-17,Vikas Marg,16,Saturday,5,1,0,54584,194,53.6082,2.0052,14316.28
2024-08-17,Vikas Marg,17,Saturday,5,1,1,52916,194,53.6082,2.0052,14316.28
2024-08-17,Vikas Marg,18,Saturday,5,1,1,43436,194,53.6082,2.0052,14316.28
2024-08-17,Vikas Marg,19,Saturday,5,1,1,39447,194,53.6082,2.0052,14316.28
2024-08-17,Vikas Marg,20,Saturday,5,1,1,45108,194,53.6082,2.0052,14316.28
2024-08-17,Vikas Marg,21,Saturday,5,1,0,49313,194,53.6082,2.0052,14316.28
2024-08-17,Vikas Marg,22,Saturday,5,1,0,50036,194,53.6082,2.0052,14316.28
2024-08-17,Vikas Marg,23,Saturday,5,1,0,51538,194,53.6082,2.0052,14316.28
2024-08-17,Africa Avenue,0,Saturday,5,1,0,15632,164,48.25,3.061,8464.09
2024-08-17,Africa Avenue,1,Saturday,5,1,0,13762,164,48.25,3.061,8464.09
2024-08-17,Africa Avenue,2,Saturday,5,1,0,9960,164,48.25,3.061,8464.09
2024-08-17,Africa Avenue,3,Saturday,5,1,0,8330,164,48.25,3.061,8464.09
2024-08-17,Africa Avenue,4,Saturday,5,1,0,6743,164,48.25,3.061,8464.09
2024-08-17,Africa Avenue,5,Saturday,5,1,0,8092,164,48.25,3.061,8464.09
2024-08-17,Africa Avenue,6,Saturday,5,1,0,10750,164,48.25,3.061,8464.09
2024-08-17,Africa Avenue,7,Saturday,5,1,1,14892,164,48.25,3.061,8464.09
2024-08-17,Africa Avenue,8,Saturday,5,1,1,20436,164,48.25,3.061,8464.09
2024-08-17,Africa Avenue,9,Saturday,5,1,1,28732,164,48.25,3.061,8464.09
2024-08-17,Africa Avenue,10,Saturday,5,1,0,31996,164,48.25,3.061,8464.09
2024-08-17,Africa Avenue,11,Saturday,5,1,0,35166,164,48.25,3.061,8464.09
2024-08-17,Africa Avenue,12,Saturday,5,1,0,40601,164,48.25,3.061,8464.09
2024-08-17,Africa Avenue,13,Saturday,5,1,0,45987,164,48.25,3.061,8464.09
2024-08-17,Africa Avenue,14,Saturday,5,1,0,45751,164,48.25,3.061,8464.09
2024-08-17,Africa Avenue,15,Saturday,5,1,0,46117,164,48.25,3.061,8464.09
2024-08-17,Africa Avenue,16,Saturday,5,1,0,51597,164,48.25,3.061,8464.09
2024-08-17,Africa Avenue,17,Saturday,5,1,1,51577,164,48.25,3.061,8464.09
2024-08-17,Africa Avenue,18,Saturday,5,1,1,51823,164,48.25,3.061,8464.09
2024-08-17,Africa Avenue,19,Saturday,5,1,1,52961,164,48.25,3.061,8464.09
2024-08-17,Africa Avenue,20,Saturday,5,1,1,47141,164,48.25,3.061,8464.09
2024-08-17,Africa Avenue,21,Saturday,5,1,0,39148,164,48.25,3.061,8464.09
2024-08-17,Africa Avenue,22,Saturday,5,1,0,30486,164,48.25,3.061,8464.09
2024-08-17,Africa Avenue,23,Saturday,5,1,0,23575,164,48.25,3.061,8464.09
2024-08-17,Sardar Patel Marg,0,Saturday,5,1,0,30546,153,52.8758,1.8954,9624.01
2024-08-17,Sardar Patel Marg,1,Saturday,5,1,0,19358,153,52.8758,1.8954,9624.01
2024-08-17,Sardar Patel Marg,2,Saturday,5,1,0,15485,153,52.8758,1.8954,9624.01
2024-08-17,Sardar Patel Marg,3,Saturday,5,1,0,17328,153,52.8758,1.8954,9624.01
2024-08-17,Sardar Patel Marg,4,Saturday,5,1,0,23799,153,52.8758,1.8954,9624.01
2024-08-17,Sardar Patel Marg,5,Saturday,5,1,0,35156,153,52.8758,1.8954,9624.01
2024-08-17,Sardar Patel Marg,6,Saturday,5,1,0,39940,153,52.8758,1.8954,9624.01
2024-08-17,Sardar Patel Marg,7,Saturday,5,1,1,37038,153,52.8758,1.8954,9624.01
2024-08-17,Sardar Patel Marg,8,Saturday,5,1,1,45996,153,52.8758,1.8954,9624.01
2024-08-17,Sardar Patel Marg,9,Saturday,5,1,1,49932,153,52.8758,1.8954,9624.01
2024-08-17,Sardar Patel Marg,10,Saturday,5,1,0,56597,153,52.8758,1.8954,9624.01
2024-08-17,Sardar Patel Marg,11,Saturday,5,1,0,67811,153,52.8758,1.8954,9624.01
2024-08-17,Sardar Patel Marg,12,Saturday,5,1,0,70788,153,52.8758,1.8954,9624.01
2024-08-17,Sardar Patel Marg,13,Saturday,5,1,0,69384,153,52.8758,1.8954,9624.01
2024-08-17,Sardar Patel Marg,14,Saturday,5,1,0,79523,153,52.8758,1.8954,9624.01
2024-08-17,Sardar Patel Marg,15,Saturday,5,1,0,77329,153,52.8758,1.8954,9624.01
2024-08-17,Sardar Patel Marg,16,Saturday,5,1,0,81231,153,52.8758,1.8954,9624.01
2024-08-17,Sardar Patel Marg,17,Saturday,5,1,1,79156,153,52.8758,1.8954,9624.01
2024-08-17,Sardar Patel Marg,18,Saturday,5,1,1,78771,153,52.8758,1.8954,9624.01
2024-08-17,Sardar Patel Marg,19,Saturday,5,1,1,76919,153,52.8758,1.8954,9624.01
2024-08-17,Sardar Patel Marg,20,Saturday,5,1,1,71800,153,52.8758,1.8954,9624.01
2024-08-17,Sardar Patel Marg,21,Saturday,5,1,0,63551,153,52.8758,1.8954,9624.01
2024-08-17,Sardar Patel Marg,22,Saturday,5,1,0,51217,153,52.8758,1.8954,9624.01
2024-08-17,Sardar Patel Marg,23,Saturday,5,1,0,42177,153,52.8758,1.8954,9624.01
2024-08-17,Noida Link Road,0,Saturday,5,1,0,17333,114,51.8421,2.3947,6981.29
2024-08-17,Noida Link Road,1,Saturday,5,1,0,10681,114,51.8421,2.3947,6981.29
2024-08-17,Noida Link Road,2,Saturday,5,1,0,9451,114,51.8421,2.3947,6981.29
2024-08-17,Noida Link Road,3,Saturday,5,1,0,8681,114,51.8421,2.3947,6981.29
2024-08-17,Noida Link Road,4,Saturday,5,1,0,9469,114,51.8421,2.3947,6981.29
2024-08-17,Noida Link Road,5,Saturday,5,1,0,15710,114,51.8421,2.3947,6981.29
2024-08-17,Noida Link Road,6,Saturday,5,1,0,19169,114,51.8421,2.3947,6981.29
2024-08-17,Noida Link Road,7,Saturday,5,1,1,20044,114,51.8421,2.3947,6981.29
2024-08-17,Noida Link Road,8,Saturday,5,1,1,26470,114,51.8421,2.3947,6981.29
2024-08-17,Noida Link Road,9,Saturday,5,1,1,33983,114,51.8421,2.3947,6981.29
2024-08-17,Noida Link Road,10,Saturday,5,1,0,40485,114,51.8421,2.3947,6981.29
2024-08-17,Noida Link Road,11,Saturday,5,1,0,42076,114,51.8421,2.3947,6981.29
2024-08-17,Noida Link Road,12,Saturday,5,1,0,46436,114,51.8421,2.3947,6981.29
2024-08-17,Noida Link Road,13,Saturday,5,1,0,49215,114,51.8421,2.3947,6981.29
2024-08-17,Noida Link Road,14,Saturday,5,1,0,48167,114,51.8421,2.3947,6981.29
2024-08-17,Noida Link Road,15,Saturday,5,1,0,46260,114,51.8421,2.3947,6981.29
2024-08-17,Noida Link Road,16,Saturday,5,1,0,54203,114,51.8421,2.3947,6981.29
2024-08-17,Noida Link Road,17,Saturday,5,1,1,57530,114,51.8421,2.3947,6981.29
2024-08-17,Noida Link Road,18,Saturday,5,1,1,54194,114,51.8421,2.3947,6981.29
2024-08-17,Noida Link Road,19,Saturday,5,1,1,50601,114,51.8421,2.3947,6981.29
2024-08-17,Noida Link Road,20,Saturday,5,1,1,44615,114,51.8421,2.3947,6981.29
2024-08-17,Noida Link Road,21,Saturday,5,1,0,43337,114,51.8421,2.3947,6981.29
2024-08-17,Noida Link Road,22,Saturday,5,1,0,36466,114,51.8421,2.3947,6981.29
2024-08-17,Noida Link Road,23,Saturday,5,1,0,30333,114,51.8421,2.3947,6981.29
2024-08-18,Mahatma Gandhi Marg,0,Sunday,6,1,0,281804,1052,52.443,1.5722,62245.45
2024-08-18,Mahatma Gandhi Marg,1,Sunday,6,1,0,207030,1052,52.443,1.5722,62245.45
2024-08-18,Mahatma Gandhi Marg,2,Sunday,6,1,0,149600,1052,52.443,1.5722,62245.45
2024-08-18,Mahatma Gandhi Marg,3,Sunday,6,1,0,137832,1052,52.443,1.5722,62245.45
2024-08-18,Mahatma Gandhi Marg,4,Sunday,6,1,0,152352,1052,52.443,1.5722,62245.45
2024-08-18,Mahatma Gandhi Marg,5,Sunday,6,1,0,170638,1052,52.443,1.5722,62245.45
2024-08-18,Mahatma Gandhi Marg,6,Sunday,6,1,0,222663,1052,52.443,1.5722,62245.45
2024-08-18,Mahatma Gandhi Marg,7,Sunday,6,1,1,260752,1052,52.443,1.5722,62245.45
2024-08-18,Mahatma Gandhi Marg,8,Sunday,6,1,1,276753,1052,52.443,1.5722,62245.45
2024-08-18,Mahatma Gandhi Marg,9,Sunday,6,1,1,335325,1052,52.443,1.5722,62245.45
2024-08-18,Mahatma Gandhi Marg,10,Sunday,6,1,0,365145,1052,52.443,1.5722,62245.45
2024-08-18,Mahatma Gandhi Marg,11,Sunday,6,1,0,430136,1052,52.443,1.5722,62245.45
2024-08-18,Mahatma Gandhi Marg,12,Sunday,6,1,0,516948,1052,52.443,1.5722,62245.45
2024-08-18,Mahatma Gandhi Marg,13,Sunday,6,1,0,551959,1052,52.443,1.5722,62245.45
2024-08-18,Mahatma Gandhi Marg,14,Sunday,6,1,0,577102,1052,52.443,1.5722,62245.45
2024-08-18,Mahatma Gandhi Marg,15,Sunday,6,1,0,592825,1052,52.443,1.5722,62245.45
2024-08-18,Mahatma Gandhi Marg,16,Sunday,6,1,0,598025,1052,52.443,1.5722,62245.45
2024-08-18,Mahatma Gandhi Marg,17,Sunday,6,1,1,616216,1052,52.443,1.5722,62245.45
2024-08-18,Mahatma Gandhi Marg,18,Sunday,6,1,1,594157,1052,52.443,1.5722,62245.45
2024-08-18,Mahatma Gandhi Marg,19,Sunday,6,1,1,579411,1052,52.443,1.5722,62245.45
2024-08-18,Mahatma Gandhi Marg,20,Sunday,6,1,1,561619,1052,52.443,1.5722,62245.45
2024-08-18,Mahatma Gandhi Marg,21,Sunday,6,1,0,497664,1052,52.443,1.5722,62245.45
2024-08-18,Mahatma Gandhi Marg,22,Sunday,6,1,0,445767,1052,52.443,1.5722,62245.45
2024-08-18,Mahatma Gandhi Marg,23,Sunday,6,1,0,370661,1052,52.443,1.5722,62245.45
2024-08-18,Mathura Road,0,Sunday,6,1,0,111983,759,49.1331,1.9763,50900.63
2024-08-18,Mathura Road,1,Sunday,6,1,0,70442,759,49.1331,1.9763,50900.63
2024-08-18,Mathura Road,2,Sunday,6,1,0,48926,759,49.1331,1.9763,50900.63
2024-08-18,Mathura Road,3,Sunday,6,1,0,41660,759,49.1331,1.9763,50900.63
2024-08-18,Mathura Road,4,Sunday,6,1,0,62443,759,49.1331,1.9763,50900.63
2024-08-18,Mathura Road,5,Sunday,6,1,0,78348,759,49.1331,1.9763,50900.63
2024-08-18,Mathura Road,6,Sunday,6,1,0,93307,759,49.1331,1.9763,50900.63
2024-08-18,Mathura Road,7,Sunday,6,1,1,94076,759,49.1331,1.9763,50900.63
2024-08-18,Mathura Road,8,Sunday,6,1,1,102389,759,49.1331,1.9763,50900.63
2024-08-18,Mathura Road,9,Sunday,6,1,1,124883,759,49.1331,1.9763,50900.63
2024-08-18,Mathura Road,10,Sunday,6,1,0,154632,759,49.1331,1.9763,50900.63
2024-08-18,Mathura Road,11,Sunday,6,1,0,188531,759,49.1331,1.9763,50900.63
2024-08-18,Mathura Road,12,Sunday,6,1,0,217997,759,49.1331,1.9763,50900.63
2024-08-18,Mathura Road,13,Sunday,6,1,0,229270,759,49.1331,1.9763,50900.63
2024-08-18,Mathura Road,14,Sunday,6,1,0,245592,759,49.1331,1.9763,50900.63
2024-08-18,Mathura Road,15,Sunday,6,1,0,251804,759,49.1331,1.9763,50900.63
2024-08-18,Mathura Road,16,Sunday,6,1,0,225782,759,49.1331,1.9763,50900.63
2024-08-18,Mathura Road,17,Sunday,6,1,1,219965,759,49.1331,1.9763,50900.63
2024-08-18,Mathura Road,18,Sunday,6,1,1,226502,759,49.1331,1.9763,50900.63
2024-08-18,Mathura Road,19,Sunday,6,1,1,224315,759,49.1331,1.9763,50900.63
2024-08-18,Mathura Road,20,Sunday,6,1,1,214041,759,49.1331,1.9763,50900.63
2024-08-18,Mathura Road,21,Sunday,6,1,0,190679,759,49.1331,1.9763,50900.63
2024-08-18,Mathura Road,22,Sunday,6,1,0,169254,759,49.1331,1.9763,50900.63
2024-08-18,Mathura Road,23,Sunday,6,1,0,135721,759,49.1331,1.9763,50900.63
2024-08-18,Outer Ring Road,0,Sunday,6,1,0,202901,712,46.8048,2.4593,43347.7
2024-08-18,Outer Ring Road,1,Sunday,6,1,0,150801,712,46.8048,2.4593,43347.7
2024-08-18,Outer Ring Road,2,Sunday,6,1,0,117884,712,46.8048,2.4593,43347.7
2024-08-18,Outer Ring Road,3,Sunday,6,1,0,96904,712,46.8048,2.4593,43347.7
2024-08-18,Outer Ring Road,4,Sunday,6,1,0,84307,712,46.8048,2.4593,43347.7
2024-08-18,Outer Ring Road,5,Sunday,6,1,0,84213,712,46.8048,2.4593,43347.7
2024-08-18,Outer Ring Road,6,Sunday,6,1,0,94792,712,46.8048,2.4593,43347.7
2024-08-18,Outer Ring Road,7,Sunday,6,1,1,114003,712,46.8048,2.4593,43347.7
2024-08-18,Outer Ring Road,8,Sunday,6,1,1,143331,712,46.8048,2.4593,43347.7
2024-08-18,Outer Ring Road,9,Sunday,6,1,1,180405,712,46.8048,2.4593,43347.7
2024-08-18,Outer Ring Road,10,Sunday,6,1,0,228832,712,46.8048,2.4593,43347.7
2024-08-18,Outer Ring Road,11,Sunday,6,1,0,309313,712,46.8048,2.4593,43347.7
2024-08-18,Outer Ring Road,12,Sunday,6,1,0,351390,712,46.8048,2.4593,43347.7
2024-08-18,Outer Ring Road,13,Sunday,6,1,0,354552,712,46.8048,2.4593,43347.7
2024-08-18,Outer Ring Road,14,Sunday,6,1,0,359782,712,46.8048,2.4593,43347.7
2024-08-18,Outer Ring Road,15,Sunday,6,1,0,361337,712,46.8048,2.4593,43347.7
2024-08-18,Outer Ring Road,16,Sunday,6,1,0,398279,712,46.8048,2.4593,43347.7
2024-08-18,Outer Ring Road,17,Sunday,6,1,1,399572,712,46.8048,2.4593,43347.7
2024-08-18,Outer Ring Road,18,Sunday,6,1,1,369505,712,46.8048,2.4593,43347.7
2024-08-18,Outer Ring Road,19,Sunday,6,1,1,354610,712,46.8048,2.4593,43347.7
2024-08-18,Outer Ring Road,20,Sunday,6,1,1,314973,712,46.8048,2.4593,43347.7
2024-08-18,Outer Ring Road,21,Sunday,6,1,0,275610,712,46.8048,2.4593,43347.7
2024-08-18,Outer Ring Road,22,Sunday,6,1,0,247123,712,46.8048,2.4593,43347.7
2024-08-18,Outer Ring Road,23,Sunday,6,1,0,213523,712,46.8048,2.4593,43347.7
2024-08-18,Aurobindo Marg,0,Sunday,6,1,0,93960,378,49.709,1.8783,17962.91
2024-08-18,Aurobindo Marg,1,Sunday,6,1,0,80769,378,49.709,1.8783,17962.91
2024-08-18,Aurobindo Marg,2,Sunday,6,1,0,50611,378,49.709,1.8783,17962.91
2024-08-18,Aurobindo Marg,3,Sunday,6,1,0,36941,378,49.709,1.8783,17962.91
2024-08-18,Aurobindo Marg,4,Sunday,6,1,0,43192,378,49.709,1.8783,17962.91
2024-08-18,Aurobindo Marg,5,Sunday,6,1,0,46061,378,49.709,1.8783,17962.91
2024-08-18,Aurobindo Marg,6,Sunday,6,1,0,43810,378,49.709,1.8783,17962.91
2024-08-18,Aurobindo Marg,7,Sunday,6,1,1,60445,378,49.709,1.8783,17962.91
2024-08-18,Aurobindo Marg,8,Sunday,6,1,1,67728,378,49.709,1.8783,17962.91
2024-08-18,Aurobindo Marg,9,Sunday,6,1,1,85697,378,49.709,1.8783,17962.91
2024-08-18,Aurobindo Marg,10,Sunday,6,1,0,108648,378,49.709,1.8783,17962.91
2024-08-18,Aurobindo Marg,11,Sunday,6,1,0,132749,378,49.709,1.8783,17962.91
2024-08-18,Aurobindo Marg,12,Sunday,6,1,0,148988,378,49.709,1.8783,17962.91
2024-08-18,Aurobindo Marg,13,Sunday,6,1,0,148904,378,49.709,1.8783,17962.91
2024-08-18,Aurobindo Marg,14,Sunday,6,1,0,162788,378,49.709,1.8783,17962.91
2024-08-18,Aurobindo Marg,15,Sunday,6,1,0,165048,378,49.709,1.8783,17962.91
2024-08-18,Aurobindo Marg,16,Sunday,6,1,0,171573,378,49.709,1.8783,17962.91
2024-08-18,Aurobindo Marg,17,Sunday,6,1,1,175978,378,49.709,1.8783,17962.91
2024-08-18,Aurobindo Marg,18,Sunday,6,1,1,173126,378,49.709,1.8783,17962.91
2024-08-18,Aurobindo Marg,19,Sunday,6,1,1,156474,378,49.709,1.8783,17962.91
2024-08-18,Aurobindo Marg,20,Sunday,6,1,1,131092,378,49.709,1.8783,17962.91
2024-08-18,Aurobindo Marg,21,Sunday,6,1,0,127760,378,49.709,1.8783,17962.91
2024-08-18,Aurobindo Marg,22,Sunday,6,1,0,121900,378,49.709,1.8783,17962.91
2024-08-18,Aurobindo Marg,23,Sunday,6,1,0,99373,378,49.709,1.8783,17962.91
2024-08-18,Mehrauli Badarpur Road,0,Sunday,6,1,0,34771,370,49.5622,2.0081,24206.35
2024-08-18,Mehrauli Badarpur Road,1,Sunday,6,1,0,18147,370,49.5622,2.0081,24206.35
2024-08-18,Mehrauli Badarpur Road,2,Sunday,6,1,0,14803,370,49.5622,2.0081,24206.35
2024-08-18,Mehrauli Badarpur Road,3,Sunday,6,1,0,15133,370,49.5622,2.0081,24206.35
2024-08-18,Mehrauli Badarpur Road,4,Sunday,6,1,0,10972,370,49.5622,2.0081,24206.35
2024-08-18,Mehrauli Badarpur Road,5,Sunday,6,1,0,10485,370,49.5622,2.0081,24206.35
2024-08-18,Mehrauli Badarpur Road,6,Sunday,6,1,0,15252,370,49.5622,2.0081,24206.35
2024-08-18,Mehrauli Badarpur Road,7,Sunday,6,1,1,18993,370,49.5622,2.0081,24206.35
2024-08-18,Mehrauli Badarpur Road,8,Sunday,6,1,1,25471,370,49.5622,2.0081,24206.35
2024-08-18,Mehrauli Badarpur Road,9,Sunday,6,1,1,35348,370,49.5622,2.0081,24206.35
2024-08-18,Mehrauli Badarpur Road,10,Sunday,6,1,0,41777,370,49.5622,2.0081,24206.35
2024-08-18,Mehrauli Badarpur Road,11,Sunday,6,1,0,48083,370,49.5622,2.0081,24206.35
2024-08-18,Mehrauli Badarpur Road,12,Sunday,6,1,0,51308,370,49.5622,2.0081,24206.35
2024-08-18,Mehrauli Badarpur Road,13,Sunday,6,1,0,56718,370,49.5622,2.0081,24206.35
2024-08-18,Mehrauli Badarpur Road,14,Sunday,6,1,0,58441,370,49.5622,2.0081,24206.35
2024-08-18,Mehrauli Badarpur Road,15,Sunday,6,1,0,54221,370,49.5622,2.0081,24206.35
2024-08-18,Mehrauli Badarpur Road,16,Sunday,6,1,0,59673,370,49.5622,2.0081,24206.35
2024-08-18,Mehrauli Badarpur Road,17,Sunday,6,1,1,60257,370,49.5622,2.0081,24206.35
2024-08-18,Mehrauli Badarpur Road,18,Sunday,6,1,1,54050,370,49.5622,2.0081,24206.35
2024-08-18,Mehrauli Badarpur Road,19,Sunday,6,1,1,51544,370,49.5622,2.0081,24206.35
2024-08-18,Mehrauli Badarpur Road,20,Sunday,6,1,1,47682,370,49.5622,2.0081,24206.35
2024-08-18,Mehrauli Badarpur Road,21,Sunday,6,1,0,49650,370,49.5622,2.0081,24206.35
2024-08-18,Mehrauli Badarpur Road,22,Sunday,6,1,0,50419,370,49.5622,2.0081,24206.35
2024-08-18,Mehrauli Badarpur Road,23,Sunday,6,1,0,43678,370,49.5622,2.0081,24206.35
2024-08-18,Barapullah Road,0,Sunday,6,1,0,36778,218,45.2661,1.3761,16478.62
2024-08-18,Barapullah Road,1,Sunday,6,1,0,29930,218,45.2661,1.3761,16478.62
2024-08-18,Barapullah Road,2,Sunday,6,1,0,20222,218,45.2661,1.3761,16478.62
2024-08-18,Barapullah Road,3,Sunday,6,1,0,17943,218,45.2661,1.3761,16478.62
2024-08-18,Barapullah Road,4,Sunday,6,1,0,21560,218,45.2661,1.3761,16478.62
2024-08-18,Barapullah Road,5,Sunday,6,1,0,22162,218,45.2661,1.3761,16478.62
2024-08-18,Barapullah Road,6,Sunday,6,1,0,28277,218,45.2661,1.3761,16478.62
2024-08-18,Barapullah Road,7,Sunday,6,1,1,30610,218,45.2661,1.3761,16478.62
2024-08-18,Barapullah Road,8,Sunday,6,1,1,39600,218,45.2661,1.3761,16478.62
2024-08-18,Barapullah Road,9,Sunday,6,1,1,51724,218,45.2661,1.3761,16478.62
2024-08-18,Barapullah Road,10,Sunday,6,1,0,71472,218,45.2661,1.3761,16478.62
2024-08-18,Barapullah Road,11,Sunday,6,1,0,88002,218,45.2661,1.3761,16478.62
2024-08-18,Barapullah Road,12,Sunday,6,1,0,113037,218,45.2661,1.3761,16478.62
2024-08-18,Barapullah Road,13,Sunday,6,1,0,93071,218,45.2661,1.3761,16478.62
2024-08-18,Barapullah Road,14,Sunday,6,1,0,102720,218,45.2661,1.3761,16478.62
2024-08-18,Barapullah Road,15,Sunday,6,1,0,92728,218,45.2661,1.3761,16478.62
2024-08-18,Barapullah Road,16,Sunday,6,1,0,118494,218,45.2661,1.3761,16478.62
2024-08-18,Barapullah Road,17,Sunday,6,1,1,122599,218,45.2661,1.3761,16478.62
2024-08-18,Barapullah Road,18,Sunday,6,1,1,112461,218,45.2661,1.3761,16478.62
2024-08-18,Barapullah Road,19,Sunday,6,1,1,102226,218,45.2661,1.3761,16478.62
2024-08-18,Barapullah Road,20,Sunday,6,1,1,82586,218,45.2661,1.3761,16478.62
2024-08-18,Barapullah Road,21,Sunday,6,1,0,63627,218,45.2661,1.3761,16478.62
2024-08-18,Barapullah Road,22,Sunday,6,1,0,56648,218,45.2661,1.3761,16478.62
2024-08-18,Barapullah Road,23,Sunday,6,1,0,50181,218,45.2661,1.3761,16478.62
2024-08-18,Vikas Marg,0,Sunday,6,1,0,39117,194,53.6082,2.0052,14316.28
2024-08-18,Vikas Marg,1,Sunday,6,1,0,23115,194,53.6082,2.0052,14316.28
2024-08-18,Vikas Marg,2,Sunday,6,1,0,16624,194,53.6082,2.0052,14316.28
2024-08-18,Vikas Marg,3,Sunday,6,1,0,13286,194,53.6082,2.0052,14316.28
2024-08-18,Vikas Marg,4,Sunday,6,1,0,19115,194,53.6082,2.0052,14316.28
2024-08-18,Vikas Marg,5,Sunday,6,1,0,27067,194,53.6082,2.0052,14316.28
2024-08-18,Vikas Marg,6,Sunday,6,1,0,31436,194,53.6082,2.0052,14316.28
2024-08-18,Vikas Marg,7,Sunday,6,1,1,28219,194,53.6082,2.0052,14316.28
2024-08-18,Vikas Marg,8,Sunday,6,1,1,29869,194,53.6082,2.0052,14316.28
2024-08-18,Vikas Marg,9,Sunday,6,1,1,33487,194,53.6082,2.0052,14316.28
2024-08-18,Vikas Marg,10,Sunday,6,1,0,40050,194,53.6082,2.0052,14316.28
2024-08-18,Vikas Marg,11,Sunday,6,1,0,45115,194,53.6082,2.0052,14316.28
2024-08-18,Vikas Marg,12,Sunday,6,1,0,47616,194,53.6082,2.0052,14316.28
2024-08-18,Vikas Marg,13,Sunday,6,1,0,44042,194,53.6082,2.0052,14316.28
2024-08-18,Vikas Marg,14,Sunday,6,1,0,45704,194,53.6082,2.0052,14316.28
2024-08-18,Vikas Marg,15,Sunday,6,1,0,45988,194,53.6082,2.0052,14316.28
2024-08-18,Vikas Marg,16,Sunday,6,1,0,48558,194,53.6082,2.0052,14316.28
2024-08-18,Vikas Marg,17,Sunday,6,1,1,46181,194,53.6082,2.0052,14316.28
2024-08-18,Vikas Marg,18,Sunday,6,1,1,45833,194,53.6082,2.0052,14316.28
2024-08-18,Vikas Marg,19,Sunday,6,1,1,41182,194,53.6082,2.0052,14316.28
2024-08-18,Vikas Marg,20,Sunday,6,1,1,37299,194,53.6082,2.0052,14316.28
2024-08-18,Vikas Marg,21,Sunday,6,1,0,38719,194,53.6082,2.0052,14316.28
2024-08-18,Vikas Marg,22,Sunday,6,1,0,41059,194,53.6082,2.0052,14316.28
2024-08-18,Vikas Marg,23,Sunday,6,1,0,40767,194,53.6082,2.0052,14316.28
2024-08-18,Africa Avenue,0,Sunday,6,1,0,20638,164,48.25,3.061,8464.09
2024-08-18,Africa Avenue,1,Sunday,6,1,0,15654,164,48.25,3.061,8464.09
2024-08-18,Africa Avenue,2,Sunday,6,1,0,10375,164,48.25,3.061,8464.09
2024-08-18,Africa Avenue,3,Sunday,6,1,0,9358,164,48.25,3.061,8464.09
2024-08-18,Africa Avenue,4,Sunday,6,1,0,7915,164,48.25,3.061,8464.09
2024-08-18,Africa Avenue,5,Sunday,6,1,0,8084,164,48.25,3.061,8464.09
2024-08-18,Africa Avenue,6,Sunday,6,1,0,10433,164,48.25,3.061,8464.09
2024-08-18,Africa Avenue,7,Sunday,6,1,1,13193,164,48.25,3.061,8464.09
2024-08-18,Africa Avenue,8,Sunday,6,1,1,13371,164,48.25,3.061,8464.09
2024-08-18,Africa Avenue,9,Sunday,6,1,1,19266,164,48.25,3.061,8464.09
2024-08-18,Africa Avenue,10,Sunday,6,1,0,24903,164,48.25,3.061,8464.09
2024-08-18,Africa Avenue,11,Sunday,6,1,0,32154,164,48.25,3.061,8464.09
2024-08-18,Africa Avenue,12,Sunday,6,1,0,38926,164,48.25,3.061,8464.09
2024-08-18,Africa Avenue,13,Sunday,6,1,0,40296,164,48.25,3.061,8464.09
2024-08-18,Africa Avenue,14,Sunday,6,1,0,41220,164,48.25,3.061,8464.09
2024-08-18,Africa Avenue,15,Sunday,6,1,0,44209,164,48.25,3.061,8464.09
2024-08-18,Africa Avenue,16,Sunday,6,1,0,48242,164,48.25,3.061,8464.09
2024-08-18,Africa Avenue,17,Sunday,6,1,1,50239,164,48.25,3.061,8464.09
2024-08-18,Africa Avenue,18,Sunday,6,1,1,51978,164,48.25,3.061,8464.09
2024-08-18,Africa Avenue,19,Sunday,6,1,1,48424,164,48.25,3.061,8464.09
2024-08-18,Africa Avenue,20,Sunday,6,1,1,46002,164,48.25,3.061,8464.09
2024-08-18,Africa Avenue,21,Sunday,6,1,0,36776,164,48.25,3.061,8464.09
2024-08-18,Africa Avenue,22,Sunday,6,1,0,27527,164,48.25,3.061,8464.09
2024-08-18,Africa Avenue,23,Sunday,6,1,0,20743,164,48.25,3.061,8464.09
2024-08-18,Sardar Patel Marg,0,Sunday,6,1,0,36926,153,52.8758,1.8954,9624.01
2024-08-18,Sardar Patel Marg,1,Sunday,6,1,0,23997,153,52.8758,1.8954,9624.01
2024-08-18,Sardar Patel Marg,2,Sunday,6,1,0,17386,153,52.8758,1.8954,9624.01
2024-08-18,Sardar Patel Marg,3,Sunday,6,1,0,15809,153,52.8758,1.8954,9624.01
2024-08-18,Sardar Patel Marg,4,Sunday,6,1,0,23637,153,52.8758,1.8954,9624.01
2024-08-18,Sardar Patel Marg,5,Sunday,6,1,0,32000,153,52.8758,1.8954,9624.01
2024-08-18,Sardar Patel Marg,6,Sunday,6,1,0,36694,153,52.8758,1.8954,9624.01
2024-08-18,Sardar Patel Marg,7,Sunday,6,1,1,34449,153,52.8758,1.8954,9624.01
2024-08-18,Sardar Patel Marg,8,Sunday,6,1,1,34539,153,52.8758,1.8954,9624.01
2024-08-18,Sardar Patel Marg,9,Sunday,6,1,1,46983,153,52.8758,1.8954,9624.01
2024-08-18,Sardar Patel Marg,10,Sunday,6,1,0,55460,153,52.8758,1.8954,9624.01
2024-08-18,Sardar Patel Marg,11,Sunday,6,1,0,74527,153,52.8758,1.8954,9624.01
2024-08-18,Sardar Patel Marg,12,Sunday,6,1,0,77062,153,52.8758,1.8954,9624.01
2024-08-18,Sardar Patel Marg,13,Sunday,6,1,0,76694,153,52.8758,1.8954,9624.01
2024-08-18,Sardar Patel Marg,14,Sunday,6,1,0,83877,153,52.8758,1.8954,9624.01
2024-08-18,Sardar Patel Marg,15,Sunday,6,1,0,82147,153,52.8758,1.8954,9624.01
2024-08-18,Sardar Patel Marg,16,Sunday,6,1,0,82644,153,52.8758,1.8954,9624.01
2024-08-18,Sardar Patel Marg,17,Sunday,6,1,1,75590,153,52.8758,1.8954,9624.01
2024-08-18,Sardar Patel Marg,18,Sunday,6,1,1,85975,153,52.8758,1.8954,9624.01
2024-08-18,Sardar Patel Marg,19,Sunday,6,1,1,74906,153,52.8758,1.8954,9624.01
2024-08-18,Sardar Patel Marg,20,Sunday,6,1,1,69453,153,52.8758,1.8954,9624.01
2024-08-18,Sardar Patel Marg,21,Sunday,6,1,0,60884,153,52.8758,1.8954,9624.01
2024-08-18,Sardar Patel Marg,22,Sunday,6,1,0,49913,153,52.8758,1.8954,9624.01
2024-08-18,Sardar Patel Marg,23,Sunday,6,1,0,40667,153,52.8758,1.8954,9624.01
2024-08-18,Noida Link Road,0,Sunday,6,1,0,20167,114,51.8421,2.3947,6981.29
2024-08-18,Noida Link Road,1,Sunday,6,1,0,12308,114,51.8421,2.3947,6981.29
2024-08-18,Noida Link Road,2,Sunday,6,1,0,9300,114,51.8421,2.3947,6981.29
2024-08-18,Noida Link Road,3,Sunday,6,1,0,8288,114,51.8421,2.3947,6981.29
2024-08-18,Noida Link Road,4,Sunday,6,1,0,8991,114,51.8421,2.3947,6981.29
2024-08-18,Noida Link Road,5,Sunday,6,1,0,13422,114,51.8421,2.3947,6981.29
2024-08-18,Noida Link Road,6,Sunday,6,1,0,17845,114,51.8421,2.3947,6981.29
2024-08-18,Noida Link Road,7,Sunday,6,1,1,16874,114,51.8421,2.3947,6981.29
2024-08-18,Noida Link Road,8,Sunday,6,1,1,20327,114,51.8421,2.3947,6981.29
2024-08-18,Noida Link Road,9,Sunday,6,1,1,24630,114,51.8421,2.3947,6981.29
2024-08-18,Noida Link Road,10,Sunday,6,1,0,31960,114,51.8421,2.3947,6981.29
2024-08-18,Noida Link Road,11,Sunday,6,1,0,40790,114,51.8421,2.3947,6981.29
2024-08-18,Noida Link Road,12,Sunday,6,1,0,43954,114,51.8421,2.3947,6981.29
2024-08-18,Noida Link Road,13,Sunday,6,1,0,35784,114,51.8421,2.3947,6981.29
2024-08-18,Noida Link Road,14,Sunday,6,1,0,52356,114,51.8421,2.3947,6981.29
2024-08-18,Noida Link Road,15,Sunday,6,1,0,51720,114,51.8421,2.3947,6981.29
2024-08-18,Noida Link Road,16,Sunday,6,1,0,52322,114,51.8421,2.3947,6981.29
2024-08-18,Noida Link Road,17,Sunday,6,1,1,54729,114,51.8421,2.3947,6981.29
2024-08-18,Noida Link Road,18,Sunday,6,1,1,53073,114,51.8421,2.3947,6981.29
2024-08-18,Noida Link Road,19,Sunday,6,1,1,49601,114,51.8421,2.3947,6981.29
2024-08-18,Noida Link Road,20,Sunday,6,1,1,42916,114,51.8421,2.3947,6981.29
2024-08-18,Noida Link Road,21,Sunday,6,1,0,36955,114,51.8421,2.3947,6981.29
2024-08-18,Noida Link Road,22,Sunday,6,1,0,33243,114,51.8421,2.3947,6981.29
2024-08-18,Noida Link Road,23,Sunday,6,1,0,27498,114,51.8421,2.3947,6981.29
2024-08-19,Mahatma Gandhi Marg,0,Monday,0,0,0,285070,1052,52.443,1.5722,62245.45
2024-08-19,Mahatma Gandhi Marg,1,Monday,0,0,0,190796,1052,52.443,1.5722,62245.45
2024-08-19,Mahatma Gandhi Marg,2,Monday,0,0,0,128291,1052,52.443,1.5722,62245.45
2024-08-19,Mahatma Gandhi Marg,3,Monday,0,0,0,106133,1052,52.443,1.5722,62245.45
2024-08-19,Mahatma Gandhi Marg,4,Monday,0,0,0,128182,1052,52.443,1.5722,62245.45
2024-08-19,Mahatma Gandhi Marg,5,Monday,0,0,0,155154,1052,52.443,1.5722,62245.45
2024-08-19,Mahatma Gandhi Marg,6,Monday,0,0,0,206057,1052,52.443,1.5722,62245.45
2024-08-19,Mahatma Gandhi Marg,7,Monday,0,0,1,283943,1052,52.443,1.5722,62245.45
2024-08-19,Mahatma Gandhi Marg,8,Monday,0,0,1,380248,1052,52.443,1.5722,62245.45
2024-08-19,Mahatma Gandhi Marg,9,Monday,0,0,1,513549,1052,52.443,1.5722,62245.45
2024-08-19,Mahatma Gandhi Marg,10,Monday,0,0,0,537823,1052,52.443,1.5722,62245.45
2024-08-19,Mahatma Gandhi Marg,11,Monday,0,0,0,594896,1052,52.443,1.5722,62245.45
2024-08-19,Mahatma Gandhi Marg,12,Monday,0,0,0,599590,1052,52.443,1.5722,62245.45
2024-08-19,Mahatma Gandhi Marg,13,Monday,0,0,0,611045,1052,52.443,1.5722,62245.45
2024-08-19,Mahatma Gandhi Marg,14,Monday,0,0,0,603855,1052,52.443,1.5722,62245.45
2024-08-19,Mahatma Gandhi Marg,15,Monday,0,0,0,587635,1052,52.443,1.5722,62245.45
2024-08-19,Mahatma Gandhi Marg,16,Monday,0,0,0,597609,1052,52.443,1.5722,62245.45
2024-08-19,Mahatma Gandhi Marg,17,Monday,0,0,1,602792,1052,52.443,1.5722,62245.45
2024-08-19,Mahatma Gandhi Marg,18,Monday,0,0,1,582869,1052,52.443,1.5722,62245.45
2024-08-19,Mahatma Gandhi Marg,19,Monday,0,0,1,559144,1052,52.443,1.5722,62245.45
2024-08-19,Mahatma Gandhi Marg,20,Monday,0,0,1,567197,1052,52.443,1.5722,62245.45
2024-08-19,Mahatma Gandhi Marg,21,Monday,0,0,0,532545,1052,52.443,1.5722,62245.45
2024-08-19,Mahatma Gandhi Marg,22,Monday,0,0,0,534236,1052,52.443,1.5722,62245.45
2024-08-19,Mahatma Gandhi Marg,23,Monday,0,0,0,432833,1052,52.443,1.5722,62245.45
2024-08-19,Mathura Road,0,Monday,0,0,0,99277,759,49.1331,1.9763,50900.63
2024-08-19,Mathura Road,1,Monday,0,0,0,66180,759,49.1331,1.9763,50900.63
2024-08-19,Mathura Road,2,Monday,0,0,0,43328,759,49.1331,1.9763,50900.63
2024-08-19,Mathura Road,3,Monday,0,0,0,32580,759,49.1331,1.9763,50900.63
2024-08-19,Mathura Road,4,Monday,0,0,0,46875,759,49.1331,1.9763,50900.63
2024-08-19,Mathura Road,5,Monday,0,0,0,61970,759,49.1331,1.9763,50900.63
2024-08-19,Mathura Road,6,Monday,0,0,0,83584,759,49.1331,1.9763,50900.63
2024-08-19,Mathura Road,7,Monday,0,0,1,103114,759,49.1331,1.9763,50900.63
2024-08-19,Mathura Road,8,Monday,0,0,1,130297,759,49.1331,1.9763,50900.63
2024-08-19,Mathura Road,9,Monday,0,0,1,172625,759,49.1331,1.9763,50900.63
2024-08-19,Mathura Road,10,Monday,0,0,0,202752,759,49.1331,1.9763,50900.63
2024-08-19,Mathura Road,11,Monday,0,0,0,212978,759,49.1331,1.9763,50900.63
2024-08-19,Mathura Road,12,Monday,0,0,0,228239,759,49.1331,1.9763,50900.63
2024-08-19,Mathura Road,13,Monday,0,0,0,214596,759,49.1331,1.9763,50900.63
2024-08-19,Mathura Road,14,Monday,0,0,0,210676,759,49.1331,1.9763,50900.63
2024-08-19,Mathura Road,15,Monday,0,0,0,210965,759,49.1331,1.9763,50900.63
2024-08-19,Mathura Road,16,Monday,0,0,0,215922,759,49.1331,1.9763,50900.63
2024-08-19,Mathura Road,17,Monday,0,0,1,195101,759,49.1331,1.9763,50900.63
2024-08-19,Mathura Road,18,Monday,0,0,1,189786,759,49.1331,1.9763,50900.63
2024-08-19,Mathura Road,19,Monday,0,0,1,183278,759,49.1331,1.9763,50900.63
2024-08-19,Mathura Road,20,Monday,0,0,1,180612,759,49.1331,1.9763,50900.63
2024-08-19,Mathura Road,21,Monday,0,0,0,183847,759,49.1331,1.9763,50900.63
2024-08-19,Mathura Road,22,Monday,0,0,0,174524,759,49.1331,1.9763,50900.63
2024-08-19,Mathura Road,23,Monday,0,0,0,170510,759,49.1331,1.9763,50900.63
2024-08-19,Outer Ring Road,0,Monday,0,0,0,177164,712,46.8048,2.4593,43347.7
2024-08-19,Outer Ring Road,1,Monday,0,0,0,117354,712,46.8048,2.4593,43347.7
2024-08-19,Outer Ring Road,2,Monday,0,0,0,73929,712,46.8048,2.4593,43347.7
2024-08-19,Outer Ring Road,3,Monday,0,0,0,64428,712,46.8048,2.4593,43347.7
2024-08-19,Outer Ring Road,4,Monday,0,0,0,67741,712,46.8048,2.4593,43347.7
2024-08-19,Outer Ring Road,5,Monday,0,0,0,65701,712,46.8048,2.4593,43347.7
2024-08-19,Outer Ring Road,6,Monday,0,0,0,89517,712,46.8048,2.4593,43347.7
2024-08-19,Outer Ring Road,7,Monday,0,0,1,131481,712,46.8048,2.4593,43347.7
2024-08-19,Outer Ring Road,8,Monday,0,0,1,206284,712,46.8048,2.4593,43347.7
2024-08-19,Outer Ring Road,9,Monday,0,0,1,270280,712,46.8048,2.4593,43347.7
2024-08-19,Outer Ring Road,10,Monday,0,0,0,300603,712,46.8048,2.4593,43347.7
2024-08-19,Outer Ring Road,11,Monday,0,0,0,327123,712,46.8048,2.4593,43347.7
2024-08-19,Outer Ring Road,12,Monday,0,0,0,332730,712,46.8048,2.4593,43347.7
2024-08-19,Outer Ring Road,13,Monday,0,0,0,334343,712,46.8048,2.4593,43347.7
2024-08-19,Outer Ring Road,14,Monday,0,0,0,344591,712,46.8048,2.4593,43347.7
2024-08-19,Outer Ring Road,15,Monday,0,0,0,337932,712,46.8048,2.4593,43347.7
2024-08-19,Outer Ring Road,16,Monday,0,0,0,360701,712,46.8048,2.4593,43347.7
2024-08-19,Outer Ring Road,17,Monday,0,0,1,355526,712,46.8048,2.4593,43347.7
2024-08-19,Outer Ring Road,18,Monday,0,0,1,347744,712,46.8048,2.4593,43347.7
2024-08-19,Outer Ring Road,19,Monday,0,0,1,334709,712,46.8048,2.4593,43347.7
2024-08-19,Outer Ring Road,20,Monday,0,0,1,311616,712,46.8048,2.4593,43347.7
2024-08-19,Outer Ring Road,21,Monday,0,0,0,286316,712,46.8048,2.4593,43347.7
2024-08-19,Outer Ring Road,22,Monday,0,0,0,274794,712,46.8048,2.4593,43347.7
2024-08-19,Outer Ring Road,23,Monday,0,0,0,243186,712,46.8048,2.4593,43347.7
2024-08-19,Aurobindo Marg,0,Monday,0,0,0,81275,378,49.709,1.8783,17962.91
2024-08-19,Aurobindo Marg,1,Monday,0,0,0,51145,378,49.709,1.8783,17962.91
2024-08-19,Aurobindo Marg,2,Monday,0,0,0,34499,378,49.709,1.8783,17962.91
2024-08-19,Aurobindo Marg,3,Monday,0,0,0,27743,378,49.709,1.8783,17962.91
2024-08-19,Aurobindo Marg,4,Monday,0,0,0,31619,378,49.709,1.8783,17962.91
2024-08-19,Aurobindo Marg,5,Monday,0,0,0,36043,378,49.709,1.8783,17962.91
2024-08-19,Aurobindo Marg,6,Monday,0,0,0,40280,378,49.709,1.8783,17962.91
2024-08-19,Aurobindo Marg,7,Monday,0,0,1,66315,378,49.709,1.8783,17962.91
2024-08-19,Aurobindo Marg,8,Monday,0,0,1,96011,378,49.709,1.8783,17962.91
2024-08-19,Aurobindo Marg,9,Monday,0,0,1,133029,378,49.709,1.8783,17962.91
2024-08-19,Aurobindo Marg,10,Monday,0,0,0,139050,378,49.709,1.8783,17962.91
2024-08-19,Aurobindo Marg,11,Monday,0,0,0,149464,378,49.709,1.8783,17962.91
2024-08-19,Aurobindo Marg,12,Monday,0,0,0,135286,378,49.709,1.8783,17962.91
2024-08-19,Aurobindo Marg,13,Monday,0,0,0,136308,378,49.709,1.8783,17962.91
2024-08-19,Aurobindo Marg,14,Monday,0,0,0,130016,378,49.709,1.8783,17962.91
2024-08-19,Aurobindo Marg,15,Monday,0,0,0,141594,378,49.709,1.8783,17962.91
2024-08-19,Aurobindo Marg,16,Monday,0,0,0,155129,378,49.709,1.8783,17962.91
2024-08-19,Aurobindo Marg,17,Monday,0,0,1,152706,378,49.709,1.8783,17962.91
2024-08-19,Aurobindo Marg,18,Monday,0,0,1,155451,378,49.709,1.8783,17962.91
2024-08-19,Aurobindo Marg,19,Monday,0,0,1,145242,378,49.709,1.8783,17962.91
2024-08-19,Aurobindo Marg,20,Monday,0,0,1,142155,378,49.709,1.8783,17962.91
2024-08-19,Aurobindo Marg,21,Monday,0,0,0,135165,378,49.709,1.8783,17962.91
2024-08-19,Aurobindo Marg,22,Monday,0,0,0,127796,378,49.709,1.8783,17962.91
2024-08-19,Aurobindo Marg,23,Monday,0,0,0,109377,378,49.709,1.8783,17962.91
2024-08-19,Mehrauli Badarpur Road,0,Monday,0,0,0,30986,370,49.5622,2.0081,24206.35
2024-08-19,Mehrauli Badarpur Road,1,Monday,0,0,0,20578,370,49.5622,2.0081,24206.35
2024-08-19,Mehrauli Badarpur Road,2,Monday,0,0,0,14252,370,49.5622,2.0081,24206.35
2024-08-19,Mehrauli Badarpur Road,3,Monday,0,0,0,9401,370,49.5622,2.0081,24206.35
2024-08-19,Mehrauli Badarpur Road,4,Monday,0,0,0,9361,370,49.5622,2.0081,24206.35
2024-08-19,Mehrauli Badarpur Road,5,Monday,0,0,0,11077,370,49.5622,2.0081,24206.35
2024-08-19,Mehrauli Badarpur Road,6,Monday,0,0,0,15403,370,49.5622,2.0081,24206.35
2024-08-19,Mehrauli Badarpur Road,7,Monday,0,0,1,21628,370,49.5622,2.0081,24206.35
2024-08-19,Mehrauli Badarpur Road,8,Monday,0,0,1,34199,370,49.5622,2.0081,24206.35
2024-08-19,Mehrauli Badarpur Road,9,Monday,0,0,1,41162,370,49.5622,2.0081,24206.35
2024-08-19,Mehrauli Badarpur Road,10,Monday,0,0,0,49978,370,49.5622,2.0081,24206.35
2024-08-19,Mehrauli Badarpur Road,11,Monday,0,0,0,56239,370,49.5622,2.0081,24206.35
2024-08-19,Mehrauli Badarpur Road,12,Monday,0,0,0,52322,370,49.5622,2.0081,24206.35
2024-08-19,Mehrauli Badarpur Road,13,Monday,0,0,0,47204,370,49.5622,2.0081,24206.35
2024-08-19,Mehrauli Badarpur Road,14,Monday,0,0,0,44703,370,49.5622,2.0081,24206.35
2024-08-19,Mehrauli Badarpur Road,15,Monday,0,0,0,42546,370,49.5622,2.0081,24206.35
2024-08-19,Mehrauli Badarpur Road,16,Monday,0,0,0,41921,370,49.5622,2.0081,24206.35
2024-08-19,Mehrauli Badarpur Road,17,Monday,0,0,1,36763,370,49.5622,2.0081,24206.35
2024-08-19,Mehrauli Badarpur Road,18,Monday,0,0,1,44076,370,49.5622,2.0081,24206.35
2024-08-19,Mehrauli Badarpur Road,19,Monday,0,0,1,35206,370,49.5622,2.0081,24206.35
2024-08-19,Mehrauli Badarpur Road,20,Monday,0,0,1,33183,370,49.5622,2.0081,24206.35
2024-08-19,Mehrauli Badarpur Road,21,Monday,0,0,0,33769,370,49.5622,2.0081,24206.35
2024-08-19,Mehrauli Badarpur Road,22,Monday,0,0,0,38009,370,49.5622,2.0081,24206.35
2024-08-19,Mehrauli Badarpur Road,23,Monday,0,0,0,39704,370,49.5622,2.0081,24206.35
2024-08-19,Barapullah Road,0,Monday,0,0,0,38840,218,45.2661,1.3761,16478.62
2024-08-19,Barapullah Road,1,Monday,0,0,0,25247,218,45.2661,1.3761,16478.62
2024-08-19,Barapullah Road,2,Monday,0,0,0,14336,218,45.2661,1.3761,16478.62
2024-08-19,Barapullah Road,3,Monday,0,0,0,13290,218,45.2661,1.3761,16478.62
2024-08-19,Barapullah Road,4,Monday,0,0,0,16061,218,45.2661,1.3761,16478.62
2024-08-19,Barapullah Road,5,Monday,0,0,0,20039,218,45.2661,1.3761,16478.62
2024-08-19,Barapullah Road,6,Monday,0,0,0,26161,218,45.2661,1.3761,16478.62
2024-08-19,Barapullah Road,7,Monday,0,0,1,33903,218,45.2661,1.3761,16478.62
2024-08-19,Barapullah Road,8,Monday,0,0,1,55023,218,45.2661,1.3761,16478.62
2024-08-19,Barapullah Road,9,Monday,0,0,1,69605,218,45.2661,1.3761,16478.62
2024-08-19,Barapullah Road,10,Monday,0,0,0,81111,218,45.2661,1.3761,16478.62
2024-08-19,Barapullah Road,11,Monday,0,0,0,106928,218,45.2661,1.3761,16478.62
2024-08-19,Barapullah Road,12,Monday,0,0,0,106850,218,45.2661,1.3761,16478.62
2024-08-19,Barapullah Road,13,Monday,0,0,0,123829,218,45.2661,1.3761,16478.62
2024-08-19,Barapullah Road,14,Monday,0,0,0,89488,218,45.2661,1.3761,16478.62
2024-08-19,Barapullah Road,15,Monday,0,0,0,87943,218,45.2661,1.3761,16478.62
2024-08-19,Barapullah Road,16,Monday,0,0,0,105134,218,45.2661,1.3761,16478.62
2024-08-19,Barapullah Road,17,Monday,0,0,1,123700,218,45.2661,1.3761,16478.62
2024-08-19,Barapullah Road,18,Monday,0,0,1,89716,218,45.2661,1.3761,16478.62
2024-08-19,Barapullah Road,19,Monday,0,0,1,101228,218,45.2661,1.3761,16478.62
2024-08-19,Barapullah Road,20,Monday,0,0,1,96774,218,45.2661,1.3761,16478.62
2024-08-19,Barapullah Road,21,Monday,0,0,0,80210,218,45.2661,1.3761,16478.62
2024-08-19,Barapullah Road,22,Monday,0,0,0,83157,218,45.2661,1.3761,16478.62
2024-08-19,Barapullah Road,23,Monday,0,0,0,73204,218,45.2661,1.3761,16478.62
2024-08-19,Vikas Marg,0,Monday,0,0,0,33127,194,53.6082,2.0052,14316.28
2024-08-19,Vikas Marg,1,Monday,0,0,0,22528,194,53.6082,2.0052,14316.28
2024-08-19,Vikas Marg,2,Monday,0,0,0,14609,194,53.6082,2.0052,14316.28
2024-08-19,Vikas Marg,3,Monday,0,0,0,10223,194,53.6082,2.0052,14316.28
2024-08-19,Vikas Marg,4,Monday,0,0,0,15852,194,53.6082,2.0052,14316.28
2024-08-19,Vikas Marg,5,Monday,0,0,0,25299,194,53.6082,2.0052,14316.28
2024-08-19,Vikas Marg,6,Monday,0,0,0,27409,194,53.6082,2.0052,14316.28
2024-08-19,Vikas Marg,7,Monday,0,0,1,27968,194,53.6082,2.0052,14316.28
2024-08-19,Vikas Marg,8,Monday,0,0,1,35148,194,53.6082,2.0052,14316.28
2024-08-19,Vikas Marg,9,Monday,0,0,1,39337,194,53.6082,2.0052,14316.28
2024-08-19,Vikas Marg,10,Monday,0,0,0,46748,194,53.6082,2.0052,14316.28
2024-08-19,Vikas Marg,11,Monday,0,0,0,49634,194,53.6082,2.0052,14316.28
2024-08-19,Vikas Marg,12,Monday,0,0,0,55187,194,53.6082,2.0052,14316.28
2024-08-19,Vikas Marg,13,Monday,0,0,0,50741,194,53.6082,2.0052,14316.28
2024-08-19,Vikas Marg,14,Monday,0,0,0,50428,194,53.6082,2.0052,14316.28
2024-08-19,Vikas Marg,15,Monday,0,0,0,47636,194,53.6082,2.0052,14316.28
2024-08-19,Vikas Marg,16,Monday,0,0,0,47997,194,53.6082,2.0052,14316.28
2024-08-19,Vikas Marg,17,Monday,0,0,1,44678,194,53.6082,2.0052,14316.28
2024-08-19,Vikas Marg,18,Monday,0,0,1,45166,194,53.6082,2.0052,14316.28
2024-08-19,Vikas Marg,19,Monday,0,0,1,38767,194,53.6082,2.0052,14316.28
2024-08-19,Vikas Marg,20,Monday,0,0,1,32218,194,53.6082,2.0052,14316.28
2024-08-19,Vikas Marg,21,Monday,0,0,0,36415,194,53.6082,2.0052,14316.28
2024-08-19,Vikas Marg,22,Monday,0,0,0,39136,194,53.6082,2.0052,14316.28
2024-08-19,Vikas Marg,23,Monday,0,0,0,45764,194,53.6082,2.0052,14316.28
2024-08-19,Africa Avenue,0,Monday,0,0,0,16043,164,48.25,3.061,8464.09
2024-08-19,Africa Avenue,1,Monday,0,0,0,9163,164,48.25,3.061,8464.09
2024-08-19,Africa Avenue,2,Monday,0,0,0,6407,164,48.25,3.061,8464.09
2024-08-19,Africa Avenue,3,Monday,0,0,0,4878,164,48.25,3.061,8464.09
2024-08-19,Africa Avenue,4,Monday,0,0,0,5168,164,48.25,3.061,8464.09
2024-08-19,Africa Avenue,5,Monday,0,0,0,7192,164,48.25,3.061,8464.09
2024-08-19,Africa Avenue,6,Monday,0,0,0,11095,164,48.25,3.061,8464.09
2024-08-19,Africa Avenue,7,Monday,0,0,1,15538,164,48.25,3.061,8464.09
2024-08-19,Africa Avenue,8,Monday,0,0,1,24571,164,48.25,3.061,8464.09
2024-08-19,Africa Avenue,9,Monday,0,0,1,34082,164,48.25,3.061,8464.09
2024-08-19,Africa Avenue,10,Monday,0,0,0,36973,164,48.25,3.061,8464.09
2024-08-19,Africa Avenue,11,Monday,0,0,0,35464,164,48.25,3.061,8464.09
2024-08-19,Africa Avenue,12,Monday,0,0,0,41298,164,48.25,3.061,8464.09
2024-08-19,Africa Avenue,13,Monday,0,0,0,44505,164,48.25,3.061,8464.09
2024-08-19,Africa Avenue,14,Monday,0,0,0,41051,164,48.25,3.061,8464.09
2024-08-19,Africa Avenue,15,Monday,0,0,0,43135,164,48.25,3.061,8464.09
2024-08-19,Africa Avenue,16,Monday,0,0,0,42288,164,48.25,3.061,8464.09
2024-08-19,Africa Avenue,17,Monday,0,0,1,48811,164,48.25,3.061,8464.09
2024-08-19,Africa Avenue,18,Monday,0,0,1,40928,164,48.25,3.061,8464.09
2024-08-19,Africa Avenue,19,Monday,0,0,1,46385,164,48.25,3.061,8464.09
2024-08-19,Africa Avenue,20,Monday,0,0,1,48633,164,48.25,3.061,8464.09
2024-08-19,Africa Avenue,21,Monday,0,0,0,37431,164,48.25,3.061,8464.09
2024-08-19,Africa Avenue,22,Monday,0,0,0,33419,164,48.25,3.061,8464.09
2024-08-19,Africa Avenue,23,Monday,0,0,0,36237,164,48.25,3.061,8464.09
2024-08-19,Sardar Patel Marg,0,Monday,0,0,0,30801,153,52.8758,1.8954,9624.01
2024-08-19,Sardar Patel Marg,1,Monday,0,0,0,19776,153,52.8758,1.8954,9624.01
2024-08-19,Sardar Patel Marg,2,Monday,0,0,0,14722,153,52.8758,1.8954,9624.01
2024-08-19,Sardar Patel Marg,3,Monday,0,0,0,13373,153,52.8758,1.8954,9624.01
2024-08-19,Sardar Patel Marg,4,Monday,0,0,0,20156,153,52.8758,1.8954,9624.01
2024-08-19,Sardar Patel Marg,5,Monday,0,0,0,28496,153,52.8758,1.8954,9624.01
2024-08-19,Sardar Patel Marg,6,Monday,0,0,0,32284,153,52.8758,1.8954,9624.01
2024-08-19,Sardar Patel Marg,7,Monday,0,0,1,34180,153,52.8758,1.8954,9624.01
2024-08-19,Sardar Patel Marg,8,Monday,0,0,1,43194,153,52.8758,1.8954,9624.01
2024-08-19,Sardar Patel Marg,9,Monday,0,0,1,56436,153,52.8758,1.8954,9624.01
2024-08-19,Sardar Patel Marg,10,Monday,0,0,0,66277,153,52.8758,1.8954,9624.01
2024-08-19,Sardar Patel Marg,11,Monday,0,0,0,74605,153,52.8758,1.8954,9624.01
2024-08-19,Sardar Patel Marg,12,Monday,0,0,0,71964,153,52.8758,1.8954,9624.01
2024-08-19,Sardar Patel Marg,13,Monday,0,0,0,78027,153,52.8758,1.8954,9624.01
2024-08-19,Sardar Patel Marg,14,Monday,0,0,0,74460,153,52.8758,1.8954,9624.01
2024-08-19,Sardar Patel Marg,15,Monday,0,0,0,75642,153,52.8758,1.8954,9624.01
2024-08-19,Sardar Patel Marg,16,Monday,0,0,0,67830,153,52.8758,1.8954,9624.01
2024-08-19,Sardar Patel Marg,17,Monday,0,0,1,68984,153,52.8758,1.8954,9624.01
2024-08-19,Sardar Patel Marg,18,Monday,0,0,1,59794,153,52.8758,1.8954,9624.01
2024-08-19,Sardar Patel Marg,19,Monday,0,0,1,58742,153,52.8758,1.8954,9624.01
2024-08-19,Sardar Patel Marg,20,Monday,0,0,1,59497,153,52.8758,1.8954,9624.01
2024-08-19,Sardar Patel Marg,21,Monday,0,0,0,58579,153,52.8758,1.8954,9624.01
2024-08-19,Sardar Patel Marg,22,Monday,0,0,0,51612,153,52.8758,1.8954,9624.01
2024-08-19,Sardar Patel Marg,23,Monday,0,0,0,49451,153,52.8758,1.8954,9624.01
2024-08-19,Noida Link Road,0,Monday,0,0,0,16880,114,51.8421,2.3947,6981.29
2024-08-19,Noida Link Road,1,Monday,0,0,0,9776,114,51.8421,2.3947,6981.29
2024-08-19,Noida Link Road,2,Monday,0,0,0,8501,114,51.8421,2.3947,6981.29
2024-08-19,Noida Link Road,3,Monday,0,0,0,6837,114,51.8421,2.3947,6981.29
2024-08-19,Noida Link Road,4,Monday,0,0,0,7976,114,51.8421,2.3947,6981.29
2024-08-19,Noida Link Road,5,Monday,0,0,0,12698,114,51.8421,2.3947,6981.29
2024-08-19,Noida Link Road,6,Monday,0,0,0,17944,114,51.8421,2.3947,6981.29
2024-08-19,Noida Link Road,7,Monday,0,0,1,17584,114,51.8421,2.3947,6981.29
2024-08-19,Noida Link Road,8,Monday,0,0,1,25201,114,51.8421,2.3947,6981.29
2024-08-19,Noida Link Road,9,Monday,0,0,1,35088,114,51.8421,2.3947,6981.29
2024-08-19,Noida Link Road,10,Monday,0,0,0,41119,114,51.8421,2.3947,6981.29
2024-08-19,Noida Link Road,11,Monday,0,0,0,48444,114,51.8421,2.3947,6981.29
2024-08-19,Noida Link Road,12,Monday,0,0,0,56284,114,51.8421,2.3947,6981.29
2024-08-19,Noida Link Road,13,Monday,0,0,0,57960,114,51.8421,2.3947,6981.29
2024-08-19,Noida Link Road,14,Monday,0,0,0,51778,114,51.8421,2.3947,6981.29
2024-08-19,Noida Link Road,15,Monday,0,0,0,53899,114,51.8421,2.3947,6981.29
2024-08-19,Noida Link Road,16,Monday,0,0,0,51804,114,51.8421,2.3947,6981.29
2024-08-19,Noida Link Road,17,Monday,0,0,1,49469,114,51.8421,2.3947,6981.29
2024-08-19,Noida Link Road,18,Monday,0,0,1,41644,114,51.8421,2.3947,6981.29
2024-08-19,Noida Link Road,19,Monday,0,0,1,43059,114,51.8421,2.3947,6981.29
2024-08-19,Noida Link Road,20,Monday,0,0,1,43486,114,51.8421,2.3947,6981.29
2024-08-19,Noida Link Road,21,Monday,0,0,0,41717,114,51.8421,2.3947,6981.29
2024-08-19,Noida Link Road,22,Monday,0,0,0,37914,114,51.8421,2.3947,6981.29
2024-08-19,Noida Link Road,23,Monday,0,0,0,35441,114,51.8421,2.3947,6981.29
2024-08-20,Mahatma Gandhi Marg,0,Tuesday,1,0,0,327182,1052,52.443,1.5722,62245.45
2024-08-20,Mahatma Gandhi Marg,1,Tuesday,1,0,0,212930,1052,52.443,1.5722,62245.45
2024-08-20,Mahatma Gandhi Marg,2,Tuesday,1,0,0,135029,1052,52.443,1.5722,62245.45
2024-08-20,Mahatma Gandhi Marg,3,Tuesday,1,0,0,119711,1052,52.443,1.5722,62245.45
2024-08-20,Mahatma Gandhi Marg,4,Tuesday,1,0,0,129873,1052,52.443,1.5722,62245.45
2024-08-20,Mahatma Gandhi Marg,5,Tuesday,1,0,0,174550,1052,52.443,1.5722,62245.45
2024-08-20,Mahatma Gandhi Marg,6,Tuesday,1,0,0,259293,1052,52.443,1.5722,62245.45
2024-08-20,Mahatma Gandhi Marg,7,Tuesday,1,0,1,308965,1052,52.443,1.5722,62245.45
2024-08-20,Mahatma Gandhi Marg,8,Tuesday,1,0,1,407844,1052,52.443,1.5722,62245.45
2024-08-20,Mahatma Gandhi Marg,9,Tuesday,1,0,1,450752,1052,52.443,1.5722,62245.45
2024-08-20,Mahatma Gandhi Marg,10,Tuesday,1,0,0,502906,1052,52.443,1.5722,62245.45
2024-08-20,Mahatma Gandhi Marg,11,Tuesday,1,0,0,500228,1052,52.443,1.5722,62245.45
2024-08-20,Mahatma Gandhi Marg,12,Tuesday,1,0,0,477002,1052,52.443,1.5722,62245.45
2024-08-20,Mahatma Gandhi Marg,13,Tuesday,1,0,0,441300,1052,52.443,1.5722,62245.45
2024-08-20,Mahatma Gandhi Marg,14,Tuesday,1,0,0,453610,1052,52.443,1.5722,62245.45
2024-08-20,Mahatma Gandhi Marg,15,Tuesday,1,0,0,469374,1052,52.443,1.5722,62245.45
2024-08-20,Mahatma Gandhi Marg,16,Tuesday,1,0,0,502045,1052,52.443,1.5722,62245.45
2024-08-20,Mahatma Gandhi Marg,17,Tuesday,1,0,1,533764,1052,52.443,1.5722,62245.45
2024-08-20,Mahatma Gandhi Marg,18,Tuesday,1,0,1,510893,1052,52.443,1.5722,62245.45
2024-08-20,Mahatma Gandhi Marg,19,Tuesday,1,0,1,490522,1052,52.443,1.5722,62245.45
2024-08-20,Mahatma Gandhi Marg,20,Tuesday,1,0,1,483552,1052,52.443,1.5722,62245.45
2024-08-20,Mahatma Gandhi Marg,21,Tuesday,1,0,0,429971,1052,52.443,1.5722,62245.45
2024-08-20,Mahatma Gandhi Marg,22,Tuesday,1,0,0,355319,1052,52.443,1.5722,62245.45
2024-08-20,Mahatma Gandhi Marg,23,Tuesday,1,0,0,266549,1052,52.443,1.5722,62245.45
2024-08-20,Mathura Road,0,Tuesday,1,0,0,125800,759,49.1331,1.9763,50900.63
2024-08-20,Mathura Road,1,Tuesday,1,0,0,69190,759,49.1331,1.9763,50900.63
2024-08-20,Mathura Road,2,Tuesday,1,0,0,37746,759,49.1331,1.9763,50900.63
2024-08-20,Mathura Road,3,Tuesday,1,0,0,29226,759,49.1331,1.9763,50900.63
2024-08-20,Mathura Road,4,Tuesday,1,0,0,45337,759,49.1331,1.9763,50900.63
2024-08-20,Mathura Road,5,Tuesday,1,0,0,60419,759,49.1331,1.9763,50900.63
2024-08-20,Mathura Road,6,Tuesday,1,0,0,77630,759,49.1331,1.9763,50900.63
2024-08-20,Mathura Road,7,Tuesday,1,0,1,92520,759,49.1331,1.9763,50900.63
2024-08-20,Mathura Road,8,Tuesday,1,0,1,134152,759,49.1331,1.9763,50900.63
2024-08-20,Mathura Road,9,Tuesday,1,0,1,173475,759,49.1331,1.9763,50900.63
2024-08-20,Mathura Road,10,Tuesday,1,0,0,183770,759,49.1331,1.9763,50900.63
2024-08-20,Mathura Road,11,Tuesday,1,0,0,187528,759,49.1331,1.9763,50900.63
2024-08-20,Mathura Road,12,Tuesday,1,0,0,185551,759,49.1331,1.9763,50900.63
2024-08-20,Mathura Road,13,Tuesday,1,0,0,184979,759,49.1331,1.9763,50900.63
2024-08-20,Mathura Road,14,Tuesday,1,0,0,184973,759,49.1331,1.9763,50900.63
2024-08-20,Mathura Road,15,Tuesday,1,0,0,187647,759,49.1331,1.9763,50900.63
2024-08-20,Mathura Road,16,Tuesday,1,0,0,190459,759,49.1331,1.9763,50900.63
2024-08-20,Mathura Road,17,Tuesday,1,0,1,191750,759,49.1331,1.9763,50900.63
2024-08-20,Mathura Road,18,Tuesday,1,0,1,194550,759,49.1331,1.9763,50900.63
2024-08-20,Mathura Road,19,Tuesday,1,0,1,176735,759,49.1331,1.9763,50900.63
2024-08-20,Mathura Road,20,Tuesday,1,0,1,179857,759,49.1331,1.9763,50900.63
2024-08-20,Mathura Road,21,Tuesday,1,0,0,165776,759,49.1331,1.9763,50900.63
2024-08-20,Mathura Road,22,Tuesday,1,0,0,132964,759,49.1331,1.9763,50900.63
2024-08-20,Mathura Road,23,Tuesday,1,0,0,100331,759,49.1331,1.9763,50900.63
2024-08-20,Outer Ring Road,0,Tuesday,1,0,0,195431,712,46.8048,2.4593,43347.7
2024-08-20,Outer Ring Road,1,Tuesday,1,0,0,123370,712,46.8048,2.4593,43347.7
2024-08-20,Outer Ring Road,2,Tuesday,1,0,0,77662,712,46.8048,2.4593,43347.7
2024-08-20,Outer Ring Road,3,Tuesday,1,0,0,67170,712,46.8048,2.4593,43347.7
2024-08-20,Outer Ring Road,4,Tuesday,1,0,0,71444,712,46.8048,2.4593,43347.7
2024-08-20,Outer Ring Road,5,Tuesday,1,0,0,81798,712,46.8048,2.4593,43347.7
2024-08-20,Outer Ring Road,6,Tuesday,1,0,0,107306,712,46.8048,2.4593,43347.7
2024-08-20,Outer Ring Road,7,Tuesday,1,0,1,180608,712,46.8048,2.4593,43347.7
2024-08-20,Outer Ring Road,8,Tuesday,1,0,1,284317,712,46.8048,2.4593,43347.7
2024-08-20,Outer Ring Road,9,Tuesday,1,0,1,290088,712,46.8048,2.4593,43347.7
2024-08-20,Outer Ring Road,10,Tuesday,1,0,0,298915,712,46.8048,2.4593,43347.7
2024-08-20,Outer Ring Road,11,Tuesday,1,0,0,284198,712,46.8048,2.4593,43347.7
2024-08-20,Outer Ring Road,12,Tuesday,1,0,0,294254,712,46.8048,2.4593,43347.7
2024-08-20,Outer Ring Road,13,Tuesday,1,0,0,307947,712,46.8048,2.4593,43347.7
2024-08-20,Outer Ring Road,14,Tuesday,1,0,0,293004,712,46.8048,2.4593,43347.7
2024-08-20,Outer Ring Road,15,Tuesday,1,0,0,313539,712,46.8048,2.4593,43347.7
2024-08-20,Outer Ring Road,16,Tuesday,1,0,0,337700,712,46.8048,2.4593,43347.7
2024-08-20,Outer Ring Road,17,Tuesday,1,0,1,350756,712,46.8048,2.4593,43347.7
2024-08-20,Outer Ring Road,18,Tuesday,1,0,1,358139,712,46.8048,2.4593,43347.7
2024-08-20,Outer Ring Road,19,Tuesday,1,0,1,328760,712,46.8048,2.4593,43347.7
2024-08-20,Outer Ring Road,20,Tuesday,1,0,1,316790,712,46.8048,2.4593,43347.7
2024-08-20,Outer Ring Road,21,Tuesday,1,0,0,267215,712,46.8048,2.4593,43347.7
2024-08-20,Outer Ring Road,22,Tuesday,1,0,0,230227,712,46.8048,2.4593,43347.7
2024-08-20,Outer Ring Road,23,Tuesday,1,0,0,175423,712,46.8048,2.4593,43347.7
2024-08-20,Aurobindo Marg,0,Tuesday,1,0,0,93404,378,49.709,1.8783,17962.91
2024-08-20,Aurobindo Marg,1,Tuesday,1,0,0,53885,378,49.709,1.8783,17962.91
2024-08-20,Aurobindo Marg,2,Tuesday,1,0,0,31561,378,49.709,1.8783,17962.91
2024-08-20,Aurobindo Marg,3,Tuesday,1,0,0,20533,378,49.709,1.8783,17962.91
2024-08-20,Aurobindo Marg,4,Tuesday,1,0,0,24936,378,49.709,1.8783,17962.91
2024-08-20,Aurobindo Marg,5,Tuesday,1,0,0,36968,378,49.709,1.8783,17962.91
2024-08-20,Aurobindo Marg,6,Tuesday,1,0,0,40374,378,49.709,1.8783,17962.91
2024-08-20,Aurobindo Marg,7,Tuesday,1,0,1,57907,378,49.709,1.8783,17962.91
2024-08-20,Aurobindo Marg,8,Tuesday,1,0,1,112100,378,49.709,1.8783,17962.91
2024-08-20,Aurobindo Marg,9,Tuesday,1,0,1,133741,378,49.709,1.8783,17962.91
2024-08-20,Aurobindo Marg,10,Tuesday,1,0,0,149745,378,49.709,1.8783,17962.91
2024-08-20,Aurobindo Marg,11,Tuesday,1,0,0,131813,378,49.709,1.8783,17962.91
2024-08-20,Aurobindo Marg,12,Tuesday,1,0,0,144078,378,49.709,1.8783,17962.91
2024-08-20,Aurobindo Marg,13,Tuesday,1,0,0,146474,378,49.709,1.8783,17962.91
2024-08-20,Aurobindo Marg,14,Tuesday,1,0,0,140897,378,49.709,1.8783,17962.91
2024-08-20,Aurobindo Marg,15,Tuesday,1,0,0,149466,378,49.709,1.8783,17962.91
2024-08-20,Aurobindo Marg,16,Tuesday,1,0,0,157861,378,49.709,1.8783,17962.91
2024-08-20,Aurobindo Marg,17,Tuesday,1,0,1,149471,378,49.709,1.8783,17962.91
2024-08-20,Aurobindo Marg,18,Tuesday,1,0,1,156308,378,49.709,1.8783,17962.91
2024-08-20,Aurobindo Marg,19,Tuesday,1,0,1,162875,378,49.709,1.8783,17962.91
2024-08-20,Aurobindo Marg,20,Tuesday,1,0,1,148456,378,49.709,1.8783,17962.91
2024-08-20,Aurobindo Marg,21,Tuesday,1,0,0,121048,378,49.709,1.8783,17962.91
2024-08-20,Aurobindo Marg,22,Tuesday,1,0,0,105208,378,49.709,1.8783,17962.91
2024-08-20,Aurobindo Marg,23,Tuesday,1,0,0,80884,378,49.709,1.8783,17962.91
2024-08-20,Mehrauli Badarpur Road,0,Tuesday,1,0,0,40216,370,49.5622,2.0081,24206.35
2024-08-20,Mehrauli Badarpur Road,1,Tuesday,1,0,0,28857,370,49.5622,2.0081,24206.35
2024-08-20,Mehrauli Badarpur Road,2,Tuesday,1,0,0,12191,370,49.5622,2.0081,24206.35
2024-08-20,Mehrauli Badarpur Road,3,Tuesday,1,0,0,9447,370,49.5622,2.0081,24206.35
2024-08-20,Mehrauli Badarpur Road,4,Tuesday,1,0,0,9890,370,49.5622,2.0081,24206.35
2024-08-20,Mehrauli Badarpur Road,5,Tuesday,1,0,0,12014,370,49.5622,2.0081,24206.35
2024-08-20,Mehrauli Badarpur Road,6,Tuesday,1,0,0,16878,370,49.5622,2.0081,24206.35
2024-08-20,Mehrauli Badarpur Road,7,Tuesday,1,0,1,21857,370,49.5622,2.0081,24206.35
2024-08-20,Mehrauli Badarpur Road,8,Tuesday,1,0,1,30500,370,49.5622,2.0081,24206.35
2024-08-20,Mehrauli Badarpur Road,9,Tuesday,1,0,1,38938,370,49.5622,2.0081,24206.35
2024-08-20,Mehrauli Badarpur Road,10,Tuesday,1,0,0,43007,370,49.5622,2.0081,24206.35
2024-08-20,Mehrauli Badarpur Road,11,Tuesday,1,0,0,41135,370,49.5622,2.0081,24206.35
2024-08-20,Mehrauli Badarpur Road,12,Tuesday,1,0,0,47301,370,49.5622,2.0081,24206.35
2024-08-20,Mehrauli Badarpur Road,13,Tuesday,1,0,0,49699,370,49.5622,2.0081,24206.35
2024-08-20,Mehrauli Badarpur Road,14,Tuesday,1,0,0,45570,370,49.5622,2.0081,24206.35
2024-08-20,Mehrauli Badarpur Road,15,Tuesday,1,0,0,46746,370,49.5622,2.0081,24206.35
2024-08-20,Mehrauli Badarpur Road,16,Tuesday,1,0,0,53669,370,49.5622,2.0081,24206.35
2024-08-20,Mehrauli Badarpur Road,17,Tuesday,1,0,1,56538,370,49.5622,2.0081,24206.35
2024-08-20,Mehrauli Badarpur Road,18,Tuesday,1,0,1,51711,370,49.5622,2.0081,24206.35
2024-08-20,Mehrauli Badarpur Road,19,Tuesday,1,0,1,47986,370,49.5622,2.0081,24206.35
2024-08-20,Mehrauli Badarpur Road,20,Tuesday,1,0,1,53482,370,49.5622,2.0081,24206.35
2024-08-20,Mehrauli Badarpur Road,21,Tuesday,1,0,0,53433,370,49.5622,2.0081,24206.35
2024-08-20,Mehrauli Badarpur Road,22,Tuesday,1,0,0,47411,370,49.5622,2.0081,24206.35
2024-08-20,Mehrauli Badarpur Road,23,Tuesday,1,0,0,35601,370,49.5622,2.0081,24206.35
2024-08-20,Barapullah Road,0,Tuesday,1,0,0,46685,218,45.2661,1.3761,16478.62
2024-08-20,Barapullah Road,1,Tuesday,1,0,0,27627,218,45.2661,1.3761,16478.62
2024-08-20,Barapullah Road,2,Tuesday,1,0,0,19297,218,45.2661,1.3761,16478.62
2024-08-20,Barapullah Road,3,Tuesday,1,0,0,16190,218,45.2661,1.3761,16478.62
2024-08-20,Barapullah Road,4,Tuesday,1,0,0,18029,218,45.2661,1.3761,16478.62
2024-08-20,Barapullah Road,5,Tuesday,1,0,0,25235,218,45.2661,1.3761,16478.62
2024-08-20,Barapullah Road,6,Tuesday,1,0,0,34068,218,45.2661,1.3761,16478.62
2024-08-20,Barapullah Road,7,Tuesday,1,0,1,50141,218,45.2661,1.3761,16478.62
2024-08-20,Barapullah Road,8,Tuesday,1,0,1,72676,218,45.2661,1.3761,16478.62
2024-08-20,Barapullah Road,9,Tuesday,1,0,1,90497,218,45.2661,1.3761,16478.62
2024-08-20,Barapullah Road,10,Tuesday,1,0,0,103360,218,45.2661,1.3761,16478.62
2024-08-20,Barapullah Road,11,Tuesday,1,0,0,99870,218,45.2661,1.3761,16478.62
2024-08-20,Barapullah Road,12,Tuesday,1,0,0,115009,218,45.2661,1.3761,16478.62
2024-08-20,Barapullah Road,13,Tuesday,1,0,0,130187,218,45.2661,1.3761,16478.62
2024-08-20,Barapullah Road,14,Tuesday,1,0,0,100502,218,45.2661,1.3761,16478.62
2024-08-20,Barapullah Road,15,Tuesday,1,0,0,101596,218,45.2661,1.3761,16478.62
2024-08-20,Barapullah Road,16,Tuesday,1,0,0,110984,218,45.2661,1.3761,16478.62
2024-08-20,Barapullah Road,17,Tuesday,1,0,1,115778,218,45.2661,1.3761,16478.62
2024-08-20,Barapullah Road,18,Tuesday,1,0,1,90855,218,45.2661,1.3761,16478.62
2024-08-20,Barapullah Road,19,Tuesday,1,0,1,91576,218,45.2661,1.3761,16478.62
2024-08-20,Barapullah Road,20,Tuesday,1,0,1,79316,218,45.2661,1.3761,16478.62
2024-08-20,Barapullah Road,21,Tuesday,1,0,0,75567,218,45.2661,1.3761,16478.62
2024-08-20,Barapullah Road,22,Tuesday,1,0,0,63490,218,45.2661,1.3761,16478.62
2024-08-20,Barapullah Road,23,Tuesday,1,0,0,36196,218,45.2661,1.3761,16478.62
2024-08-20,Vikas Marg,0,Tuesday,1,0,0,35500,194,53.6082,2.0052,14316.28
2024-08-20,Vikas Marg,1,Tuesday,1,0,0,22120,194,53.6082,2.0052,14316.28
2024-08-20,Vikas Marg,2,Tuesday,1,0,0,13054,194,53.6082,2.0052,14316.28
2024-08-20,Vikas Marg,3,Tuesday,1,0,0,10283,194,53.6082,2.0052,14316.28
2024-08-20,Vikas Marg,4,Tuesday,1,0,0,12831,194,53.6082,2.0052,14316.28
2024-08-20,Vikas Marg,5,Tuesday,1,0,0,19445,194,53.6082,2.0052,14316.28
2024-08-20,Vikas Marg,6,Tuesday,1,0,0,20276,194,53.6082,2.0052,14316.28
2024-08-20,Vikas Marg,7,Tuesday,1,0,1,19128,194,53.6082,2.0052,14316.28
2024-08-20,Vikas Marg,8,Tuesday,1,0,1,21958,194,53.6082,2.0052,14316.28
2024-08-20,Vikas Marg,9,Tuesday,1,0,1,17733,194,53.6082,2.0052,14316.28
2024-08-20,Vikas Marg,10,Tuesday,1,0,0,18254,194,53.6082,2.0052,14316.28
2024-08-20,Vikas Marg,11,Tuesday,1,0,0,17561,194,53.6082,2.0052,14316.28
2024-08-20,Vikas Marg,12,Tuesday,1,0,0,22436,194,53.6082,2.0052,14316.28
2024-08-20,Vikas Marg,13,Tuesday,1,0,0,29550,194,53.6082,2.0052,14316.28
2024-08-20,Vikas Marg,14,Tuesday,1,0,0,32236,194,53.6082,2.0052,14316.28
2024-08-20,Vikas Marg,15,Tuesday,1,0,0,39490,194,53.6082,2.0052,14316.28
2024-08-20,Vikas Marg,16,Tuesday,1,0,0,39341,194,53.6082,2.0052,14316.28
2024-08-20,Vikas Marg,17,Tuesday,1,0,1,39131,194,53.6082,2.0052,14316.28
2024-08-20,Vikas Marg,18,Tuesday,1,0,1,40044,194,53.6082,2.0052,14316.28
2024-08-20,Vikas Marg,19,Tuesday,1,0,1,42988,194,53.6082,2.0052,14316.28
2024-08-20,Vikas Marg,20,Tuesday,1,0,1,41827,194,53.6082,2.0052,14316.28
2024-08-20,Vikas Marg,21,Tuesday,1,0,0,39900,194,53.6082,2.0052,14316.28
2024-08-20,Vikas Marg,22,Tuesday,1,0,0,35116,194,53.6082,2.0052,14316.28
2024-08-20,Vikas Marg,23,Tuesday,1,0,0,33234,194,53.6082,2.0052,14316.28
2024-08-20,Africa Avenue,0,Tuesday,1,0,0,20951,164,48.25,3.061,8464.09
2024-08-20,Africa Avenue,1,Tuesday,1,0,0,9004,164,48.25,3.061,8464.09
2024-08-20,Africa Avenue,2,Tuesday,1,0,0,4696,164,48.25,3.061,8464.09
2024-08-20,Africa Avenue,3,Tuesday,1,0,0,3939,164,48.25,3.061,8464.09
2024-08-20,Africa Avenue,4,Tuesday,1,0,0,3932,164,48.25,3.061,8464.09
2024-08-20,Africa Avenue,5,Tuesday,1,0,0,5952,164,48.25,3.061,8464.09
2024-08-20,Africa Avenue,6,Tuesday,1,0,0,8972,164,48.25,3.061,8464.09
2024-08-20,Africa Avenue,7,Tuesday,1,0,1,17410,164,48.25,3.061,8464.09
2024-08-20,Africa Avenue,8,Tuesday,1,0,1,28795,164,48.25,3.061,8464.09
2024-08-20,Africa Avenue,9,Tuesday,1,0,1,31681,164,48.25,3.061,8464.09
2024-08-20,Africa Avenue,10,Tuesday,1,0,0,34980,164,48.25,3.061,8464.09
2024-08-20,Africa Avenue,11,Tuesday,1,0,0,33854,164,48.25,3.061,8464.09
2024-08-20,Africa Avenue,12,Tuesday,1,0,0,37628,164,48.25,3.061,8464.09
2024-08-20,Africa Avenue,13,Tuesday,1,0,0,38085,164,48.25,3.061,8464.09
2024-08-20,Africa Avenue,14,Tuesday,1,0,0,40689,164,48.25,3.061,8464.09
2024-08-20,Africa Avenue,15,Tuesday,1,0,0,38036,164,48.25,3.061,8464.09
2024-08-20,Africa Avenue,16,Tuesday,1,0,0,41914,164,48.25,3.061,8464.09
2024-08-20,Africa Avenue,17,Tuesday,1,0,1,41696,164,48.25,3.061,8464.09
2024-08-20,Africa Avenue,18,Tuesday,1,0,1,43201,164,48.25,3.061,8464.09
2024-08-20,Africa Avenue,19,Tuesday,1,0,1,40665,164,48.25,3.061,8464.09
2024-08-20,Africa Avenue,20,Tuesday,1,0,1,38387,164,48.25,3.061,8464.09
2024-08-20,Africa Avenue,21,Tuesday,1,0,0,30752,164,48.25,3.061,8464.09
2024-08-20,Africa Avenue,22,Tuesday,1,0,0,23314,164,48.25,3.061,8464.09
2024-08-20,Africa Avenue,23,Tuesday,1,0,0,15220,164,48.25,3.061,8464.09
2024-08-20,Sardar Patel Marg,0,Tuesday,1,0,0,38790,153,52.8758,1.8954,9624.01
2024-08-20,Sardar Patel Marg,1,Tuesday,1,0,0,22529,153,52.8758,1.8954,9624.01
2024-08-20,Sardar Patel Marg,2,Tuesday,1,0,0,14420,153,52.8758,1.8954,9624.01
2024-08-20,Sardar Patel Marg,3,Tuesday,1,0,0,13688,153,52.8758,1.8954,9624.01
2024-08-20,Sardar Patel Marg,4,Tuesday,1,0,0,20304,153,52.8758,1.8954,9624.01
2024-08-20,Sardar Patel Marg,5,Tuesday,1,0,0,31328,153,52.8758,1.8954,9624.01
2024-08-20,Sardar Patel Marg,6,Tuesday,1,0,0,36736,153,52.8758,1.8954,9624.01
2024-08-20,Sardar Patel Marg,7,Tuesday,1,0,1,40000,153,52.8758,1.8954,9624.01
2024-08-20,Sardar Patel Marg,8,Tuesday,1,0,1,48206,153,52.8758,1.8954,9624.01
2024-08-20,Sardar Patel Marg,9,Tuesday,1,0,1,46782,153,52.8758,1.8954,9624.01
2024-08-20,Sardar Patel Marg,10,Tuesday,1,0,0,49298,153,52.8758,1.8954,9624.01
2024-08-20,Sardar Patel Marg,11,Tuesday,1,0,0,55297,153,52.8758,1.8954,9624.01
2024-08-20,Sardar Patel Marg,12,Tuesday,1,0,0,64041,153,52.8758,1.8954,9624.01
2024-08-20,Sardar Patel Marg,13,Tuesday,1,0,0,68511,153,52.8758,1.8954,9624.01
2024-08-20,Sardar Patel Marg,14,Tuesday,1,0,0,68901,153,52.8758,1.8954,9624.01
2024-08-20,Sardar Patel Marg,15,Tuesday,1,0,0,68581,153,52.8758,1.8954,9624.01
2024-08-20,Sardar Patel Marg,16,Tuesday,1,0,0,66715,153,52.8758,1.8954,9624.01
2024-08-20,Sardar Patel Marg,17,Tuesday,1,0,1,51297,153,52.8758,1.8954,9624.01
2024-08-20,Sardar Patel Marg,18,Tuesday,1,0,1,54572,153,52.8758,1.8954,9624.01
2024-08-20,Sardar Patel Marg,19,Tuesday,1,0,1,51724,153,52.8758,1.8954,9624.01
2024-08-20,Sardar Patel Marg,20,Tuesday,1,0,1,60322,153,52.8758,1.8954,9624.01
2024-08-20,Sardar Patel Marg,21,Tuesday,1,0,0,52064,153,52.8758,1.8954,9624.01
2024-08-20,Sardar Patel Marg,22,Tuesday,1,0,0,46118,153,52.8758,1.8954,9624.01
2024-08-20,Sardar Patel Marg,23,Tuesday,1,0,0,36337,153,52.8758,1.8954,9624.01
2024-08-20,Noida Link Road,0,Tuesday,1,0,0,26531,114,51.8421,2.3947,6981.29
2024-08-20,Noida Link Road,1,Tuesday,1,0,0,11447,114,51.8421,2.3947,6981.29
2024-08-20,Noida Link Road,2,Tuesday,1,0,0,6990,114,51.8421,2.3947,6981.29
2024-08-20,Noida Link Road,3,Tuesday,1,0,0,4703,114,51.8421,2.3947,6981.29
2024-08-20,Noida Link Road,4,Tuesday,1,0,0,7633,114,51.8421,2.3947,6981.29
2024-08-20,Noida Link Road,5,Tuesday,1,0,0,13685,114,51.8421,2.3947,6981.29
2024-08-20,Noida Link Road,6,Tuesday,1,0,0,17785,114,51.8421,2.3947,6981.29
2024-08-20,Noida Link Road,7,Tuesday,1,0,1,18318,114,51.8421,2.3947,6981.29
2024-08-20,Noida Link Road,8,Tuesday,1,0,1,25287,114,51.8421,2.3947,6981.29
2024-08-20,Noida Link Road,9,Tuesday,1,0,1,35617,114,51.8421,2.3947,6981.29
2024-08-20,Noida Link Road,10,Tuesday,1,0,0,36614,114,51.8421,2.3947,6981.29
2024-08-20,Noida Link Road,11,Tuesday,1,0,0,34962,114,51.8421,2.3947,6981.29
2024-08-20,Noida Link Road,12,Tuesday,1,0,0,36121,114,51.8421,2.3947,6981.29
2024-08-20,Noida Link Road,13,Tuesday,1,0,0,35522,114,51.8421,2.3947,6981.29
2024-08-20,Noida Link Road,14,Tuesday,1,0,0,38366,114,51.8421,2.3947,6981.29
2024-08-20,Noida Link Road,15,Tuesday,1,0,0,40505,114,51.8421,2.3947,6981.29
2024-08-20,Noida Link Road,16,Tuesday,1,0,0,42659,114,51.8421,2.3947,6981.29
2024-08-20,Noida Link Road,17,Tuesday,1,0,1,44905,114,51.8421,2.3947,6981.29
2024-08-20,Noida Link Road,18,Tuesday,1,0,1,41885,114,51.8421,2.3947,6981.29
2024-08-20,Noida Link Road,19,Tuesday,1,0,1,41109,114,51.8421,2.3947,6981.29
2024-08-20,Noida Link Road,20,Tuesday,1,0,1,42699,114,51.8421,2.3947,6981.29
2024-08-20,Noida Link Road,21,Tuesday,1,0,0,34061,114,51.8421,2.3947,6981.29
2024-08-20,Noida Link Road,22,Tuesday,1,0,0,26475,114,51.8421,2.3947,6981.29
2024-08-20,Noida Link Road,23,Tuesday,1,0,0,21148,114,51.8421,2.3947,6981.29
2024-08-21,Mahatma Gandhi Marg,0,Wednesday,2,0,0,199217,1052,52.443,1.5722,62245.45
2024-08-21,Mahatma Gandhi Marg,1,Wednesday,2,0,0,143492,1052,52.443,1.5722,62245.45
2024-08-21,Mahatma Gandhi Marg,2,Wednesday,2,0,0,109353,1052,52.443,1.5722,62245.45
2024-08-21,Mahatma Gandhi Marg,3,Wednesday,2,0,0,96948,1052,52.443,1.5722,62245.45
2024-08-21,Mahatma Gandhi Marg,4,Wednesday,2,0,0,118568,1052,52.443,1.5722,62245.45
2024-08-21,Mahatma Gandhi Marg,5,Wednesday,2,0,0,155667,1052,52.443,1.5722,62245.45
2024-08-21,Mahatma Gandhi Marg,6,Wednesday,2,0,0,217078,1052,52.443,1.5722,62245.45
2024-08-21,Mahatma Gandhi Marg,7,Wednesday,2,0,1,352615,1052,52.443,1.5722,62245.45
2024-08-21,Mahatma Gandhi Marg,8,Wednesday,2,0,1,492553,1052,52.443,1.5722,62245.45
2024-08-21,Mahatma Gandhi Marg,9,Wednesday,2,0,1,506010,1052,52.443,1.5722,62245.45
2024-08-21,Mahatma Gandhi Marg,10,Wednesday,2,0,0,556538,1052,52.443,1.5722,62245.45
2024-08-21,Mahatma Gandhi Marg,11,Wednesday,2,0,0,469737,1052,52.443,1.5722,62245.45
2024-08-21,Mahatma Gandhi Marg,12,Wednesday,2,0,0,424502,1052,52.443,1.5722,62245.45
2024-08-21,Mahatma Gandhi Marg,13,Wednesday,2,0,0,466712,1052,52.443,1.5722,62245.45
2024-08-21,Mahatma Gandhi Marg,14,Wednesday,2,0,0,448707,1052,52.443,1.5722,62245.45
2024-08-21,Mahatma Gandhi Marg,15,Wednesday,2,0,0,445734,1052,52.443,1.5722,62245.45
2024-08-21,Mahatma Gandhi Marg,16,Wednesday,2,0,0,484264,1052,52.443,1.5722,62245.45
2024-08-21,Mahatma Gandhi Marg,17,Wednesday,2,0,1,507361,1052,52.443,1.5722,62245.45
2024-08-21,Mahatma Gandhi Marg,18,Wednesday,2,0,1,510526,1052,52.443,1.5722,62245.45
2024-08-21,Mahatma Gandhi Marg,19,Wednesday,2,0,1,468512,1052,52.443,1.5722,62245.45
2024-08-21,Mahatma Gandhi Marg,20,Wednesday,2,0,1,468257,1052,52.443,1.5722,62245.45
2024-08-21,Mahatma Gandhi Marg,21,Wednesday,2,0,0,436167,1052,52.443,1.5722,62245.45
2024-08-21,Mahatma Gandhi Marg,22,Wednesday,2,0,0,398632,1052,52.443,1.5722,62245.45
2024-08-21,Mahatma Gandhi Marg,23,Wednesday,2,0,0,294465,1052,52.443,1.5722,62245.45
2024-08-21,Mathura Road,0,Wednesday,2,0,0,71721,759,49.1331,1.9763,50900.63
2024-08-21,Mathura Road,1,Wednesday,2,0,0,43937,759,49.1331,1.9763,50900.63
2024-08-21,Mathura Road,2,Wednesday,2,0,0,26231,759,49.1331,1.9763,50900.63
2024-08-21,Mathura Road,3,Wednesday,2,0,0,28360,759,49.1331,1.9763,50900.63
2024-08-21,Mathura Road,4,Wednesday,2,0,0,44861,759,49.1331,1.9763,50900.63
2024-08-21,Mathura Road,5,Wednesday,2,0,0,57078,759,49.1331,1.9763,50900.63
2024-08-21,Mathura Road,6,Wednesday,2,0,0,69077,759,49.1331,1.9763,50900.63
2024-08-21,Mathura Road,7,Wednesday,2,0,1,96162,759,49.1331,1.9763,50900.63
2024-08-21,Mathura Road,8,Wednesday,2,0,1,161058,759,49.1331,1.9763,50900.63
2024-08-21,Mathura Road,9,Wednesday,2,0,1,195181,759,49.1331,1.9763,50900.63
2024-08-21,Mathura Road,10,Wednesday,2,0,0,205449,759,49.1331,1.9763,50900.63
2024-08-21,Mathura Road,11,Wednesday,2,0,0,199230,759,49.1331,1.9763,50900.63
2024-08-21,Mathura Road,12,Wednesday,2,0,0,160460,759,49.1331,1.9763,50900.63
2024-08-21,Mathura Road,13,Wednesday,2,0,0,181205,759,49.1331,1.9763,50900.63
2024-08-21,Mathura Road,14,Wednesday,2,0,0,173180,759,49.1331,1.9763,50900.63
2024-08-21,Mathura Road,15,Wednesday,2,0,0,183952,759,49.1331,1.9763,50900.63
2024-08-21,Mathura Road,16,Wednesday,2,0,0,196849,759,49.1331,1.9763,50900.63
2024-08-21,Mathura Road,17,Wednesday,2,0,1,203679,759,49.1331,1.9763,50900.63
2024-08-21,Mathura Road,18,Wednesday,2,0,1,195159,759,49.1331,1.9763,50900.63
2024-08-21,Mathura Road,19,Wednesday,2,0,1,195499,759,49.1331,1.9763,50900.63
2024-08-21,Mathura Road,20,Wednesday,2,0,1,173769,759,49.1331,1.9763,50900.63
2024-08-21,Mathura Road,21,Wednesday,2,0,0,162726,759,49.1331,1.9763,50900.63
2024-08-21,Mathura Road,22,Wednesday,2,0,0,137718,759,49.1331,1.9763,50900.63
2024-08-21,Mathura Road,23,Wednesday,2,0,0,106629,759,49.1331,1.9763,50900.63
2024-08-21,Outer Ring Road,0,Wednesday,2,0,0,138561,712,46.8048,2.4593,43347.7
2024-08-21,Outer Ring Road,1,Wednesday,2,0,0,92020,712,46.8048,2.4593,43347.7
2024-08-21,Outer Ring Road,2,Wednesday,2,0,0,64933,712,46.8048,2.4593,43347.7
2024-08-21,Outer Ring Road,3,Wednesday,2,0,0,57699,712,46.8048,2.4593,43347.7
2024-08-21,Outer Ring Road,4,Wednesday,2,0,0,68293,712,46.8048,2.4593,43347.7
2024-08-21,Outer Ring Road,5,Wednesday,2,0,0,82543,712,46.8048,2.4593,43347.7
2024-08-21,Outer Ring Road,6,Wednesday,2,0,0,106397,712,46.8048,2.4593,43347.7
2024-08-21,Outer Ring Road,7,Wednesday,2,0,1,180156,712,46.8048,2.4593,43347.7
2024-08-21,Outer Ring Road,8,Wednesday,2,0,1,306005,712,46.8048,2.4593,43347.7
2024-08-21,Outer Ring Road,9,Wednesday,2,0,1,334133,712,46.8048,2.4593,43347.7
2024-08-21,Outer Ring Road,10,Wednesday,2,0,0,329086,712,46.8048,2.4593,43347.7
2024-08-21,Outer Ring Road,11,Wednesday,2,0,0,323879,712,46.8048,2.4593,43347.7
2024-08-21,Outer Ring Road,12,Wednesday,2,0,0,273019,712,46.8048,2.4593,43347.7
2024-08-21,Outer Ring Road,13,Wednesday,2,0,0,286707,712,46.8048,2.4593,43347.7
2024-08-21,Outer Ring Road,14,Wednesday,2,0,0,287723,712,46.8048,2.4593,43347.7
2024-08-21,Outer Ring Road,15,Wednesday,2,0,0,293215,712,46.8048,2.4593,43347.7
2024-08-21,Outer Ring Road,16,Wednesday,2,0,0,340023,712,46.8048,2.4593,43347.7
2024-08-21,Outer Ring Road,17,Wednesday,2,0,1,359816,712,46.8048,2.4593,43347.7
2024-08-21,Outer Ring Road,18,Wednesday,2,0,1,345741,712,46.8048,2.4593,43347.7
2024-08-21,Outer Ring Road,19,Wednesday,2,0,1,331277,712,46.8048,2.4593,43347.7
2024-08-21,Outer Ring Road,20,Wednesday,2,0,1,320287,712,46.8048,2.4593,43347.7
2024-08-21,Outer Ring Road,21,Wednesday,2,0,0,292983,712,46.8048,2.4593,43347.7
2024-08-21,Outer Ring Road,22,Wednesday,2,0,0,246168,712,46.8048,2.4593,43347.7
2024-08-21,Outer Ring Road,23,Wednesday,2,0,0,194577,712,46.8048,2.4593,43347.7
2024-08-21,Aurobindo Marg,0,Wednesday,2,0,0,57408,378,49.709,1.8783,17962.91
2024-08-21,Aurobindo Marg,1,Wednesday,2,0,0,38365,378,49.709,1.8783,17962.91
2024-08-21,Aurobindo Marg,2,Wednesday,2,0,0,26028,378,49.709,1.8783,17962.91
2024-08-21,Aurobindo Marg,3,Wednesday,2,0,0,19143,378,49.709,1.8783,17962.91
2024-08-21,Aurobindo Marg,4,Wednesday,2,0,0,20851,378,49.709,1.8783,17962.91
2024-08-21,Aurobindo Marg,5,Wednesday,2,0,0,32908,378,49.709,1.8783,17962.91
2024-08-21,Aurobindo Marg,6,Wednesday,2,0,0,37223,378,49.709,1.8783,17962.91
2024-08-21,Aurobindo Marg,7,Wednesday,2,0,1,71025,378,49.709,1.8783,17962.91
2024-08-21,Aurobindo Marg,8,Wednesday,2,0,1,114744,378,49.709,1.8783,17962.91
2024-08-21,Aurobindo Marg,9,Wednesday,2,0,1,150230,378,49.709,1.8783,17962.91
2024-08-21,Aurobindo Marg,10,Wednesday,2,0,0,170226,378,49.709,1.8783,17962.91
2024-08-21,Aurobindo Marg,11,Wednesday,2,0,0,148402,378,49.709,1.8783,17962.91
2024-08-21,Aurobindo Marg,12,Wednesday,2,0,0,139751,378,49.709,1.8783,17962.91
2024-08-21,Aurobindo Marg,13,Wednesday,2,0,0,149811,378,49.709,1.8783,17962.91
2024-08-21,Aurobindo Marg,14,Wednesday,2,0,0,137483,378,49.709,1.8783,17962.91
2024-08-21,Aurobindo Marg,15,Wednesday,2,0,0,152304,378,49.709,1.8783,17962.91
2024-08-21,Aurobindo Marg,16,Wednesday,2,0,0,158649,378,49.709,1.8783,17962.91
2024-08-21,Aurobindo Marg,17,Wednesday,2,0,1,162940,378,49.709,1.8783,17962.91
2024-08-21,Aurobindo Marg,18,Wednesday,2,0,1,164582,378,49.709,1.8783,17962.91
2024-08-21,Aurobindo Marg,19,Wednesday,2,0,1,161264,378,49.709,1.8783,17962.91
2024-08-21,Aurobindo Marg,20,Wednesday,2,0,1,147256,378,49.709,1.8783,17962.91
2024-08-21,Aurobindo Marg,21,Wednesday,2,0,0,127153,378,49.709,1.8783,17962.91
2024-08-21,Aurobindo Marg,22,Wednesday,2,0,0,115537,378,49.709,1.8783,17962.91
2024-08-21,Aurobindo Marg,23,Wednesday,2,0,0,100643,378,49.709,1.8783,17962.91
2024-08-21,Mehrauli Badarpur Road,0,Wednesday,2,0,0,26393,370,49.5622,2.0081,24206.35
2024-08-21,Mehrauli Badarpur Road,1,Wednesday,2,0,0,18801,370,49.5622,2.0081,24206.35
2024-08-21,Mehrauli Badarpur Road,2,Wednesday,2,0,0,9760,370,49.5622,2.0081,24206.35
2024-08-21,Mehrauli Badarpur Road,3,Wednesday,2,0,0,9575,370,49.5622,2.0081,24206.35
2024-08-21,Mehrauli Badarpur Road,4,Wednesday,2,0,0,10971,370,49.5622,2.0081,24206.35
2024-08-21,Mehrauli Badarpur Road,5,Wednesday,2,0,0,11368,370,49.5622,2.0081,24206.35
2024-08-21,Mehrauli Badarpur Road,6,Wednesday,2,0,0,16598,370,49.5622,2.0081,24206.35
2024-08-21,Mehrauli Badarpur Road,7,Wednesday,2,0,1,21277,370,49.5622,2.0081,24206.35
2024-08-21,Mehrauli Badarpur Road,8,Wednesday,2,0,1,35231,370,49.5622,2.0081,24206.35
2024-08-21,Mehrauli Badarpur Road,9,Wednesday,2,0,1,44990,370,49.5622,2.0081,24206.35
2024-08-21,Mehrauli Badarpur Road,10,Wednesday,2,0,0,46003,370,49.5622,2.0081,24206.35
2024-08-21,Mehrauli Badarpur Road,11,Wednesday,2,0,0,49425,370,49.5622,2.0081,24206.35
2024-08-21,Mehrauli Badarpur Road,12,Wednesday,2,0,0,49991,370,49.5622,2.0081,24206.35
2024-08-21,Mehrauli Badarpur Road,13,Wednesday,2,0,0,49224,370,49.5622,2.0081,24206.35
2024-08-21,Mehrauli Badarpur Road,14,Wednesday,2,0,0,55189,370,49.5622,2.0081,24206.35
2024-08-21,Mehrauli Badarpur Road,15,Wednesday,2,0,0,57123,370,49.5622,2.0081,24206.35
2024-08-21,Mehrauli Badarpur Road,16,Wednesday,2,0,0,56864,370,49.5622,2.0081,24206.35
2024-08-21,Mehrauli Badarpur Road,17,Wednesday,2,0,1,58822,370,49.5622,2.0081,24206.35
2024-08-21,Mehrauli Badarpur Road,18,Wednesday,2,0,1,54219,370,49.5622,2.0081,24206.35
2024-08-21,Mehrauli Badarpur Road,19,Wednesday,2,0,1,51675,370,49.5622,2.0081,24206.35
2024-08-21,Mehrauli Badarpur Road,20,Wednesday,2,0,1,50148,370,49.5622,2.0081,24206.35
2024-08-21,Mehrauli Badarpur Road,21,Wednesday,2,0,0,51729,370,49.5622,2.0081,24206.35
2024-08-21,Mehrauli Badarpur Road,22,Wednesday,2,0,0,50710,370,49.5622,2.0081,24206.35
2024-08-21,Mehrauli Badarpur Road,23,Wednesday,2,0,0,43726,370,49.5622,2.0081,24206.35
2024-08-21,Barapullah Road,0,Wednesday,2,0,0,30057,218,45.2661,1.3761,16478.62
2024-08-21,Barapullah Road,1,Wednesday,2,0,0,19372,218,45.2661,1.3761,16478.62
2024-08-21,Barapullah Road,2,Wednesday,2,0,0,16920,218,45.2661,1.3761,16478.62
2024-08-21,Barapullah Road,3,Wednesday,2,0,0,14239,218,45.2661,1.3761,16478.62
2024-08-21,Barapullah Road,4,Wednesday,2,0,0,17710,218,45.2661,1.3761,16478.62
2024-08-21,Barapullah Road,5,Wednesday,2,0,0,23149,218,45.2661,1.3761,16478.62
2024-08-21,Barapullah Road,6,Wednesday,2,0,0,26502,218,45.2661,1.3761,16478.62
2024-08-21,Barapullah Road,7,Wednesday,2,0,1,53629,218,45.2661,1.3761,16478.62
2024-08-21,Barapullah Road,8,Wednesday,2,0,1,88209,218,45.2661,1.3761,16478.62
2024-08-21,Barapullah Road,9,Wednesday,2,0,1,91002,218,45.2661,1.3761,16478.62
2024-08-21,Barapullah Road,10,Wednesday,2,0,0,95515,218,45.2661,1.3761,16478.62
2024-08-21,Barapullah Road,11,Wednesday,2,0,0,109300,218,45.2661,1.3761,16478.62
2024-08-21,Barapullah Road,12,Wednesday,2,0,0,105873,218,45.2661,1.3761,16478.62
2024-08-21,Barapullah Road,13,Wednesday,2,0,0,104648,218,45.2661,1.3761,16478.62
2024-08-21,Barapullah Road,14,Wednesday,2,0,0,84524,218,45.2661,1.3761,16478.62
2024-08-21,Barapullah Road,15,Wednesday,2,0,0,95774,218,45.2661,1.3761,16478.62
2024-08-21,Barapullah Road,16,Wednesday,2,0,0,101750,218,45.2661,1.3761,16478.62
2024-08-21,Barapullah Road,17,Wednesday,2,0,1,98647,218,45.2661,1.3761,16478.62
2024-08-21,Barapullah Road,18,Wednesday,2,0,1,89621,218,45.2661,1.3761,16478.62
2024-08-21,Barapullah Road,19,Wednesday,2,0,1,81539,218,45.2661,1.3761,16478.62
2024-08-21,Barapullah Road,20,Wednesday,2,0,1,83132,218,45.2661,1.3761,16478.62
2024-08-21,Barapullah Road,21,Wednesday,2,0,0,62519,218,45.2661,1.3761,16478.62
2024-08-21,Barapullah Road,22,Wednesday,2,0,0,53608,218,45.2661,1.3761,16478.62
2024-08-21,Barapullah Road,23,Wednesday,2,0,0,43860,218,45.2661,1.3761,16478.62
2024-08-21,Vikas Marg,0,Wednesday,2,0,0,23214,194,53.6082,2.0052,14316.28
2024-08-21,Vikas Marg,1,Wednesday,2,0,0,16516,194,53.6082,2.0052,14316.28
2024-08-21,Vikas Marg,2,Wednesday,2,0,0,10879,194,53.6082,2.0052,14316.28
2024-08-21,Vikas Marg,3,Wednesday,2,0,0,10957,194,53.6082,2.0052,14316.28
2024-08-21,Vikas Marg,4,Wednesday,2,0,0,14876,194,53.6082,2.0052,14316.28
2024-08-21,Vikas Marg,5,Wednesday,2,0,0,20904,194,53.6082,2.0052,14316.28
2024-08-21,Vikas Marg,6,Wednesday,2,0,0,23060,194,53.6082,2.0052,14316.28
2024-08-21,Vikas Marg,7,Wednesday,2,0,1,28430,194,53.6082,2.0052,14316.28
2024-08-21,Vikas Marg,8,Wednesday,2,0,1,37796,194,53.6082,2.0052,14316.28
2024-08-21,Vikas Marg,9,Wednesday,2,0,1,40479,194,53.6082,2.0052,14316.28
2024-08-21,Vikas Marg,10,Wednesday,2,0,0,38358,194,53.6082,2.0052,14316.28
2024-08-21,Vikas Marg,11,Wednesday,2,0,0,39391,194,53.6082,2.0052,14316.28
2024-08-21,Vikas Marg,12,Wednesday,2,0,0,38758,194,53.6082,2.0052,14316.28
2024-08-21,Vikas Marg,13,Wednesday,2,0,0,40241,194,53.6082,2.0052,14316.28
2024-08-21,Vikas Marg,14,Wednesday,2,0,0,38497,194,53.6082,2.0052,14316.28
2024-08-21,Vikas Marg,15,Wednesday,2,0,0,43294,194,53.6082,2.0052,14316.28
2024-08-21,Vikas Marg,16,Wednesday,2,0,0,39665,194,53.6082,2.0052,14316.28
2024-08-21,Vikas Marg,17,Wednesday,2,0,1,45969,194,53.6082,2.0052,14316.28
2024-08-21,Vikas Marg,18,Wednesday,2,0,1,46876,194,53.6082,2.0052,14316.28
2024-08-21,Vikas Marg,19,Wednesday,2,0,1,50253,194,53.6082,2.0052,14316.28
2024-08-21,Vikas Marg,20,Wednesday,2,0,1,49551,194,53.6082,2.0052,14316.28
2024-08-21,Vikas Marg,21,Wednesday,2,0,0,45808,194,53.6082,2.0052,14316.28
2024-08-21,Vikas Marg,22,Wednesday,2,0,0,40966,194,53.6082,2.0052,14316.28
2024-08-21,Vikas Marg,23,Wednesday,2,0,0,39187,194,53.6082,2.0052,14316.28
2024-08-21,Africa Avenue,0,Wednesday,2,0,0,9590,164,48.25,3.061,8464.09
2024-08-21,Africa Avenue,1,Wednesday,2,0,0,6888,164,48.25,3.061,8464.09
2024-08-21,Africa Avenue,2,Wednesday,2,0,0,4594,164,48.25,3.061,8464.09
2024-08-21,Africa Avenue,3,Wednesday,2,0,0,4753,164,48.25,3.061,8464.09
2024-08-21,Africa Avenue,4,Wednesday,2,0,0,4726,164,48.25,3.061,8464.09
2024-08-21,Africa Avenue,5,Wednesday,2,0,0,6119,164,48.25,3.061,8464.09
2024-08-21,Africa Avenue,6,Wednesday,2,0,0,10007,164,48.25,3.061,8464.09
2024-08-21,Africa Avenue,7,Wednesday,2,0,1,19978,164,48.25,3.061,8464.09
2024-08-21,Africa Avenue,8,Wednesday,2,0,1,37430,164,48.25,3.061,8464.09
2024-08-21,Africa Avenue,9,Wednesday,2,0,1,42170,164,48.25,3.061,8464.09
2024-08-21,Africa Avenue,10,Wednesday,2,0,0,47149,164,48.25,3.061,8464.09
2024-08-21,Africa Avenue,11,Wednesday,2,0,0,41933,164,48.25,3.061,8464.09
2024-08-21,Africa Avenue,12,Wednesday,2,0,0,40935,164,48.25,3.061,8464.09
2024-08-21,Africa Avenue,13,Wednesday,2,0,0,37192,164,48.25,3.061,8464.09
2024-08-21,Africa Avenue,14,Wednesday,2,0,0,40968,164,48.25,3.061,8464.09
2024-08-21,Africa Avenue,15,Wednesday,2,0,0,37087,164,48.25,3.061,8464.09
2024-08-21,Africa Avenue,16,Wednesday,2,0,0,44059,164,48.25,3.061,8464.09
2024-08-21,Africa Avenue,17,Wednesday,2,0,1,46780,164,48.25,3.061,8464.09
2024-08-21,Africa Avenue,18,Wednesday,2,0,1,43616,164,48.25,3.061,8464.09
2024-08-21,Africa Avenue,19,Wednesday,2,0,1,41172,164,48.25,3.061,8464.09
2024-08-21,Africa Avenue,20,Wednesday,2,0,1,38873,164,48.25,3.061,8464.09
2024-08-21,Africa Avenue,21,Wednesday,2,0,0,35547,164,48.25,3.061,8464.09
2024-08-21,Africa Avenue,22,Wednesday,2,0,0,27086,164,48.25,3.061,8464.09
2024-08-21,Africa Avenue,23,Wednesday,2,0,0,20614,164,48.25,3.061,8464.09
2024-08-21,Sardar Patel Marg,0,Wednesday,2,0,0,26683,153,52.8758,1.8954,9624.01
2024-08-21,Sardar Patel Marg,1,Wednesday,2,0,0,16480,153,52.8758,1.8954,9624.01
2024-08-21,Sardar Patel Marg,2,Wednesday,2,0,0,12486,153,52.8758,1.8954,9624.01
2024-08-21,Sardar Patel Marg,3,Wednesday,2,0,0,13527,153,52.8758,1.8954,9624.01
2024-08-21,Sardar Patel Marg,4,Wednesday,2,0,0,21682,153,52.8758,1.8954,9624.01
2024-08-21,Sardar Patel Marg,5,Wednesday,2,0,0,28669,153,52.8758,1.8954,9624.01
2024-08-21,Sardar Patel Marg,6,Wednesday,2,0,0,35882,153,52.8758,1.8954,9624.01
2024-08-21,Sardar Patel Marg,7,Wednesday,2,0,1,49336,153,52.8758,1.8954,9624.01
2024-08-21,Sardar Patel Marg,8,Wednesday,2,0,1,54293,153,52.8758,1.8954,9624.01
2024-08-21,Sardar Patel Marg,9,Wednesday,2,0,1,53350,153,52.8758,1.8954,9624.01
2024-08-21,Sardar Patel Marg,10,Wednesday,2,0,0,51047,153,52.8758,1.8954,9624.01
2024-08-21,Sardar Patel Marg,11,Wednesday,2,0,0,55564,153,52.8758,1.8954,9624.01
2024-08-21,Sardar Patel Marg,12,Wednesday,2,0,0,69714,153,52.8758,1.8954,9624.01
2024-08-21,Sardar Patel Marg,13,Wednesday,2,0,0,62135,153,52.8758,1.8954,9624.01
2024-08-21,Sardar Patel Marg,14,Wednesday,2,0,0,64167,153,52.8758,1.8954,9624.01
2024-08-21,Sardar Patel Marg,15,Wednesday,2,0,0,67618,153,52.8758,1.8954,9624.01
2024-08-21,Sardar Patel Marg,16,Wednesday,2,0,0,56488,153,52.8758,1.8954,9624.01
2024-08-21,Sardar Patel Marg,17,Wednesday,2,0,1,56305,153,52.8758,1.8954,9624.01
2024-08-21,Sardar Patel Marg,18,Wednesday,2,0,1,53075,153,52.8758,1.8954,9624.01
2024-08-21,Sardar Patel Marg,19,Wednesday,2,0,1,50313,153,52.8758,1.8954,9624.01
2024-08-21,Sardar Patel Marg,20,Wednesday,2,0,1,50255,153,52.8758,1.8954,9624.01
2024-08-21,Sardar Patel Marg,21,Wednesday,2,0,0,55004,153,52.8758,1.8954,9624.01
2024-08-21,Sardar Patel Marg,22,Wednesday,2,0,0,44495,153,52.8758,1.8954,9624.01
2024-08-21,Sardar Patel Marg,23,Wednesday,2,0,0,35685,153,52.8758,1.8954,9624.01
2024-08-21,Noida Link Road,0,Wednesday,2,0,0,13128,114,51.8421,2.3947,6981.29
2024-08-21,Noida Link Road,1,Wednesday,2,0,0,8097,114,51.8421,2.3947,6981.29
2024-08-21,Noida Link Road,2,Wednesday,2,0,0,7760,114,51.8421,2.3947,6981.29
2024-08-21,Noida Link Road,3,Wednesday,2,0,0,7075,114,51.8421,2.3947,6981.29
2024-08-21,Noida Link Road,4,Wednesday,2,0,0,6804,114,51.8421,2.3947,6981.29
2024-08-21,Noida Link Road,5,Wednesday,2,0,0,12264,114,51.8421,2.3947,6981.29
2024-08-21,Noida Link Road,6,Wednesday,2,0,0,18539,114,51.8421,2.3947,6981.29
2024-08-21,Noida Link Road,7,Wednesday,2,0,1,21713,114,51.8421,2.3947,6981.29
2024-08-21,Noida Link Road,8,Wednesday,2,0,1,32835,114,51.8421,2.3947,6981.29
2024-08-21,Noida Link Road,9,Wednesday,2,0,1,43800,114,51.8421,2.3947,6981.29
2024-08-21,Noida Link Road,10,Wednesday,2,0,0,41848,114,51.8421,2.3947,6981.29
2024-08-21,Noida Link Road,11,Wednesday,2,0,0,39168,114,51.8421,2.3947,6981.29
2024-08-21,Noida Link Road,12,Wednesday,2,0,0,36754,114,51.8421,2.3947,6981.29
2024-08-21,Noida Link Road,13,Wednesday,2,0,0,39620,114,51.8421,2.3947,6981.29
2024-08-21,Noida Link Road,14,Wednesday,2,0,0,39347,114,51.8421,2.3947,6981.29
2024-08-21,Noida Link Road,15,Wednesday,2,0,0,43791,114,51.8421,2.3947,6981.29
2024-08-21,Noida Link Road,16,Wednesday,2,0,0,44071,114,51.8421,2.3947,6981.29
2024-08-21,Noida Link Road,17,Wednesday,2,0,1,48437,114,51.8421,2.3947,6981.29
2024-08-21,Noida Link Road,18,Wednesday,2,0,1,44950,114,51.8421,2.3947,6981.29
2024-08-21,Noida Link Road,19,Wednesday,2,0,1,47297,114,51.8421,2.3947,6981.29
2024-08-21,Noida Link Road,20,Wednesday,2,0,1,48358,114,51.8421,2.3947,6981.29
2024-08-21,Noida Link Road,21,Wednesday,2,0,0,36096,114,51.8421,2.3947,6981.29
2024-08-21,Noida Link Road,22,Wednesday,2,0,0,26926,114,51.8421,2.3947,6981.29
2024-08-21,Noida Link Road,23,Wednesday,2,0,0,24068,114,51.8421,2.3947,6981.29
2024-08-22,Mahatma Gandhi Marg,0,Thursday,3,0,0,223659,1052,52.443,1.5722,62245.45
2024-08-22,Mahatma Gandhi Marg,1,Thursday,3,0,0,167730,1052,52.443,1.5722,62245.45
2024-08-22,Mahatma Gandhi Marg,2,Thursday,3,0,0,117319,1052,52.443,1.5722,62245.45
2024-08-22,Mahatma Gandhi Marg,3,Thursday,3,0,0,114574,1052,52.443,1.5722,62245.45
2024-08-22,Mahatma Gandhi Marg,4,Thursday,3,0,0,124193,1052,52.443,1.5722,62245.45
2024-08-22,Mahatma Gandhi Marg,5,Thursday,3,0,0,158012,1052,52.443,1.5722,62245.45
2024-08-22,Mahatma Gandhi Marg,6,Thursday,3,0,0,196653,1052,52.443,1.5722,62245.45
2024-08-22,Mahatma Gandhi Marg,7,Thursday,3,0,1,316433,1052,52.443,1.5722,62245.45
2024-08-22,Mahatma Gandhi Marg,8,Thursday,3,0,1,439870,1052,52.443,1.5722,62245.45
2024-08-22,Mahatma Gandhi Marg,9,Thursday,3,0,1,463993,1052,52.443,1.5722,62245.45
2024-08-22,Mahatma Gandhi Marg,10,Thursday,3,0,0,474028,1052,52.443,1.5722,62245.45
2024-08-22,Mahatma Gandhi Marg,11,Thursday,3,0,0,398575,1052,52.443,1.5722,62245.45
2024-08-22,Mahatma Gandhi Marg,12,Thursday,3,0,0,378443,1052,52.443,1.5722,62245.45
2024-08-22,Mahatma Gandhi Marg,13,Thursday,3,0,0,353689,1052,52.443,1.5722,62245.45
2024-08-22,Mahatma Gandhi Marg,14,Thursday,3,0,0,338853,1052,52.443,1.5722,62245.45
2024-08-22,Mahatma Gandhi Marg,15,Thursday,3,0,0,356513,1052,52.443,1.5722,62245.45
2024-08-22,Mahatma Gandhi Marg,16,Thursday,3,0,0,372576,1052,52.443,1.5722,62245.45
2024-08-22,Mahatma Gandhi Marg,17,Thursday,3,0,1,362577,1052,52.443,1.5722,62245.45
2024-08-22,Mahatma Gandhi Marg,18,Thursday,3,0,1,347966,1052,52.443,1.5722,62245.45
2024-08-22,Mahatma Gandhi Marg,19,Thursday,3,0,1,392154,1052,52.443,1.5722,62245.45
2024-08-22,Mahatma Gandhi Marg,20,Thursday,3,0,1,397394,1052,52.443,1.5722,62245.45
2024-08-22,Mahatma Gandhi Marg,21,Thursday,3,0,0,366547,1052,52.443,1.5722,62245.45
2024-08-22,Mahatma Gandhi Marg,22,Thursday,3,0,0,306881,1052,52.443,1.5722,62245.45
2024-08-22,Mahatma Gandhi Marg,23,Thursday,3,0,0,228604,1052,52.443,1.5722,62245.45
2024-08-22,Mathura Road,0,Thursday,3,0,0,79551,759,49.1331,1.9763,50900.63
2024-08-22,Mathura Road,1,Thursday,3,0,0,47556,759,49.1331,1.9763,50900.63
2024-08-22,Mathura Road,2,Thursday,3,0,0,34315,759,49.1331,1.9763,50900.63
2024-08-22,Mathura Road,3,Thursday,3,0,0,33633,759,49.1331,1.9763,50900.63
2024-08-22,Mathura Road,4,Thursday,3,0,0,44179,759,49.1331,1.9763,50900.63
2024-08-22,Mathura Road,5,Thursday,3,0,0,60716,759,49.1331,1.9763,50900.63
2024-08-22,Mathura Road,6,Thursday,3,0,0,64976,759,49.1331,1.9763,50900.63
2024-08-22,Mathura Road,7,Thursday,3,0,1,84909,759,49.1331,1.9763,50900.63
2024-08-22,Mathura Road,8,Thursday,3,0,1,141357,759,49.1331,1.9763,50900.63
2024-08-22,Mathura Road,9,Thursday,3,0,1,168325,759,49.1331,1.9763,50900.63
2024-08-22,Mathura Road,10,Thursday,3,0,0,162377,759,49.1331,1.9763,50900.63
2024-08-22,Mathura Road,11,Thursday,3,0,0,145638,759,49.1331,1.9763,50900.63
2024-08-22,Mathura Road,12,Thursday,3,0,0,139148,759,49.1331,1.9763,50900.63
2024-08-22,Mathura Road,13,Thursday,3,0,0,131850,759,49.1331,1.9763,50900.63
2024-08-22,Mathura Road,14,Thursday,3,0,0,139398,759,49.1331,1.9763,50900.63
2024-08-22,Mathura Road,15,Thursday,3,0,0,137893,759,49.1331,1.9763,50900.63
2024-08-22,Mathura Road,16,Thursday,3,0,0,151381,759,49.1331,1.9763,50900.63
2024-08-22,Mathura Road,17,Thursday,3,0,1,157098,759,49.1331,1.9763,50900.63
2024-08-22,Mathura Road,18,Thursday,3,0,1,166865,759,49.1331,1.9763,50900.63
2024-08-22,Mathura Road,19,Thursday,3,0,1,166172,759,49.1331,1.9763,50900.63
2024-08-22,Mathura Road,20,Thursday,3,0,1,149757,759,49.1331,1.9763,50900.63
2024-08-22,Mathura Road,21,Thursday,3,0,0,133079,759,49.1331,1.9763,50900.63
2024-08-22,Mathura Road,22,Thursday,3,0,0,108901,759,49.1331,1.9763,50900.63
2024-08-22,Mathura Road,23,Thursday,3,0,0,80854,759,49.1331,1.9763,50900.63
2024-08-22,Outer Ring Road,0,Thursday,3,0,0,152925,712,46.8048,2.4593,43347.7
2024-08-22,Outer Ring Road,1,Thursday,3,0,0,115764,712,46.8048,2.4593,43347.7
2024-08-22,Outer Ring Road,2,Thursday,3,0,0,80566,712,46.8048,2.4593,43347.7
2024-08-22,Outer Ring Road,3,Thursday,3,0,0,72329,712,46.8048,2.4593,43347.7
2024-08-22,Outer Ring Road,4,Thursday,3,0,0,70624,712,46.8048,2.4593,43347.7
2024-08-22,Outer Ring Road,5,Thursday,3,0,0,83447,712,46.8048,2.4593,43347.7
2024-08-22,Outer Ring Road,6,Thursday,3,0,0,103113,712,46.8048,2.4593,43347.7
2024-08-22,Outer Ring Road,7,Thursday,3,0,1,162756,712,46.8048,2.4593,43347.7
2024-08-22,Outer Ring Road,8,Thursday,3,0,1,273075,712,46.8048,2.4593,43347.7
2024-08-22,Outer Ring Road,9,Thursday,3,0,1,281172,712,46.8048,2.4593,43347.7
2024-08-22,Outer Ring Road,10,Thursday,3,0,0,268240,712,46.8048,2.4593,43347.7
2024-08-22,Outer Ring Road,11,Thursday,3,0,0,251160,712,46.8048,2.4593,43347.7
2024-08-22,Outer Ring Road,12,Thursday,3,0,0,230812,712,46.8048,2.4593,43347.7
2024-08-22,Outer Ring Road,13,Thursday,3,0,0,225606,712,46.8048,2.4593,43347.7
2024-08-22,Outer Ring Road,14,Thursday,3,0,0,225147,712,46.8048,2.4593,43347.7
2024-08-22,Outer Ring Road,15,Thursday,3,0,0,220189,712,46.8048,2.4593,43347.7
2024-08-22,Outer Ring Road,16,Thursday,3,0,0,253161,712,46.8048,2.4593,43347.7
2024-08-22,Outer Ring Road,17,Thursday,3,0,1,274734,712,46.8048,2.4593,43347.7
2024-08-22,Outer Ring Road,18,Thursday,3,0,1,273849,712,46.8048,2.4593,43347.7
2024-08-22,Outer Ring Road,19,Thursday,3,0,1,258600,712,46.8048,2.4593,43347.7
2024-08-22,Outer Ring Road,20,Thursday,3,0,1,247426,712,46.8048,2.4593,43347.7
2024-08-22,Outer Ring Road,21,Thursday,3,0,0,227612,712,46.8048,2.4593,43347.7
2024-08-22,Outer Ring Road,22,Thursday,3,0,0,190238,712,46.8048,2.4593,43347.7
2024-08-22,Outer Ring Road,23,Thursday,3,0,0,152683,712,46.8048,2.4593,43347.7
2024-08-22,Aurobindo Marg,0,Thursday,3,0,0,68172,378,49.709,1.8783,17962.91
2024-08-22,Aurobindo Marg,1,Thursday,3,0,0,51289,378,49.709,1.8783,17962.91
2024-08-22,Aurobindo Marg,2,Thursday,3,0,0,32585,378,49.709,1.8783,17962.91
2024-08-22,Aurobindo Marg,3,Thursday,3,0,0,24414,378,49.709,1.8783,17962.91
2024-08-22,Aurobindo Marg,4,Thursday,3,0,0,22638,378,49.709,1.8783,17962.91
2024-08-22,Aurobindo Marg,5,Thursday,3,0,0,31850,378,49.709,1.8783,17962.91
2024-08-22,Aurobindo Marg,6,Thursday,3,0,0,37150,378,49.709,1.8783,17962.91
2024-08-22,Aurobindo Marg,7,Thursday,3,0,1,65722,378,49.709,1.8783,17962.91
2024-08-22,Aurobindo Marg,8,Thursday,3,0,1,108365,378,49.709,1.8783,17962.91
2024-08-22,Aurobindo Marg,9,Thursday,3,0,1,135652,378,49.709,1.8783,17962.91
2024-08-22,Aurobindo Marg,10,Thursday,3,0,0,134497,378,49.709,1.8783,17962.91
2024-08-22,Aurobindo Marg,11,Thursday,3,0,0,120973,378,49.709,1.8783,17962.91
2024-08-22,Aurobindo Marg,12,Thursday,3,0,0,102772,378,49.709,1.8783,17962.91
2024-08-22,Aurobindo Marg,13,Thursday,3,0,0,112633,378,49.709,1.8783,17962.91
2024-08-22,Aurobindo Marg,14,Thursday,3,0,0,102731,378,49.709,1.8783,17962.91
2024-08-22,Aurobindo Marg,15,Thursday,3,0,0,113090,378,49.709,1.8783,17962.91
2024-08-22,Aurobindo Marg,16,Thursday,3,0,0,119436,378,49.709,1.8783,17962.91
2024-08-22,Aurobindo Marg,17,Thursday,3,0,1,118063,378,49.709,1.8783,17962.91
2024-08-22,Aurobindo Marg,18,Thursday,3,0,1,113755,378,49.709,1.8783,17962.91
2024-08-22,Aurobindo Marg,19,Thursday,3,0,1,128870,378,49.709,1.8783,17962.91
2024-08-22,Aurobindo Marg,20,Thursday,3,0,1,117195,378,49.709,1.8783,17962.91
2024-08-22,Aurobindo Marg,21,Thursday,3,0,0,110379,378,49.709,1.8783,17962.91
2024-08-22,Aurobindo Marg,22,Thursday,3,0,0,98493,378,49.709,1.8783,17962.91
2024-08-22,Aurobindo Marg,23,Thursday,3,0,0,80972,378,49.709,1.8783,17962.91
2024-08-22,Mehrauli Badarpur Road,0,Thursday,3,0,0,31714,370,49.5622,2.0081,24206.35
2024-08-22,Mehrauli Badarpur Road,1,Thursday,3,0,0,17378,370,49.5622,2.0081,24206.35
2024-08-22,Mehrauli Badarpur Road,2,Thursday,3,0,0,11504,370,49.5622,2.0081,24206.35
2024-08-22,Mehrauli Badarpur Road,3,Thursday,3,0,0,10205,370,49.5622,2.0081,24206.35
2024-08-22,Mehrauli Badarpur Road,4,Thursday,3,0,0,9760,370,49.5622,2.0081,24206.35
2024-08-22,Mehrauli Badarpur Road,5,Thursday,3,0,0,11111,370,49.5622,2.0081,24206.35
2024-08-22,Mehrauli Badarpur Road,6,Thursday,3,0,0,15178,370,49.5622,2.0081,24206.35
2024-08-22,Mehrauli Badarpur Road,7,Thursday,3,0,1,20622,370,49.5622,2.0081,24206.35
2024-08-22,Mehrauli Badarpur Road,8,Thursday,3,0,1,30671,370,49.5622,2.0081,24206.35
2024-08-22,Mehrauli Badarpur Road,9,Thursday,3,0,1,33593,370,49.5622,2.0081,24206.35
2024-08-22,Mehrauli Badarpur Road,10,Thursday,3,0,0,36868,370,49.5622,2.0081,24206.35
2024-08-22,Mehrauli Badarpur Road,11,Thursday,3,0,0,34379,370,49.5622,2.0081,24206.35
2024-08-22,Mehrauli Badarpur Road,12,Thursday,3,0,0,36672,370,49.5622,2.0081,24206.35
2024-08-22,Mehrauli Badarpur Road,13,Thursday,3,0,0,38108,370,49.5622,2.0081,24206.35
2024-08-22,Mehrauli Badarpur Road,14,Thursday,3,0,0,36670,370,49.5622,2.0081,24206.35
2024-08-22,Mehrauli Badarpur Road,15,Thursday,3,0,0,37008,370,49.5622,2.0081,24206.35
2024-08-22,Mehrauli Badarpur Road,16,Thursday,3,0,0,39697,370,49.5622,2.0081,24206.35
2024-08-22,Mehrauli Badarpur Road,17,Thursday,3,0,1,44905,370,49.5622,2.0081,24206.35
2024-08-22,Mehrauli Badarpur Road,18,Thursday,3,0,1,43745,370,49.5622,2.0081,24206.35
2024-08-22,Mehrauli Badarpur Road,19,Thursday,3,0,1,41236,370,49.5622,2.0081,24206.35
2024-08-22,Mehrauli Badarpur Road,20,Thursday,3,0,1,40353,370,49.5622,2.0081,24206.35
2024-08-22,Mehrauli Badarpur Road,21,Thursday,3,0,0,43682,370,49.5622,2.0081,24206.35
2024-08-22,Mehrauli Badarpur Road,22,Thursday,3,0,0,41037,370,49.5622,2.0081,24206.35
2024-08-22,Mehrauli Badarpur Road,23,Thursday,3,0,0,33569,370,49.5622,2.0081,24206.35
2024-08-22,Barapullah Road,0,Thursday,3,0,0,31625,218,45.2661,1.3761,16478.62
2024-08-22,Barapullah Road,1,Thursday,3,0,0,22809,218,45.2661,1.3761,16478.62
2024-08-22,Barapullah Road,2,Thursday,3,0,0,14806,218,45.2661,1.3761,16478.62
2024-08-22,Barapullah Road,3,Thursday,3,0,0,16533,218,45.2661,1.3761,16478.62
2024-08-22,Barapullah Road,4,Thursday,3,0,0,17391,218,45.2661,1.3761,16478.62
2024-08-22,Barapullah Road,5,Thursday,3,0,0,22126,218,45.2661,1.3761,16478.62
2024-08-22,Barapullah Road,6,Thursday,3,0,0,25646,218,45.2661,1.3761,16478.62
2024-08-22,Barapullah Road,7,Thursday,3,0,1,49747,218,45.2661,1.3761,16478.62
2024-08-22,Barapullah Road,8,Thursday,3,0,1,76676,218,45.2661,1.3761,16478.62
2024-08-22,Barapullah Road,9,Thursday,3,0,1,84649,218,45.2661,1.3761,16478.62
2024-08-22,Barapullah Road,10,Thursday,3,0,0,85533,218,45.2661,1.3761,16478.62
2024-08-22,Barapullah Road,11,Thursday,3,0,0,78891,218,45.2661,1.3761,16478.62
2024-08-22,Barapullah Road,12,Thursday,3,0,0,73444,218,45.2661,1.3761,16478.62
2024-08-22,Barapullah Road,13,Thursday,3,0,0,66940,218,45.2661,1.3761,16478.62
2024-08-22,Barapullah Road,14,Thursday,3,0,0,67694,218,45.2661,1.3761,16478.62
2024-08-22,Barapullah Road,15,Thursday,3,0,0,71087,218,45.2661,1.3761,16478.62
2024-08-22,Barapullah Road,16,Thursday,3,0,0,79392,218,45.2661,1.3761,16478.62
2024-08-22,Barapullah Road,17,Thursday,3,0,1,78399,218,45.2661,1.3761,16478.62
2024-08-22,Barapullah Road,18,Thursday,3,0,1,60668,218,45.2661,1.3761,16478.62
2024-08-22,Barapullah Road,19,Thursday,3,0,1,67396,218,45.2661,1.3761,16478.62
2024-08-22,Barapullah Road,20,Thursday,3,0,1,61139,218,45.2661,1.3761,16478.62
2024-08-22,Barapullah Road,21,Thursday,3,0,0,48885,218,45.2661,1.3761,16478.62
2024-08-22,Barapullah Road,22,Thursday,3,0,0,41230,218,45.2661,1.3761,16478.62
2024-08-22,Barapullah Road,23,Thursday,3,0,0,37224,218,45.2661,1.3761,16478.62
2024-08-22,Vikas Marg,0,Thursday,3,0,0,31757,194,53.6082,2.0052,14316.28
2024-08-22,Vikas Marg,1,Thursday,3,0,0,20476,194,53.6082,2.0052,14316.28
2024-08-22,Vikas Marg,2,Thursday,3,0,0,15009,194,53.6082,2.0052,14316.28
2024-08-22,Vikas Marg,3,Thursday,3,0,0,13354,194,53.6082,2.0052,14316.28
2024-08-22,Vikas Marg,4,Thursday,3,0,0,15774,194,53.6082,2.0052,14316.28
2024-08-22,Vikas Marg,5,Thursday,3,0,0,24319,194,53.6082,2.0052,14316.28
2024-08-22,Vikas Marg,6,Thursday,3,0,0,25577,194,53.6082,2.0052,14316.28
2024-08-22,Vikas Marg,7,Thursday,3,0,1,25784,194,53.6082,2.0052,14316.28
2024-08-22,Vikas Marg,8,Thursday,3,0,1,32097,194,53.6082,2.0052,14316.28
2024-08-22,Vikas Marg,9,Thursday,3,0,1,37947,194,53.6082,2.0052,14316.28
2024-08-22,Vikas Marg,10,Thursday,3,0,0,34998,194,53.6082,2.0052,14316.28
2024-08-22,Vikas Marg,11,Thursday,3,0,0,32478,194,53.6082,2.0052,14316.28
2024-08-22,Vikas Marg,12,Thursday,3,0,0,29270,194,53.6082,2.0052,14316.28
2024-08-22,Vikas Marg,13,Thursday,3,0,0,31799,194,53.6082,2.0052,14316.28
2024-08-22,Vikas Marg,14,Thursday,3,0,0,28995,194,53.6082,2.0052,14316.28
2024-08-22,Vikas Marg,15,Thursday,3,0,0,29229,194,53.6082,2.0052,14316.28
2024-08-22,Vikas Marg,16,Thursday,3,0,0,31111,194,53.6082,2.0052,14316.28
2024-08-22,Vikas Marg,17,Thursday,3,0,1,30692,194,53.6082,2.0052,14316.28
2024-08-22,Vikas Marg,18,Thursday,3,0,1,33352,194,53.6082,2.0052,14316.28
2024-08-22,Vikas Marg,19,Thursday,3,0,1,37609,194,53.6082,2.0052,14316.28
2024-08-22,Vikas Marg,20,Thursday,3,0,1,32269,194,53.6082,2.0052,14316.28
2024-08-22,Vikas Marg,21,Thursday,3,0,0,34843,194,53.6082,2.0052,14316.28
2024-08-22,Vikas Marg,22,Thursday,3,0,0,32539,194,53.6082,2.0052,14316.28
2024-08-22,Vikas Marg,23,Thursday,3,0,0,29902,194,53.6082,2.0052,14316.28
2024-08-22,Africa Avenue,0,Thursday,3,0,0,14071,164,48.25,3.061,8464.09
2024-08-22,Africa Avenue,1,Thursday,3,0,0,10385,164,48.25,3.061,8464.09
2024-08-22,Africa Avenue,2,Thursday,3,0,0,6205,164,48.25,3.061,8464.09
2024-08-22,Africa Avenue,3,Thursday,3,0,0,6457,164,48.25,3.061,8464.09
2024-08-22,Africa Avenue,4,Thursday,3,0,0,4510,164,48.25,3.061,8464.09
2024-08-22,Africa Avenue,5,Thursday,3,0,0,7109,164,48.25,3.061,8464.09
2024-08-22,Africa Avenue,6,Thursday,3,0,0,10259,164,48.25,3.061,8464.09
2024-08-22,Africa Avenue,7,Thursday,3,0,1,18609,164,48.25,3.061,8464.09
2024-08-22,Africa Avenue,8,Thursday,3,0,1,32241,164,48.25,3.061,8464.09
2024-08-22,Africa Avenue,9,Thursday,3,0,1,34295,164,48.25,3.061,8464.09
2024-08-22,Africa Avenue,10,Thursday,3,0,0,37071,164,48.25,3.061,8464.09
2024-08-22,Africa Avenue,11,Thursday,3,0,0,32627,164,48.25,3.061,8464.09
2024-08-22,Africa Avenue,12,Thursday,3,0,0,32987,164,48.25,3.061,8464.09
2024-08-22,Africa Avenue,13,Thursday,3,0,0,31260,164,48.25,3.061,8464.09
2024-08-22,Africa Avenue,14,Thursday,3,0,0,28526,164,48.25,3.061,8464.09
2024-08-22,Africa Avenue,15,Thursday,3,0,0,29435,164,48.25,3.061,8464.09
2024-08-22,Africa Avenue,16,Thursday,3,0,0,31908,164,48.25,3.061,8464.09
2024-08-22,Africa Avenue,17,Thursday,3,0,1,33326,164,48.25,3.061,8464.09
2024-08-22,Africa Avenue,18,Thursday,3,0,1,31072,164,48.25,3.061,8464.09
2024-08-22,Africa Avenue,19,Thursday,3,0,1,30997,164,48.25,3.061,8464.09
2024-08-22,Africa Avenue,20,Thursday,3,0,1,33956,164,48.25,3.061,8464.09
2024-08-22,Africa Avenue,21,Thursday,3,0,0,29087,164,48.25,3.061,8464.09
2024-08-22,Africa Avenue,22,Thursday,3,0,0,24015,164,48.25,3.061,8464.09
2024-08-22,Africa Avenue,23,Thursday,3,0,0,15765,164,48.25,3.061,8464.09
2024-08-22,Sardar Patel Marg,0,Thursday,3,0,0,31294,153,52.8758,1.8954,9624.01
2024-08-22,Sardar Patel Marg,1,Thursday,3,0,0,19612,153,52.8758,1.8954,9624.01
2024-08-22,Sardar Patel Marg,2,Thursday,3,0,0,14486,153,52.8758,1.8954,9624.01
2024-08-22,Sardar Patel Marg,3,Thursday,3,0,0,15601,153,52.8758,1.8954,9624.01
2024-08-22,Sardar Patel Marg,4,Thursday,3,0,0,19740,153,52.8758,1.8954,9624.01
2024-08-22,Sardar Patel Marg,5,Thursday,3,0,0,28849,153,52.8758,1.8954,9624.01
2024-08-22,Sardar Patel Marg,6,Thursday,3,0,0,29775,153,52.8758,1.8954,9624.01
2024-08-22,Sardar Patel Marg,7,Thursday,3,0,1,46507,153,52.8758,1.8954,9624.01
2024-08-22,Sardar Patel Marg,8,Thursday,3,0,1,46508,153,52.8758,1.8954,9624.01
2024-08-22,Sardar Patel Marg,9,Thursday,3,0,1,49171,153,52.8758,1.8954,9624.01
2024-08-22,Sardar Patel Marg,10,Thursday,3,0,0,52690,153,52.8758,1.8954,9624.01
2024-08-22,Sardar Patel Marg,11,Thursday,3,0,0,55980,153,52.8758,1.8954,9624.01
2024-08-22,Sardar Patel Marg,12,Thursday,3,0,0,50245,153,52.8758,1.8954,9624.01
2024-08-22,Sardar Patel Marg,13,Thursday,3,0,0,56235,153,52.8758,1.8954,9624.01
2024-08-22,Sardar Patel Marg,14,Thursday,3,0,0,54207,153,52.8758,1.8954,9624.01
2024-08-22,Sardar Patel Marg,15,Thursday,3,0,0,51988,153,52.8758,1.8954,9624.01
2024-08-22,Sardar Patel Marg,16,Thursday,3,0,0,46439,153,52.8758,1.8954,9624.01
2024-08-22,Sardar Patel Marg,17,Thursday,3,0,1,46762,153,52.8758,1.8954,9624.01
2024-08-22,Sardar Patel Marg,18,Thursday,3,0,1,50783,153,52.8758,1.8954,9624.01
2024-08-22,Sardar Patel Marg,19,Thursday,3,0,1,48376,153,52.8758,1.8954,9624.01
2024-08-22,Sardar Patel Marg,20,Thursday,3,0,1,47834,153,52.8758,1.8954,9624.01
2024-08-22,Sardar Patel Marg,21,Thursday,3,0,0,43142,153,52.8758,1.8954,9624.01
2024-08-22,Sardar Patel Marg,22,Thursday,3,0,0,33976,153,52.8758,1.8954,9624.01
2024-08-22,Sardar Patel Marg,23,Thursday,3,0,0,29571,153,52.8758,1.8954,9624.01
2024-08-22,Noida Link Road,0,Thursday,3,0,0,15756,114,51.8421,2.3947,6981.29
2024-08-22,Noida Link Road,1,Thursday,3,0,0,9089,114,51.8421,2.3947,6981.29
2024-08-22,Noida Link Road,2,Thursday,3,0,0,6174,114,51.8421,2.3947,6981.29
2024-08-22,Noida Link Road,3,Thursday,3,0,0,4727,114,51.8421,2.3947,6981.29
2024-08-22,Noida Link Road,4,Thursday,3,0,0,6724,114,51.8421,2.3947,6981.29
2024-08-22,Noida Link Road,5,Thursday,3,0,0,12015,114,51.8421,2.3947,6981.29
2024-08-22,Noida Link Road,6,Thursday,3,0,0,14974,114,51.8421,2.3947,6981.29
2024-08-22,Noida Link Road,7,Thursday,3,0,1,18735,114,51.8421,2.3947,6981.29
2024-08-22,Noida Link Road,8,Thursday,3,0,1,31579,114,51.8421,2.3947,6981.29
2024-08-22,Noida Link Road,9,Thursday,3,0,1,40561,114,51.8421,2.3947,6981.29
2024-08-22,Noida Link Road,10,Thursday,3,0,0,35414,114,51.8421,2.3947,6981.29
2024-08-22,Noida Link Road,11,Thursday,3,0,0,31748,114,51.8421,2.3947,6981.29
2024-08-22,Noida Link Road,12,Thursday,3,0,0,28521,114,51.8421,2.3947,6981.29
2024-08-22,Noida Link Road,13,Thursday,3,0,0,28348,114,51.8421,2.3947,6981.29
2024-08-22,Noida Link Road,14,Thursday,3,0,0,29300,114,51.8421,2.3947,6981.29
2024-08-22,Noida Link Road,15,Thursday,3,0,0,30676,114,51.8421,2.3947,6981.29
2024-08-22,Noida Link Road,16,Thursday,3,0,0,31006,114,51.8421,2.3947,6981.29
2024-08-22,Noida Link Road,17,Thursday,3,0,1,33128,114,51.8421,2.3947,6981.29
2024-08-22,Noida Link Road,18,Thursday,3,0,1,38454,114,51.8421,2.3947,6981.29
2024-08-22,Noida Link Road,19,Thursday,3,0,1,37324,114,51.8421,2.3947,6981.29
2024-08-22,Noida Link Road,20,Thursday,3,0,1,32539,114,51.8421,2.3947,6981.29
2024-08-22,Noida Link Road,21,Thursday,3,0,0,27535,114,51.8421,2.3947,6981.29
2024-08-22,Noida Link Road,22,Thursday,3,0,0,24598,114,51.8421,2.3947,6981.29
2024-08-22,Noida Link Road,23,Thursday,3,0,0,16785,114,51.8421,2.3947,6981.29
2024-08-23,Mahatma Gandhi Marg,0,Friday,4,0,0,181203,1052,52.443,1.5722,62245.45
2024-08-23,Mahatma Gandhi Marg,1,Friday,4,0,0,125797,1052,52.443,1.5722,62245.45
2024-08-23,Mahatma Gandhi Marg,2,Friday,4,0,0,96517,1052,52.443,1.5722,62245.45
2024-08-23,Mahatma Gandhi Marg,3,Friday,4,0,0,86970,1052,52.443,1.5722,62245.45
2024-08-23,Mahatma Gandhi Marg,4,Friday,4,0,0,99789,1052,52.443,1.5722,62245.45
2024-08-23,Mahatma Gandhi Marg,5,Friday,4,0,0,117766,1052,52.443,1.5722,62245.45
2024-08-23,Mahatma Gandhi Marg,6,Friday,4,0,0,168035,1052,52.443,1.5722,62245.45
2024-08-23,Mahatma Gandhi Marg,7,Friday,4,0,1,270217,1052,52.443,1.5722,62245.45
2024-08-23,Mahatma Gandhi Marg,8,Friday,4,0,1,406847,1052,52.443,1.5722,62245.45
2024-08-23,Mahatma Gandhi Marg,9,Friday,4,0,1,430821,1052,52.443,1.5722,62245.45
2024-08-23,Mahatma Gandhi Marg,10,Friday,4,0,0,426257,1052,52.443,1.5722,62245.45
2024-08-23,Mahatma Gandhi Marg,11,Friday,4,0,0,272142,1052,52.443,1.5722,62245.45
2024-08-23,Mahatma Gandhi Marg,12,Friday,4,0,0,240651,1052,52.443,1.5722,62245.45
2024-08-23,Mahatma Gandhi Marg,13,Friday,4,0,0,233664,1052,52.443,1.5722,62245.45
2024-08-23,Mahatma Gandhi Marg,14,Friday,4,0,0,246870,1052,52.443,1.5722,62245.45
2024-08-23,Mahatma Gandhi Marg,15,Friday,4,0,0,260203,1052,52.443,1.5722,62245.45
2024-08-23,Mahatma Gandhi Marg,16,Friday,4,0,0,286204,1052,52.443,1.5722,62245.45
2024-08-23,Mahatma Gandhi Marg,17,Friday,4,0,1,321234,1052,52.443,1.5722,62245.45
2024-08-23,Mahatma Gandhi Marg,18,Friday,4,0,1,337771,1052,52.443,1.5722,62245.45
2024-08-23,Mahatma Gandhi Marg,19,Friday,4,0,1,356857,1052,52.443,1.5722,62245.45
2024-08-23,Mahatma Gandhi Marg,20,Friday,4,0,1,396406,1052,52.443,1.5722,62245.45
2024-08-23,Mahatma Gandhi Marg,21,Friday,4,0,0,402673,1052,52.443,1.5722,62245.45
2024-08-23,Mahatma Gandhi Marg,22,Friday,4,0,0,360728,1052,52.443,1.5722,62245.45
2024-08-23,Mahatma Gandhi Marg,23,Friday,4,0,0,240712,1052,52.443,1.5722,62245.45
2024-08-23,Mathura Road,0,Friday,4,0,0,65811,759,49.1331,1.9763,50900.63
2024-08-23,Mathura Road,1,Friday,4,0,0,37543,759,49.1331,1.9763,50900.63
2024-08-23,Mathura Road,2,Friday,4,0,0,26118,759,49.1331,1.9763,50900.63
2024-08-23,Mathura Road,3,Friday,4,0,0,25744,759,49.1331,1.9763,50900.63
2024-08-23,Mathura Road,4,Friday,4,0,0,37800,759,49.1331,1.9763,50900.63
2024-08-23,Mathura Road,5,Friday,4,0,0,50381,759,49.1331,1.9763,50900.63
2024-08-23,Mathura Road,6,Friday,4,0,0,62091,759,49.1331,1.9763,50900.63
2024-08-23,Mathura Road,7,Friday,4,0,1,79117,759,49.1331,1.9763,50900.63
2024-08-23,Mathura Road,8,Friday,4,0,1,139149,759,49.1331,1.9763,50900.63
2024-08-23,Mathura Road,9,Friday,4,0,1,172276,759,49.1331,1.9763,50900.63
2024-08-23,Mathura Road,10,Friday,4,0,0,173325,759,49.1331,1.9763,50900.63
2024-08-23,Mathura Road,11,Friday,4,0,0,151308,759,49.1331,1.9763,50900.63
2024-08-23,Mathura Road,12,Friday,4,0,0,151756,759,49.1331,1.9763,50900.63
2024-08-23,Mathura Road,13,Friday,4,0,0,149887,759,49.1331,1.9763,50900.63
2024-08-23,Mathura Road,14,Friday,4,0,0,156313,759,49.1331,1.9763,50900.63
2024-08-23,Mathura Road,15,Friday,4,0,0,159787,759,49.1331,1.9763,50900.63
2024-08-23,Mathura Road,16,Friday,4,0,0,162569,759,49.1331,1.9763,50900.63
2024-08-23,Mathura Road,17,Friday,4,0,1,173518,759,49.1331,1.9763,50900.63
2024-08-23,Mathura Road,18,Friday,4,0,1,170135,759,49.1331,1.9763,50900.63
2024-08-23,Mathura Road,19,Friday,4,0,1,160719,759,49.1331,1.9763,50900.63
2024-08-23,Mathura Road,20,Friday,4,0,1,157990,759,49.1331,1.9763,50900.63
2024-08-23,Mathura Road,21,Friday,4,0,0,151229,759,49.1331,1.9763,50900.63
2024-08-23,Mathura Road,22,Friday,4,0,0,124341,759,49.1331,1.9763,50900.63
2024-08-23,Mathura Road,23,Friday,4,0,0,91487,759,49.1331,1.9763,50900.63
2024-08-23,Outer Ring Road,0,Friday,4,0,0,120587,712,46.8048,2.4593,43347.7
2024-08-23,Outer Ring Road,1,Friday,4,0,0,89711,712,46.8048,2.4593,43347.7
2024-08-23,Outer Ring Road,2,Friday,4,0,0,63080,712,46.8048,2.4593,43347.7
2024-08-23,Outer Ring Road,3,Friday,4,0,0,55774,712,46.8048,2.4593,43347.7
2024-08-23,Outer Ring Road,4,Friday,4,0,0,55035,712,46.8048,2.4593,43347.7
2024-08-23,Outer Ring Road,5,Friday,4,0,0,61153,712,46.8048,2.4593,43347.7
2024-08-23,Outer Ring Road,6,Friday,4,0,0,80348,712,46.8048,2.4593,43347.7
2024-08-23,Outer Ring Road,7,Friday,4,0,1,143164,712,46.8048,2.4593,43347.7
2024-08-23,Outer Ring Road,8,Friday,4,0,1,240462,712,46.8048,2.4593,43347.7
2024-08-23,Outer Ring Road,9,Friday,4,0,1,281018,712,46.8048,2.4593,43347.7
2024-08-23,Outer Ring Road,10,Friday,4,0,0,278842,712,46.8048,2.4593,43347.7
2024-08-23,Outer Ring Road,11,Friday,4,0,0,214684,712,46.8048,2.4593,43347.7
2024-08-23,Outer Ring Road,12,Friday,4,0,0,228926,712,46.8048,2.4593,43347.7
2024-08-23,Outer Ring Road,13,Friday,4,0,0,256024,712,46.8048,2.4593,43347.7
2024-08-23,Outer Ring Road,14,Friday,4,0,0,255807,712,46.8048,2.4593,43347.7
2024-08-23,Outer Ring Road,15,Friday,4,0,0,261151,712,46.8048,2.4593,43347.7
2024-08-23,Outer Ring Road,16,Friday,4,0,0,289173,712,46.8048,2.4593,43347.7
2024-08-23,Outer Ring Road,17,Friday,4,0,1,294067,712,46.8048,2.4593,43347.7
2024-08-23,Outer Ring Road,18,Friday,4,0,1,295718,712,46.8048,2.4593,43347.7
2024-08-23,Outer Ring Road,19,Friday,4,0,1,259133,712,46.8048,2.4593,43347.7
2024-08-23,Outer Ring Road,20,Friday,4,0,1,257189,712,46.8048,2.4593,43347.7
2024-08-23,Outer Ring Road,21,Friday,4,0,0,283968,712,46.8048,2.4593,43347.7
2024-08-23,Outer Ring Road,22,Friday,4,0,0,243082,712,46.8048,2.4593,43347.7
2024-08-23,Outer Ring Road,23,Friday,4,0,0,188558,712,46.8048,2.4593,43347.7
2024-08-23,Aurobindo Marg,0,Friday,4,0,0,57854,378,49.709,1.8783,17962.91
2024-08-23,Aurobindo Marg,1,Friday,4,0,0,42790,378,49.709,1.8783,17962.91
2024-08-23,Aurobindo Marg,2,Friday,4,0,0,27224,378,49.709,1.8783,17962.91
2024-08-23,Aurobindo Marg,3,Friday,4,0,0,22042,378,49.709,1.8783,17962.91
2024-08-23,Aurobindo Marg,4,Friday,4,0,0,21789,378,49.709,1.8783,17962.91
2024-08-23,Aurobindo Marg,5,Friday,4,0,0,30644,378,49.709,1.8783,17962.91
2024-08-23,Aurobindo Marg,6,Friday,4,0,0,32209,378,49.709,1.8783,17962.91
2024-08-23,Aurobindo Marg,7,Friday,4,0,1,60952,378,49.709,1.8783,17962.91
2024-08-23,Aurobindo Marg,8,Friday,4,0,1,114228,378,49.709,1.8783,17962.91
2024-08-23,Aurobindo Marg,9,Friday,4,0,1,137839,378,49.709,1.8783,17962.91
2024-08-23,Aurobindo Marg,10,Friday,4,0,0,143645,378,49.709,1.8783,17962.91
2024-08-23,Aurobindo Marg,11,Friday,4,0,0,118096,378,49.709,1.8783,17962.91
2024-08-23,Aurobindo Marg,12,Friday,4,0,0,135684,378,49.709,1.8783,17962.91
2024-08-23,Aurobindo Marg,13,Friday,4,0,0,135563,378,49.709,1.8783,17962.91
2024-08-23,Aurobindo Marg,14,Friday,4,0,0,132521,378,49.709,1.8783,17962.91
2024-08-23,Aurobindo Marg,15,Friday,4,0,0,133676,378,49.709,1.8783,17962.91
2024-08-23,Aurobindo Marg,16,Friday,4,0,0,142881,378,49.709,1.8783,17962.91
2024-08-23,Aurobindo Marg,17,Friday,4,0,1,134726,378,49.709,1.8783,17962.91
2024-08-23,Aurobindo Marg,18,Friday,4,0,1,131939,378,49.709,1.8783,17962.91
2024-08-23,Aurobindo Marg,19,Friday,4,0,1,129287,378,49.709,1.8783,17962.91
2024-08-23,Aurobindo Marg,20,Friday,4,0,1,125844,378,49.709,1.8783,17962.91
2024-08-23,Aurobindo Marg,21,Friday,4,0,0,132530,378,49.709,1.8783,17962.91
2024-08-23,Aurobindo Marg,22,Friday,4,0,0,128570,378,49.709,1.8783,17962.91
2024-08-23,Aurobindo Marg,23,Friday,4,0,0,96614,378,49.709,1.8783,17962.91
2024-08-23,Mehrauli Badarpur Road,0,Friday,4,0,0,24441,370,49.5622,2.0081,24206.35
2024-08-23,Mehrauli Badarpur Road,1,Friday,4,0,0,14719,370,49.5622,2.0081,24206.35
2024-08-23,Mehrauli Badarpur Road,2,Friday,4,0,0,9945,370,49.5622,2.0081,24206.35
2024-08-23,Mehrauli Badarpur Road,3,Friday,4,0,0,8193,370,49.5622,2.0081,24206.35
2024-08-23,Mehrauli Badarpur Road,4,Friday,4,0,0,8607,370,49.5622,2.0081,24206.35
2024-08-23,Mehrauli Badarpur Road,5,Friday,4,0,0,9218,370,49.5622,2.0081,24206.35
2024-08-23,Mehrauli Badarpur Road,6,Friday,4,0,0,12237,370,49.5622,2.0081,24206.35
2024-08-23,Mehrauli Badarpur Road,7,Friday,4,0,1,19906,370,49.5622,2.0081,24206.35
2024-08-23,Mehrauli Badarpur Road,8,Friday,4,0,1,27091,370,49.5622,2.0081,24206.35
2024-08-23,Mehrauli Badarpur Road,9,Friday,4,0,1,34826,370,49.5622,2.0081,24206.35
2024-08-23,Mehrauli Badarpur Road,10,Friday,4,0,0,37663,370,49.5622,2.0081,24206.35
2024-08-23,Mehrauli Badarpur Road,11,Friday,4,0,0,30942,370,49.5622,2.0081,24206.35
2024-08-23,Mehrauli Badarpur Road,12,Friday,4,0,0,36329,370,49.5622,2.0081,24206.35
2024-08-23,Mehrauli Badarpur Road,13,Friday,4,0,0,34046,370,49.5622,2.0081,24206.35
2024-08-23,Mehrauli Badarpur Road,14,Friday,4,0,0,31927,370,49.5622,2.0081,24206.35
2024-08-23,Mehrauli Badarpur Road,15,Friday,4,0,0,31962,370,49.5622,2.0081,24206.35
2024-08-23,Mehrauli Badarpur Road,16,Friday,4,0,0,35346,370,49.5622,2.0081,24206.35
2024-08-23,Mehrauli Badarpur Road,17,Friday,4,0,1,41046,370,49.5622,2.0081,24206.35
2024-08-23,Mehrauli Badarpur Road,18,Friday,4,0,1,44033,370,49.5622,2.0081,24206.35
2024-08-23,Mehrauli Badarpur Road,19,Friday,4,0,1,37375,370,49.5622,2.0081,24206.35
2024-08-23,Mehrauli Badarpur Road,20,Friday,4,0,1,42103,370,49.5622,2.0081,24206.35
2024-08-23,Mehrauli Badarpur Road,21,Friday,4,0,0,46043,370,49.5622,2.0081,24206.35
2024-08-23,Mehrauli Badarpur Road,22,Friday,4,0,0,48796,370,49.5622,2.0081,24206.35
2024-08-23,Mehrauli Badarpur Road,23,Friday,4,0,0,35932,370,49.5622,2.0081,24206.35
2024-08-23,Barapullah Road,0,Friday,4,0,0,26310,218,45.2661,1.3761,16478.62
2024-08-23,Barapullah Road,1,Friday,4,0,0,17780,218,45.2661,1.3761,16478.62
2024-08-23,Barapullah Road,2,Friday,4,0,0,11982,218,45.2661,1.3761,16478.62
2024-08-23,Barapullah Road,3,Friday,4,0,0,14756,218,45.2661,1.3761,16478.62
2024-08-23,Barapullah Road,4,Friday,4,0,0,14403,218,45.2661,1.3761,16478.62
2024-08-23,Barapullah Road,5,Friday,4,0,0,16851,218,45.2661,1.3761,16478.62
2024-08-23,Barapullah Road,6,Friday,4,0,0,24903,218,45.2661,1.3761,16478.62
2024-08-23,Barapullah Road,7,Friday,4,0,1,42169,218,45.2661,1.3761,16478.62
2024-08-23,Barapullah Road,8,Friday,4,0,1,65628,218,45.2661,1.3761,16478.62
2024-08-23,Barapullah Road,9,Friday,4,0,1,78080,218,45.2661,1.3761,16478.62
2024-08-23,Barapullah Road,10,Friday,4,0,0,86200,218,45.2661,1.3761,16478.62
2024-08-23,Barapullah Road,11,Friday,4,0,0,71883,218,45.2661,1.3761,16478.62
2024-08-23,Barapullah Road,12,Friday,4,0,0,60100,218,45.2661,1.3761,16478.62
2024-08-23,Barapullah Road,13,Friday,4,0,0,57378,218,45.2661,1.3761,16478.62
2024-08-23,Barapullah Road,14,Friday,4,0,0,58765,218,45.2661,1.3761,16478.62
2024-08-23,Barapullah Road,15,Friday,4,0,0,63878,218,45.2661,1.3761,16478.62
2024-08-23,Barapullah Road,16,Friday,4,0,0,76031,218,45.2661,1.3761,16478.62
2024-08-23,Barapullah Road,17,Friday,4,0,1,74898,218,45.2661,1.3761,16478.62
2024-08-23,Barapullah Road,18,Friday,4,0,1,57319,218,45.2661,1.3761,16478.62
2024-08-23,Barapullah Road,19,Friday,4,0,1,60630,218,45.2661,1.3761,16478.62
2024-08-23,Barapullah Road,20,Friday,4,0,1,70440,218,45.2661,1.3761,16478.62
2024-08-23,Barapullah Road,21,Friday,4,0,0,61435,218,45.2661,1.3761,16478.62
2024-08-23,Barapullah Road,22,Friday,4,0,0,45175,218,45.2661,1.3761,16478.62
2024-08-23,Barapullah Road,23,Friday,4,0,0,40721,218,45.2661,1.3761,16478.62
2024-08-23,Vikas Marg,0,Friday,4,0,0,21733,194,53.6082,2.0052,14316.28
2024-08-23,Vikas Marg,1,Friday,4,0,0,13918,194,53.6082,2.0052,14316.28
2024-08-23,Vikas Marg,2,Friday,4,0,0,9392,194,53.6082,2.0052,14316.28
2024-08-23,Vikas Marg,3,Friday,4,0,0,8584,194,53.6082,2.0052,14316.28
2024-08-23,Vikas Marg,4,Friday,4,0,0,11742,194,53.6082,2.0052,14316.28
2024-08-23,Vikas Marg,5,Friday,4,0,0,20610,194,53.6082,2.0052,14316.28
2024-08-23,Vikas Marg,6,Friday,4,0,0,21689,194,53.6082,2.0052,14316.28
2024-08-23,Vikas Marg,7,Friday,4,0,1,24705,194,53.6082,2.0052,14316.28
2024-08-23,Vikas Marg,8,Friday,4,0,1,33451,194,53.6082,2.0052,14316.28
2024-08-23,Vikas Marg,9,Friday,4,0,1,28962,194,53.6082,2.0052,14316.28
2024-08-23,Vikas Marg,10,Friday,4,0,0,21675,194,53.6082,2.0052,14316.28
2024-08-23,Vikas Marg,11,Friday,4,0,0,23552,194,53.6082,2.0052,14316.28
2024-08-23,Vikas Marg,12,Friday,4,0,0,30360,194,53.6082,2.0052,14316.28
2024-08-23,Vikas Marg,13,Friday,4,0,0,30388,194,53.6082,2.0052,14316.28
2024-08-23,Vikas Marg,14,Friday,4,0,0,28185,194,53.6082,2.0052,14316.28
2024-08-23,Vikas Marg,15,Friday,4,0,0,31101,194,53.6082,2.0052,14316.28
2024-08-23,Vikas Marg,16,Friday,4,0,0,31920,194,53.6082,2.0052,14316.28
2024-08-23,Vikas Marg,17,Friday,4,0,1,30818,194,53.6082,2.0052,14316.28
2024-08-23,Vikas Marg,18,Friday,4,0,1,36439,194,53.6082,2.0052,14316.28
2024-08-23,Vikas Marg,19,Friday,4,0,1,36411,194,53.6082,2.0052,14316.28
2024-08-23,Vikas Marg,20,Friday,4,0,1,38864,194,53.6082,2.0052,14316.28
2024-08-23,Vikas Marg,21,Friday,4,0,0,40940,194,53.6082,2.0052,14316.28
2024-08-23,Vikas Marg,22,Friday,4,0,0,36494,194,53.6082,2.0052,14316.28
2024-08-23,Vikas Marg,23,Friday,4,0,0,34599,194,53.6082,2.0052,14316.28
2024-08-23,Africa Avenue,0,Friday,4,0,0,10071,164,48.25,3.061,8464.09
2024-08-23,Africa Avenue,1,Friday,4,0,0,7315,164,48.25,3.061,8464.09
2024-08-23,Africa Avenue,2,Friday,4,0,0,4345,164,48.25,3.061,8464.09
2024-08-23,Africa Avenue,3,Friday,4,0,0,4748,164,48.25,3.061,8464.09
2024-08-23,Africa Avenue,4,Friday,4,0,0,3522,164,48.25,3.061,8464.09
2024-08-23,Africa Avenue,5,Friday,4,0,0,5004,164,48.25,3.061,8464.09
2024-08-23,Africa Avenue,6,Friday,4,0,0,9059,164,48.25,3.061,8464.09
2024-08-23,Africa Avenue,7,Friday,4,0,1,17155,164,48.25,3.061,8464.09
2024-08-23,Africa Avenue,8,Friday,4,0,1,27183,164,48.25,3.061,8464.09
2024-08-23,Africa Avenue,9,Friday,4,0,1,33847,164,48.25,3.061,8464.09
2024-08-23,Africa Avenue,10,Friday,4,0,0,32072,164,48.25,3.061,8464.09
2024-08-23,Africa Avenue,11,Friday,4,0,0,25334,164,48.25,3.061,8464.09
2024-08-23,Africa Avenue,12,Friday,4,0,0,29613,164,48.25,3.061,8464.09
2024-08-23,Africa Avenue,13,Friday,4,0,0,26629,164,48.25,3.061,8464.09
2024-08-23,Africa Avenue,14,Friday,4,0,0,25274,164,48.25,3.061,8464.09
2024-08-23,Africa Avenue,15,Friday,4,0,0,23951,164,48.25,3.061,8464.09
2024-08-23,Africa Avenue,16,Friday,4,0,0,26372,164,48.25,3.061,8464.09
2024-08-23,Africa Avenue,17,Friday,4,0,1,28055,164,48.25,3.061,8464.09
2024-08-23,Africa Avenue,18,Friday,4,0,1,24079,164,48.25,3.061,8464.09
2024-08-23,Africa Avenue,19,Friday,4,0,1,29976,164,48.25,3.061,8464.09
2024-08-23,Africa Avenue,20,Friday,4,0,1,40327,164,48.25,3.061,8464.09
2024-08-23,Africa Avenue,21,Friday,4,0,0,32700,164,48.25,3.061,8464.09
2024-08-23,Africa Avenue,22,Friday,4,0,0,26237,164,48.25,3.061,8464.09
2024-08-23,Africa Avenue,23,Friday,4,0,0,19311,164,48.25,3.061,8464.09
2024-08-23,Sardar Patel Marg,0,Friday,4,0,0,22883,153,52.8758,1.8954,9624.01
2024-08-23,Sardar Patel Marg,1,Friday,4,0,0,13956,153,52.8758,1.8954,9624.01
2024-08-23,Sardar Patel Marg,2,Friday,4,0,0,10300,153,52.8758,1.8954,9624.01
2024-08-23,Sardar Patel Marg,3,Friday,4,0,0,10871,153,52.8758,1.8954,9624.01
2024-08-23,Sardar Patel Marg,4,Friday,4,0,0,16828,153,52.8758,1.8954,9624.01
2024-08-23,Sardar Patel Marg,5,Friday,4,0,0,23811,153,52.8758,1.8954,9624.01
2024-08-23,Sardar Patel Marg,6,Friday,4,0,0,25555,153,52.8758,1.8954,9624.01
2024-08-23,Sardar Patel Marg,7,Friday,4,0,1,36966,153,52.8758,1.8954,9624.01
2024-08-23,Sardar Patel Marg,8,Friday,4,0,1,43925,153,52.8758,1.8954,9624.01
2024-08-23,Sardar Patel Marg,9,Friday,4,0,1,45928,153,52.8758,1.8954,9624.01
2024-08-23,Sardar Patel Marg,10,Friday,4,0,0,33651,153,52.8758,1.8954,9624.01
2024-08-23,Sardar Patel Marg,11,Friday,4,0,0,24428,153,52.8758,1.8954,9624.01
2024-08-23,Sardar Patel Marg,12,Friday,4,0,0,23214,153,52.8758,1.8954,9624.01
2024-08-23,Sardar Patel Marg,13,Friday,4,0,0,18465,153,52.8758,1.8954,9624.01
2024-08-23,Sardar Patel Marg,14,Friday,4,0,0,20772,153,52.8758,1.8954,9624.01
2024-08-23,Sardar Patel Marg,15,Friday,4,0,0,22028,153,52.8758,1.8954,9624.01
2024-08-23,Sardar Patel Marg,16,Friday,4,0,0,29868,153,52.8758,1.8954,9624.01
2024-08-23,Sardar Patel Marg,17,Friday,4,0,1,40203,153,52.8758,1.8954,9624.01
2024-08-23,Sardar Patel Marg,18,Friday,4,0,1,38759,153,52.8758,1.8954,9624.01
2024-08-23,Sardar Patel Marg,19,Friday,4,0,1,42823,153,52.8758,1.8954,9624.01
2024-08-23,Sardar Patel Marg,20,Friday,4,0,1,42694,153,52.8758,1.8954,9624.01
2024-08-23,Sardar Patel Marg,21,Friday,4,0,0,47259,153,52.8758,1.8954,9624.01
2024-08-23,Sardar Patel Marg,22,Friday,4,0,0,44000,153,52.8758,1.8954,9624.01
2024-08-23,Sardar Patel Marg,23,Friday,4,0,0,32969,153,52.8758,1.8954,9624.01
2024-08-23,Noida Link Road,0,Friday,4,0,0,11363,114,51.8421,2.3947,6981.29
2024-08-23,Noida Link Road,1,Friday,4,0,0,7331,114,51.8421,2.3947,6981.29
2024-08-23,Noida Link Road,2,Friday,4,0,0,4718,114,51.8421,2.3947,6981.29
2024-08-23,Noida Link Road,3,Friday,4,0,0,3704,114,51.8421,2.3947,6981.29
2024-08-23,Noida Link Road,4,Friday,4,0,0,5690,114,51.8421,2.3947,6981.29
2024-08-23,Noida Link Road,5,Friday,4,0,0,10314,114,51.8421,2.3947,6981.29
2024-08-23,Noida Link Road,6,Friday,4,0,0,12410,114,51.8421,2.3947,6981.29
2024-08-23,Noida Link Road,7,Friday,4,0,1,17286,114,51.8421,2.3947,6981.29
2024-08-23,Noida Link Road,8,Friday,4,0,1,29459,114,51.8421,2.3947,6981.29
2024-08-23,Noida Link Road,9,Friday,4,0,1,35146,114,51.8421,2.3947,6981.29
2024-08-23,Noida Link Road,10,Friday,4,0,0,31358,114,51.8421,2.3947,6981.29
2024-08-23,Noida Link Road,11,Friday,4,0,0,26534,114,51.8421,2.3947,6981.29
2024-08-23,Noida Link Road,12,Friday,4,0,0,29338,114,51.8421,2.3947,6981.29
2024-08-23,Noida Link Road,13,Friday,4,0,0,30665,114,51.8421,2.3947,6981.29
2024-08-23,Noida Link Road,14,Friday,4,0,0,31220,114,51.8421,2.3947,6981.29
2024-08-23,Noida Link Road,15,Friday,4,0,0,30719,114,51.8421,2.3947,6981.29
2024-08-23,Noida Link Road,16,Friday,4,0,0,31775,114,51.8421,2.3947,6981.29
2024-08-23,Noida Link Road,17,Friday,4,0,1,36533,114,51.8421,2.3947,6981.29
2024-08-23,Noida Link Road,18,Friday,4,0,1,38851,114,51.8421,2.3947,6981.29
2024-08-23,Noida Link Road,19,Friday,4,0,1,41348,114,51.8421,2.3947,6981.29
2024-08-23,Noida Link Road,20,Friday,4,0,1,41725,114,51.8421,2.3947,6981.29
2024-08-23,Noida Link Road,21,Friday,4,0,0,35259,114,51.8421,2.3947,6981.29
2024-08-23,Noida Link Road,22,Friday,4,0,0,29902,114,51.8421,2.3947,6981.29
2024-08-23,Noida Link Road,23,Friday,4,0,0,22561,114,51.8421,2.3947,6981.29
2024-08-24,Mahatma Gandhi Marg,0,Saturday,5,1,0,126637,1052,52.443,1.5722,62245.45
2024-08-24,Mahatma Gandhi Marg,1,Saturday,5,1,0,90801,1052,52.443,1.5722,62245.45
2024-08-24,Mahatma Gandhi Marg,2,Saturday,5,1,0,113346,1052,52.443,1.5722,62245.45
2024-08-24,Mahatma Gandhi Marg,3,Saturday,5,1,0,124495,1052,52.443,1.5722,62245.45
2024-08-24,Mahatma Gandhi Marg,4,Saturday,5,1,0,134407,1052,52.443,1.5722,62245.45
2024-08-24,Mahatma Gandhi Marg,5,Saturday,5,1,0,176087,1052,52.443,1.5722,62245.45
2024-08-24,Mahatma Gandhi Marg,6,Saturday,5,1,0,218410,1052,52.443,1.5722,62245.45
2024-08-24,Mahatma Gandhi Marg,7,Saturday,5,1,1,280171,1052,52.443,1.5722,62245.45
2024-08-24,Mahatma Gandhi Marg,8,Saturday,5,1,1,355561,1052,52.443,1.5722,62245.45
2024-08-24,Mahatma Gandhi Marg,9,Saturday,5,1,1,433767,1052,52.443,1.5722,62245.45
2024-08-24,Mahatma Gandhi Marg,10,Saturday,5,1,0,500403,1052,52.443,1.5722,62245.45
2024-08-24,Mahatma Gandhi Marg,11,Saturday,5,1,0,493252,1052,52.443,1.5722,62245.45
2024-08-24,Mahatma Gandhi Marg,12,Saturday,5,1,0,483138,1052,52.443,1.5722,62245.45
2024-08-24,Mahatma Gandhi Marg,13,Saturday,5,1,0,509578,1052,52.443,1.5722,62245.45
2024-08-24,Mahatma Gandhi Marg,14,Saturday,5,1,0,494088,1052,52.443,1.5722,62245.45
2024-08-24,Mahatma Gandhi Marg,15,Saturday,5,1,0,495641,1052,52.443,1.5722,62245.45
2024-08-24,Mahatma Gandhi Marg,16,Saturday,5,1,0,518749,1052,52.443,1.5722,62245.45
2024-08-24,Mahatma Gandhi Marg,17,Saturday,5,1,1,544109,1052,52.443,1.5722,62245.45
2024-08-24,Mahatma Gandhi Marg,18,Saturday,5,1,1,558302,1052,52.443,1.5722,62245.45
2024-08-24,Mahatma Gandhi Marg,19,Saturday,5,1,1,533759,1052,52.443,1.5722,62245.45
2024-08-24,Mahatma Gandhi Marg,20,Saturday,5,1,1,560689,1052,52.443,1.5722,62245.45
2024-08-24,Mahatma Gandhi Marg,21,Saturday,5,1,0,536754,1052,52.443,1.5722,62245.45
2024-08-24,Mahatma Gandhi Marg,22,Saturday,5,1,0,474950,1052,52.443,1.5722,62245.45
2024-08-24,Mahatma Gandhi Marg,23,Saturday,5,1,0,356911,1052,52.443,1.5722,62245.45
2024-08-24,Mathura Road,0,Saturday,5,1,0,42345,759,49.1331,1.9763,50900.63
2024-08-24,Mathura Road,1,Saturday,5,1,0,29641,759,49.1331,1.9763,50900.63
2024-08-24,Mathura Road,2,Saturday,5,1,0,30973,759,49.1331,1.9763,50900.63
2024-08-24,Mathura Road,3,Saturday,5,1,0,33403,759,49.1331,1.9763,50900.63
2024-08-24,Mathura Road,4,Saturday,5,1,0,43055,759,49.1331,1.9763,50900.63
2024-08-24,Mathura Road,5,Saturday,5,1,0,71350,759,49.1331,1.9763,50900.63
2024-08-24,Mathura Road,6,Saturday,5,1,0,91428,759,49.1331,1.9763,50900.63
2024-08-24,Mathura Road,7,Saturday,5,1,1,104894,759,49.1331,1.9763,50900.63
2024-08-24,Mathura Road,8,Saturday,5,1,1,133742,759,49.1331,1.9763,50900.63
2024-08-24,Mathura Road,9,Saturday,5,1,1,165046,759,49.1331,1.9763,50900.63
2024-08-24,Mathura Road,10,Saturday,5,1,0,187047,759,49.1331,1.9763,50900.63
2024-08-24,Mathura Road,11,Saturday,5,1,0,196929,759,49.1331,1.9763,50900.63
2024-08-24,Mathura Road,12,Saturday,5,1,0,197492,759,49.1331,1.9763,50900.63
2024-08-24,Mathura Road,13,Saturday,5,1,0,200848,759,49.1331,1.9763,50900.63
2024-08-24,Mathura Road,14,Saturday,5,1,0,198296,759,49.1331,1.9763,50900.63
2024-08-24,Mathura Road,15,Saturday,5,1,0,209131,759,49.1331,1.9763,50900.63
2024-08-24,Mathura Road,16,Saturday,5,1,0,208731,759,49.1331,1.9763,50900.63
2024-08-24,Mathura Road,17,Saturday,5,1,1,219236,759,49.1331,1.9763,50900.63
2024-08-24,Mathura Road,18,Saturday,5,1,1,214783,759,49.1331,1.9763,50900.63
2024-08-24,Mathura Road,19,Saturday,5,1,1,218800,759,49.1331,1.9763,50900.63
2024-08-24,Mathura Road,20,Saturday,5,1,1,216095,759,49.1331,1.9763,50900.63
2024-08-24,Mathura Road,21,Saturday,5,1,0,191853,759,49.1331,1.9763,50900.63
2024-08-24,Mathura Road,22,Saturday,5,1,0,163305,759,49.1331,1.9763,50900.63
2024-08-24,Mathura Road,23,Saturday,5,1,0,134495,759,49.1331,1.9763,50900.63
2024-08-24,Outer Ring Road,0,Saturday,5,1,0,94340,712,46.8048,2.4593,43347.7
2024-08-24,Outer Ring Road,1,Saturday,5,1,0,64678,712,46.8048,2.4593,43347.7
2024-08-24,Outer Ring Road,2,Saturday,5,1,0,78758,712,46.8048,2.4593,43347.7
2024-08-24,Outer Ring Road,3,Saturday,5,1,0,83072,712,46.8048,2.4593,43347.7
2024-08-24,Outer Ring Road,4,Saturday,5,1,0,82914,712,46.8048,2.4593,43347.7
2024-08-24,Outer Ring Road,5,Saturday,5,1,0,93887,712,46.8048,2.4593,43347.7
2024-08-24,Outer Ring Road,6,Saturday,5,1,0,114645,712,46.8048,2.4593,43347.7
2024-08-24,Outer Ring Road,7,Saturday,5,1,1,156489,712,46.8048,2.4593,43347.7
2024-08-24,Outer Ring Road,8,Saturday,5,1,1,215323,712,46.8048,2.4593,43347.7
2024-08-24,Outer Ring Road,9,Saturday,5,1,1,287368,712,46.8048,2.4593,43347.7
2024-08-24,Outer Ring Road,10,Saturday,5,1,0,313672,712,46.8048,2.4593,43347.7
2024-08-24,Outer Ring Road,11,Saturday,5,1,0,304281,712,46.8048,2.4593,43347.7
2024-08-24,Outer Ring Road,12,Saturday,5,1,0,301304,712,46.8048,2.4593,43347.7
2024-08-24,Outer Ring Road,13,Saturday,5,1,0,301530,712,46.8048,2.4593,43347.7
2024-08-24,Outer Ring Road,14,Saturday,5,1,0,305309,712,46.8048,2.4593,43347.7
2024-08-24,Outer Ring Road,15,Saturday,5,1,0,340694,712,46.8048,2.4593,43347.7
2024-08-24,Outer Ring Road,16,Saturday,5,1,0,342288,712,46.8048,2.4593,43347.7
2024-08-24,Outer Ring Road,17,Saturday,5,1,1,342929,712,46.8048,2.4593,43347.7
2024-08-24,Outer Ring Road,18,Saturday,5,1,1,355395,712,46.8048,2.4593,43347.7
2024-08-24,Outer Ring Road,19,Saturday,5,1,1,363075,712,46.8048,2.4593,43347.7
2024-08-24,Outer Ring Road,20,Saturday,5,1,1,353131,712,46.8048,2.4593,43347.7
2024-08-24,Outer Ring Road,21,Saturday,5,1,0,307529,712,46.8048,2.4593,43347.7
2024-08-24,Outer Ring Road,22,Saturday,5,1,0,286519,712,46.8048,2.4593,43347.7
2024-08-24,Outer Ring Road,23,Saturday,5,1,0,251962,712,46.8048,2.4593,43347.7
2024-08-24,Aurobindo Marg,0,Saturday,5,1,0,43077,378,49.709,1.8783,17962.91
2024-08-24,Aurobindo Marg,1,Saturday,5,1,0,31146,378,49.709,1.8783,17962.91
2024-08-24,Aurobindo Marg,2,Saturday,5,1,0,37647,378,49.709,1.8783,17962.91
2024-08-24,Aurobindo Marg,3,Saturday,5,1,0,32163,378,49.709,1.8783,17962.91
2024-08-24,Aurobindo Marg,4,Saturday,5,1,0,29454,378,49.709,1.8783,17962.91
2024-08-24,Aurobindo Marg,5,Saturday,5,1,0,44037,378,49.709,1.8783,17962.91
2024-08-24,Aurobindo Marg,6,Saturday,5,1,0,45778,378,49.709,1.8783,17962.91
2024-08-24,Aurobindo Marg,7,Saturday,5,1,1,67639,378,49.709,1.8783,17962.91
2024-08-24,Aurobindo Marg,8,Saturday,5,1,1,97650,378,49.709,1.8783,17962.91
2024-08-24,Aurobindo Marg,9,Saturday,5,1,1,125681,378,49.709,1.8783,17962.91
2024-08-24,Aurobindo Marg,10,Saturday,5,1,0,143686,378,49.709,1.8783,17962.91
2024-08-24,Aurobindo Marg,11,Saturday,5,1,0,143348,378,49.709,1.8783,17962.91
2024-08-24,Aurobindo Marg,12,Saturday,5,1,0,147285,378,49.709,1.8783,17962.91
2024-08-24,Aurobindo Marg,13,Saturday,5,1,0,151946,378,49.709,1.8783,17962.91
2024-08-24,Aurobindo Marg,14,Saturday,5,1,0,166461,378,49.709,1.8783,17962.91
2024-08-24,Aurobindo Marg,15,Saturday,5,1,0,158820,378,49.709,1.8783,17962.91
2024-08-24,Aurobindo Marg,16,Saturday,5,1,0,167999,378,49.709,1.8783,17962.91
2024-08-24,Aurobindo Marg,17,Saturday,5,1,1,170225,378,49.709,1.8783,17962.91
2024-08-24,Aurobindo Marg,18,Saturday,5,1,1,177977,378,49.709,1.8783,17962.91
2024-08-24,Aurobindo Marg,19,Saturday,5,1,1,167058,378,49.709,1.8783,17962.91
2024-08-24,Aurobindo Marg,20,Saturday,5,1,1,164429,378,49.709,1.8783,17962.91
2024-08-24,Aurobindo Marg,21,Saturday,5,1,0,149410,378,49.709,1.8783,17962.91
2024-08-24,Aurobindo Marg,22,Saturday,5,1,0,145447,378,49.709,1.8783,17962.91
2024-08-24,Aurobindo Marg,23,Saturday,5,1,0,133322,378,49.709,1.8783,17962.91
2024-08-24,Mehrauli Badarpur Road,0,Saturday,5,1,0,12083,370,49.5622,2.0081,24206.35
2024-08-24,Mehrauli Badarpur Road,1,Saturday,5,1,0,7847,370,49.5622,2.0081,24206.35
2024-08-24,Mehrauli Badarpur Road,2,Saturday,5,1,0,10754,370,49.5622,2.0081,24206.35
2024-08-24,Mehrauli Badarpur Road,3,Saturday,5,1,0,11975,370,49.5622,2.0081,24206.35
2024-08-24,Mehrauli Badarpur Road,4,Saturday,5,1,0,10522,370,49.5622,2.0081,24206.35
2024-08-24,Mehrauli Badarpur Road,5,Saturday,5,1,0,12959,370,49.5622,2.0081,24206.35
2024-08-24,Mehrauli Badarpur Road,6,Saturday,5,1,0,16395,370,49.5622,2.0081,24206.35
2024-08-24,Mehrauli Badarpur Road,7,Saturday,5,1,1,20768,370,49.5622,2.0081,24206.35
2024-08-24,Mehrauli Badarpur Road,8,Saturday,5,1,1,33621,370,49.5622,2.0081,24206.35
2024-08-24,Mehrauli Badarpur Road,9,Saturday,5,1,1,39906,370,49.5622,2.0081,24206.35
2024-08-24,Mehrauli Badarpur Road,10,Saturday,5,1,0,45354,370,49.5622,2.0081,24206.35
2024-08-24,Mehrauli Badarpur Road,11,Saturday,5,1,0,49947,370,49.5622,2.0081,24206.35
2024-08-24,Mehrauli Badarpur Road,12,Saturday,5,1,0,57063,370,49.5622,2.0081,24206.35
2024-08-24,Mehrauli Badarpur Road,13,Saturday,5,1,0,59303,370,49.5622,2.0081,24206.35
2024-08-24,Mehrauli Badarpur Road,14,Saturday,5,1,0,58134,370,49.5622,2.0081,24206.35
2024-08-24,Mehrauli Badarpur Road,15,Saturday,5,1,0,54156,370,49.5622,2.0081,24206.35
2024-08-24,Mehrauli Badarpur Road,16,Saturday,5,1,0,56415,370,49.5622,2.0081,24206.35
2024-08-24,Mehrauli Badarpur Road,17,Saturday,5,1,1,62259,370,49.5622,2.0081,24206.35
2024-08-24,Mehrauli Badarpur Road,18,Saturday,5,1,1,60176,370,49.5622,2.0081,24206.35
2024-08-24,Mehrauli Badarpur Road,19,Saturday,5,1,1,54423,370,49.5622,2.0081,24206.35
2024-08-24,Mehrauli Badarpur Road,20,Saturday,5,1,1,59926,370,49.5622,2.0081,24206.35
2024-08-24,Mehrauli Badarpur Road,21,Saturday,5,1,0,56959,370,49.5622,2.0081,24206.35
2024-08-24,Mehrauli Badarpur Road,22,Saturday,5,1,0,58967,370,49.5622,2.0081,24206.35
2024-08-24,Mehrauli Badarpur Road,23,Saturday,5,1,0,49261,370,49.5622,2.0081,24206.35
2024-08-24,Barapullah Road,0,Saturday,5,1,0,20470,218,45.2661,1.3761,16478.62
2024-08-24,Barapullah Road,1,Saturday,5,1,0,13835,218,45.2661,1.3761,16478.62
2024-08-24,Barapullah Road,2,Saturday,5,1,0,13131,218,45.2661,1.3761,16478.62
2024-08-24,Barapullah Road,3,Saturday,5,1,0,20961,218,45.2661,1.3761,16478.62
2024-08-24,Barapullah Road,4,Saturday,5,1,0,21151,218,45.2661,1.3761,16478.62
2024-08-24,Barapullah Road,5,Saturday,5,1,0,31285,218,45.2661,1.3761,16478.62
2024-08-24,Barapullah Road,6,Saturday,5,1,0,29479,218,45.2661,1.3761,16478.62
2024-08-24,Barapullah Road,7,Saturday,5,1,1,43074,218,45.2661,1.3761,16478.62
2024-08-24,Barapullah Road,8,Saturday,5,1,1,64380,218,45.2661,1.3761,16478.62
2024-08-24,Barapullah Road,9,Saturday,5,1,1,77003,218,45.2661,1.3761,16478.62
2024-08-24,Barapullah Road,10,Saturday,5,1,0,81263,218,45.2661,1.3761,16478.62
2024-08-24,Barapullah Road,11,Saturday,5,1,0,107780,218,45.2661,1.3761,16478.62
2024-08-24,Barapullah Road,12,Saturday,5,1,0,115824,218,45.2661,1.3761,16478.62
2024-08-24,Barapullah Road,13,Saturday,5,1,0,104571,218,45.2661,1.3761,16478.62
2024-08-24,Barapullah Road,14,Saturday,5,1,0,114274,218,45.2661,1.3761,16478.62
2024-08-24,Barapullah Road,15,Saturday,5,1,0,113164,218,45.2661,1.3761,16478.62
2024-08-24,Barapullah Road,16,Saturday,5,1,0,113777,218,45.2661,1.3761,16478.62
2024-08-24,Barapullah Road,17,Saturday,5,1,1,119123,218,45.2661,1.3761,16478.62
2024-08-24,Barapullah Road,18,Saturday,5,1,1,119722,218,45.2661,1.3761,16478.62
2024-08-24,Barapullah Road,19,Saturday,5,1,1,108358,218,45.2661,1.3761,16478.62
2024-08-24,Barapullah Road,20,Saturday,5,1,1,105505,218,45.2661,1.3761,16478.62
2024-08-24,Barapullah Road,21,Saturday,5,1,0,76496,218,45.2661,1.3761,16478.62
2024-08-24,Barapullah Road,22,Saturday,5,1,0,64613,218,45.2661,1.3761,16478.62
2024-08-24,Barapullah Road,23,Saturday,5,1,0,48408,218,45.2661,1.3761,16478.62
2024-08-24,Vikas Marg,0,Saturday,5,1,0,15548,194,53.6082,2.0052,14316.28
2024-08-24,Vikas Marg,1,Saturday,5,1,0,9622,194,53.6082,2.0052,14316.28
2024-08-24,Vikas Marg,2,Saturday,5,1,0,12877,194,53.6082,2.0052,14316.28
2024-08-24,Vikas Marg,3,Saturday,5,1,0,13286,194,53.6082,2.0052,14316.28
2024-08-24,Vikas Marg,4,Saturday,5,1,0,18212,194,53.6082,2.0052,14316.28
2024-08-24,Vikas Marg,5,Saturday,5,1,0,25956,194,53.6082,2.0052,14316.28
2024-08-24,Vikas Marg,6,Saturday,5,1,0,29159,194,53.6082,2.0052,14316.28
2024-08-24,Vikas Marg,7,Saturday,5,1,1,28297,194,53.6082,2.0052,14316.28
2024-08-24,Vikas Marg,8,Saturday,5,1,1,36824,194,53.6082,2.0052,14316.28
2024-08-24,Vikas Marg,9,Saturday,5,1,1,45333,194,53.6082,2.0052,14316.28
2024-08-24,Vikas Marg,10,Saturday,5,1,0,47207,194,53.6082,2.0052,14316.28
2024-08-24,Vikas Marg,11,Saturday,5,1,0,50124,194,53.6082,2.0052,14316.28
2024-08-24,Vikas Marg,12,Saturday,5,1,0,49735,194,53.6082,2.0052,14316.28
2024-08-24,Vikas Marg,13,Saturday,5,1,0,50160,194,53.6082,2.0052,14316.28
2024-08-24,Vikas Marg,14,Saturday,5,1,0,48198,194,53.6082,2.0052,14316.28
2024-08-24,Vikas Marg,15,Saturday,5,1,0,51287,194,53.6082,2.0052,14316.28
2024-08-24,Vikas Marg,16,Saturday,5,1,0,48977,194,53.6082,2.0052,14316.28
2024-08-24,Vikas Marg,17,Saturday,5,1,1,43419,194,53.6082,2.0052,14316.28
2024-08-24,Vikas Marg,18,Saturday,5,1,1,45134,194,53.6082,2.0052,14316.28
2024-08-24,Vikas Marg,19,Saturday,5,1,1,44610,194,53.6082,2.0052,14316.28
2024-08-24,Vikas Marg,20,Saturday,5,1,1,44818,194,53.6082,2.0052,14316.28
2024-08-24,Vikas Marg,21,Saturday,5,1,0,43824,194,53.6082,2.0052,14316.28
2024-08-24,Vikas Marg,22,Saturday,5,1,0,40358,194,53.6082,2.0052,14316.28
2024-08-24,Vikas Marg,23,Saturday,5,1,0,45281,194,53.6082,2.0052,14316.28
2024-08-24,Africa Avenue,0,Saturday,5,1,0,7991,164,48.25,3.061,8464.09
2024-08-24,Africa Avenue,1,Saturday,5,1,0,7196,164,48.25,3.061,8464.09
2024-08-24,Africa Avenue,2,Saturday,5,1,0,7875,164,48.25,3.061,8464.09
2024-08-24,Africa Avenue,3,Saturday,5,1,0,8076,164,48.25,3.061,8464.09
2024-08-24,Africa Avenue,4,Saturday,5,1,0,7903,164,48.25,3.061,8464.09
2024-08-24,Africa Avenue,5,Saturday,5,1,0,8555,164,48.25,3.061,8464.09
2024-08-24,Africa Avenue,6,Saturday,5,1,0,9522,164,48.25,3.061,8464.09
2024-08-24,Africa Avenue,7,Saturday,5,1,1,14065,164,48.25,3.061,8464.09
2024-08-24,Africa Avenue,8,Saturday,5,1,1,20315,164,48.25,3.061,8464.09
2024-08-24,Africa Avenue,9,Saturday,5,1,1,30698,164,48.25,3.061,8464.09
2024-08-24,Africa Avenue,10,Saturday,5,1,0,34536,164,48.25,3.061,8464.09
2024-08-24,Africa Avenue,11,Saturday,5,1,0,40349,164,48.25,3.061,8464.09
2024-08-24,Africa Avenue,12,Saturday,5,1,0,43201,164,48.25,3.061,8464.09
2024-08-24,Africa Avenue,13,Saturday,5,1,0,47663,164,48.25,3.061,8464.09
2024-08-24,Africa Avenue,14,Saturday,5,1,0,47357,164,48.25,3.061,8464.09
2024-08-24,Africa Avenue,15,Saturday,5,1,0,47827,164,48.25,3.061,8464.09
2024-08-24,Africa Avenue,16,Saturday,5,1,0,47466,164,48.25,3.061,8464.09
2024-08-24,Africa Avenue,17,Saturday,5,1,1,53675,164,48.25,3.061,8464.09
2024-08-24,Africa Avenue,18,Saturday,5,1,1,55057,164,48.25,3.061,8464.09
2024-08-24,Africa Avenue,19,Saturday,5,1,1,53300,164,48.25,3.061,8464.09
2024-08-24,Africa Avenue,20,Saturday,5,1,1,50803,164,48.25,3.061,8464.09
2024-08-24,Africa Avenue,21,Saturday,5,1,0,44169,164,48.25,3.061,8464.09
2024-08-24,Africa Avenue,22,Saturday,5,1,0,35831,164,48.25,3.061,8464.09
2024-08-24,Africa Avenue,23,Saturday,5,1,0,29619,164,48.25,3.061,8464.09
2024-08-24,Sardar Patel Marg,0,Saturday,5,1,0,17454,153,52.8758,1.8954,9624.01
2024-08-24,Sardar Patel Marg,1,Saturday,5,1,0,10843,153,52.8758,1.8954,9624.01
2024-08-24,Sardar Patel Marg,2,Saturday,5,1,0,12926,153,52.8758,1.8954,9624.01
2024-08-24,Sardar Patel Marg,3,Saturday,5,1,0,14080,153,52.8758,1.8954,9624.01
2024-08-24,Sardar Patel Marg,4,Saturday,5,1,0,23124,153,52.8758,1.8954,9624.01
2024-08-24,Sardar Patel Marg,5,Saturday,5,1,0,30565,153,52.8758,1.8954,9624.01
2024-08-24,Sardar Patel Marg,6,Saturday,5,1,0,34480,153,52.8758,1.8954,9624.01
2024-08-24,Sardar Patel Marg,7,Saturday,5,1,1,34448,153,52.8758,1.8954,9624.01
2024-08-24,Sardar Patel Marg,8,Saturday,5,1,1,49260,153,52.8758,1.8954,9624.01
2024-08-24,Sardar Patel Marg,9,Saturday,5,1,1,58495,153,52.8758,1.8954,9624.01
2024-08-24,Sardar Patel Marg,10,Saturday,5,1,0,60572,153,52.8758,1.8954,9624.01
2024-08-24,Sardar Patel Marg,11,Saturday,5,1,0,69897,153,52.8758,1.8954,9624.01
2024-08-24,Sardar Patel Marg,12,Saturday,5,1,0,58871,153,52.8758,1.8954,9624.01
2024-08-24,Sardar Patel Marg,13,Saturday,5,1,0,69630,153,52.8758,1.8954,9624.01
2024-08-24,Sardar Patel Marg,14,Saturday,5,1,0,72973,153,52.8758,1.8954,9624.01
2024-08-24,Sardar Patel Marg,15,Saturday,5,1,0,75645,153,52.8758,1.8954,9624.01
2024-08-24,Sardar Patel Marg,16,Saturday,5,1,0,70108,153,52.8758,1.8954,9624.01
2024-08-24,Sardar Patel Marg,17,Saturday,5,1,1,73406,153,52.8758,1.8954,9624.01
2024-08-24,Sardar Patel Marg,18,Saturday,5,1,1,71818,153,52.8758,1.8954,9624.01
2024-08-24,Sardar Patel Marg,19,Saturday,5,1,1,74269,153,52.8758,1.8954,9624.01
2024-08-24,Sardar Patel Marg,20,Saturday,5,1,1,66449,153,52.8758,1.8954,9624.01
2024-08-24,Sardar Patel Marg,21,Saturday,5,1,0,61908,153,52.8758,1.8954,9624.01
2024-08-24,Sardar Patel Marg,22,Saturday,5,1,0,53956,153,52.8758,1.8954,9624.01
2024-08-24,Sardar Patel Marg,23,Saturday,5,1,0,48986,153,52.8758,1.8954,9624.01
2024-08-24,Noida Link Road,0,Saturday,5,1,0,9900,114,51.8421,2.3947,6981.29
2024-08-24,Noida Link Road,1,Saturday,5,1,0,5668,114,51.8421,2.3947,6981.29
2024-08-24,Noida Link Road,2,Saturday,5,1,0,5736,114,51.8421,2.3947,6981.29
2024-08-24,Noida Link Road,3,Saturday,5,1,0,4991,114,51.8421,2.3947,6981.29
2024-08-24,Noida Link Road,4,Saturday,5,1,0,7249,114,51.8421,2.3947,6981.29
2024-08-24,Noida Link Road,5,Saturday,5,1,0,14069,114,51.8421,2.3947,6981.29
2024-08-24,Noida Link Road,6,Saturday,5,1,0,17978,114,51.8421,2.3947,6981.29
2024-08-24,Noida Link Road,7,Saturday,5,1,1,19613,114,51.8421,2.3947,6981.29
2024-08-24,Noida Link Road,8,Saturday,5,1,1,22413,114,51.8421,2.3947,6981.29
2024-08-24,Noida Link Road,9,Saturday,5,1,1,31448,114,51.8421,2.3947,6981.29
2024-08-24,Noida Link Road,10,Saturday,5,1,0,36825,114,51.8421,2.3947,6981.29
2024-08-24,Noida Link Road,11,Saturday,5,1,0,41093,114,51.8421,2.3947,6981.29
2024-08-24,Noida Link Road,12,Saturday,5,1,0,43632,114,51.8421,2.3947,6981.29
2024-08-24,Noida Link Road,13,Saturday,5,1,0,47388,114,51.8421,2.3947,6981.29
2024-08-24,Noida Link Road,14,Saturday,5,1,0,48640,114,51.8421,2.3947,6981.29
2024-08-24,Noida Link Road,15,Saturday,5,1,0,51576,114,51.8421,2.3947,6981.29
2024-08-24,Noida Link Road,16,Saturday,5,1,0,47142,114,51.8421,2.3947,6981.29
2024-08-24,Noida Link Road,17,Saturday,5,1,1,46873,114,51.8421,2.3947,6981.29
2024-08-24,Noida Link Road,18,Saturday,5,1,1,50429,114,51.8421,2.3947,6981.29
2024-08-24,Noida Link Road,19,Saturday,5,1,1,50030,114,51.8421,2.3947,6981.29
2024-08-24,Noida Link Road,20,Saturday,5,1,1,44990,114,51.8421,2.3947,6981.29
2024-08-24,Noida Link Road,21,Saturday,5,1,0,41411,114,51.8421,2.3947,6981.29
2024-08-24,Noida Link Road,22,Saturday,5,1,0,31803,114,51.8421,2.3947,6981.29
2024-08-24,Noida Link Road,23,Saturday,5,1,0,27263,114,51.8421,2.3947,6981.29
2024-08-25,Mahatma Gandhi Marg,0,Sunday,6,1,0,291150,1052,52.443,1.5722,62245.45
2024-08-25,Mahatma Gandhi Marg,1,Sunday,6,1,0,201512,1052,52.443,1.5722,62245.45
2024-08-25,Mahatma Gandhi Marg,2,Sunday,6,1,0,178878,1052,52.443,1.5722,62245.45
2024-08-25,Mahatma Gandhi Marg,3,Sunday,6,1,0,141295,1052,52.443,1.5722,62245.45
2024-08-25,Mahatma Gandhi Marg,4,Sunday,6,1,0,151332,1052,52.443,1.5722,62245.45
2024-08-25,Mahatma Gandhi Marg,5,Sunday,6,1,0,175215,1052,52.443,1.5722,62245.45
2024-08-25,Mahatma Gandhi Marg,6,Sunday,6,1,0,209575,1052,52.443,1.5722,62245.45
2024-08-25,Mahatma Gandhi Marg,7,Sunday,6,1,1,244717,1052,52.443,1.5722,62245.45
2024-08-25,Mahatma Gandhi Marg,8,Sunday,6,1,1,268500,1052,52.443,1.5722,62245.45
2024-08-25,Mahatma Gandhi Marg,9,Sunday,6,1,1,307989,1052,52.443,1.5722,62245.45
2024-08-25,Mahatma Gandhi Marg,10,Sunday,6,1,0,397814,1052,52.443,1.5722,62245.45
2024-08-25,Mahatma Gandhi Marg,11,Sunday,6,1,0,476649,1052,52.443,1.5722,62245.45
2024-08-25,Mahatma Gandhi Marg,12,Sunday,6,1,0,526305,1052,52.443,1.5722,62245.45
2024-08-25,Mahatma Gandhi Marg,13,Sunday,6,1,0,533194,1052,52.443,1.5722,62245.45
2024-08-25,Mahatma Gandhi Marg,14,Sunday,6,1,0,552039,1052,52.443,1.5722,62245.45
2024-08-25,Mahatma Gandhi Marg,15,Sunday,6,1,0,540811,1052,52.443,1.5722,62245.45
2024-08-25,Mahatma Gandhi Marg,16,Sunday,6,1,0,542481,1052,52.443,1.5722,62245.45
2024-08-25,Mahatma Gandhi Marg,17,Sunday,6,1,1,568785,1052,52.443,1.5722,62245.45
2024-08-25,Mahatma Gandhi Marg,18,Sunday,6,1,1,599699,1052,52.443,1.5722,62245.45
2024-08-25,Mahatma Gandhi Marg,19,Sunday,6,1,1,549118,1052,52.443,1.5722,62245.45
2024-08-25,Mahatma Gandhi Marg,20,Sunday,6,1,1,557585,1052,52.443,1.5722,62245.45
2024-08-25,Mahatma Gandhi Marg,21,Sunday,6,1,0,495864,1052,52.443,1.5722,62245.45
2024-08-25,Mahatma Gandhi Marg,22,Sunday,6,1,0,445877,1052,52.443,1.5722,62245.45
2024-08-25,Mahatma Gandhi Marg,23,Sunday,6,1,0,379948,1052,52.443,1.5722,62245.45
2024-08-25,Mathura Road,0,Sunday,6,1,0,110653,759,49.1331,1.9763,50900.63
2024-08-25,Mathura Road,1,Sunday,6,1,0,77873,759,49.1331,1.9763,50900.63
2024-08-25,Mathura Road,2,Sunday,6,1,0,54185,759,49.1331,1.9763,50900.63
2024-08-25,Mathura Road,3,Sunday,6,1,0,40241,759,49.1331,1.9763,50900.63
2024-08-25,Mathura Road,4,Sunday,6,1,0,48387,759,49.1331,1.9763,50900.63
2024-08-25,Mathura Road,5,Sunday,6,1,0,66442,759,49.1331,1.9763,50900.63
2024-08-25,Mathura Road,6,Sunday,6,1,0,77484,759,49.1331,1.9763,50900.63
2024-08-25,Mathura Road,7,Sunday,6,1,1,90244,759,49.1331,1.9763,50900.63
2024-08-25,Mathura Road,8,Sunday,6,1,1,94344,759,49.1331,1.9763,50900.63
2024-08-25,Mathura Road,9,Sunday,6,1,1,114134,759,49.1331,1.9763,50900.63
2024-08-25,Mathura Road,10,Sunday,6,1,0,144842,759,49.1331,1.9763,50900.63
2024-08-25,Mathura Road,11,Sunday,6,1,0,172829,759,49.1331,1.9763,50900.63
2024-08-25,Mathura Road,12,Sunday,6,1,0,200590,759,49.1331,1.9763,50900.63
2024-08-25,Mathura Road,13,Sunday,6,1,0,209579,759,49.1331,1.9763,50900.63
2024-08-25,Mathura Road,14,Sunday,6,1,0,217382,759,49.1331,1.9763,50900.63
2024-08-25,Mathura Road,15,Sunday,6,1,0,217047,759,49.1331,1.9763,50900.63
2024-08-25,Mathura Road,16,Sunday,6,1,0,214444,759,49.1331,1.9763,50900.63
2024-08-25,Mathura Road,17,Sunday,6,1,1,223180,759,49.1331,1.9763,50900.63
2024-08-25,Mathura Road,18,Sunday,6,1,1,217345,759,49.1331,1.9763,50900.63
2024-08-25,Mathura Road,19,Sunday,6,1,1,210986,759,49.1331,1.9763,50900.63
2024-08-25,Mathura Road,20,Sunday,6,1,1,197353,759,49.1331,1.9763,50900.63
2024-08-25,Mathura Road,21,Sunday,6,1,0,172664,759,49.1331,1.9763,50900.63
2024-08-25,Mathura Road,22,Sunday,6,1,0,143091,759,49.1331,1.9763,50900.63
2024-08-25,Mathura Road,23,Sunday,6,1,0,128503,759,49.1331,1.9763,50900.63
2024-08-25,Outer Ring Road,0,Sunday,6,1,0,225001,712,46.8048,2.4593,43347.7
2024-08-25,Outer Ring Road,1,Sunday,6,1,0,166121,712,46.8048,2.4593,43347.7
2024-08-25,Outer Ring Road,2,Sunday,6,1,0,128729,712,46.8048,2.4593,43347.7
2024-08-25,Outer Ring Road,3,Sunday,6,1,0,103441,712,46.8048,2.4593,43347.7
2024-08-25,Outer Ring Road,4,Sunday,6,1,0,83696,712,46.8048,2.4593,43347.7
2024-08-25,Outer Ring Road,5,Sunday,6,1,0,87782,712,46.8048,2.4593,43347.7
2024-08-25,Outer Ring Road,6,Sunday,6,1,0,105039,712,46.8048,2.4593,43347.7
2024-08-25,Outer Ring Road,7,Sunday,6,1,1,118712,712,46.8048,2.4593,43347.7
2024-08-25,Outer Ring Road,8,Sunday,6,1,1,147655,712,46.8048,2.4593,43347.7
2024-08-25,Outer Ring Road,9,Sunday,6,1,1,187198,712,46.8048,2.4593,43347.7
2024-08-25,Outer Ring Road,10,Sunday,6,1,0,239142,712,46.8048,2.4593,43347.7
2024-08-25,Outer Ring Road,11,Sunday,6,1,0,281413,712,46.8048,2.4593,43347.7
2024-08-25,Outer Ring Road,12,Sunday,6,1,0,335939,712,46.8048,2.4593,43347.7
2024-08-25,Outer Ring Road,13,Sunday,6,1,0,341089,712,46.8048,2.4593,43347.7
2024-08-25,Outer Ring Road,14,Sunday,6,1,0,358225,712,46.8048,2.4593,43347.7
2024-08-25,Outer Ring Road,15,Sunday,6,1,0,361940,712,46.8048,2.4593,43347.7
2024-08-25,Outer Ring Road,16,Sunday,6,1,0,379534,712,46.8048,2.4593,43347.7
2024-08-25,Outer Ring Road,17,Sunday,6,1,1,361165,712,46.8048,2.4593,43347.7
2024-08-25,Outer Ring Road,18,Sunday,6,1,1,365508,712,46.8048,2.4593,43347.7
2024-08-25,Outer Ring Road,19,Sunday,6,1,1,367501,712,46.8048,2.4593,43347.7
2024-08-25,Outer Ring Road,20,Sunday,6,1,1,333200,712,46.8048,2.4593,43347.7
2024-08-25,Outer Ring Road,21,Sunday,6,1,0,297234,712,46.8048,2.4593,43347.7
2024-08-25,Outer Ring Road,22,Sunday,6,1,0,253208,712,46.8048,2.4593,43347.7
2024-08-25,Outer Ring Road,23,Sunday,6,1,0,223115,712,46.8048,2.4593,43347.7
2024-08-25,Aurobindo Marg,0,Sunday,6,1,0,111981,378,49.709,1.8783,17962.91
2024-08-25,Aurobindo Marg,1,Sunday,6,1,0,81744,378,49.709,1.8783,17962.91
2024-08-25,Aurobindo Marg,2,Sunday,6,1,0,61234,378,49.709,1.8783,17962.91
2024-08-25,Aurobindo Marg,3,Sunday,6,1,0,41643,378,49.709,1.8783,17962.91
2024-08-25,Aurobindo Marg,4,Sunday,6,1,0,35773,378,49.709,1.8783,17962.91
2024-08-25,Aurobindo Marg,5,Sunday,6,1,0,38555,378,49.709,1.8783,17962.91
2024-08-25,Aurobindo Marg,6,Sunday,6,1,0,42177,378,49.709,1.8783,17962.91
2024-08-25,Aurobindo Marg,7,Sunday,6,1,1,56626,378,49.709,1.8783,17962.91
2024-08-25,Aurobindo Marg,8,Sunday,6,1,1,70966,378,49.709,1.8783,17962.91
2024-08-25,Aurobindo Marg,9,Sunday,6,1,1,90064,378,49.709,1.8783,17962.91
2024-08-25,Aurobindo Marg,10,Sunday,6,1,0,111115,378,49.709,1.8783,17962.91
2024-08-25,Aurobindo Marg,11,Sunday,6,1,0,119862,378,49.709,1.8783,17962.91
2024-08-25,Aurobindo Marg,12,Sunday,6,1,0,139638,378,49.709,1.8783,17962.91
2024-08-25,Aurobindo Marg,13,Sunday,6,1,0,157892,378,49.709,1.8783,17962.91
2024-08-25,Aurobindo Marg,14,Sunday,6,1,0,159536,378,49.709,1.8783,17962.91
2024-08-25,Aurobindo Marg,15,Sunday,6,1,0,163529,378,49.709,1.8783,17962.91
2024-08-25,Aurobindo Marg,16,Sunday,6,1,0,168695,378,49.709,1.8783,17962.91
2024-08-25,Aurobindo Marg,17,Sunday,6,1,1,179254,378,49.709,1.8783,17962.91
2024-08-25,Aurobindo Marg,18,Sunday,6,1,1,163427,378,49.709,1.8783,17962.91
2024-08-25,Aurobindo Marg,19,Sunday,6,1,1,165370,378,49.709,1.8783,17962.91
2024-08-25,Aurobindo Marg,20,Sunday,6,1,1,159793,378,49.709,1.8783,17962.91
2024-08-25,Aurobindo Marg,21,Sunday,6,1,0,146585,378,49.709,1.8783,17962.91
2024-08-25,Aurobindo Marg,22,Sunday,6,1,0,131185,378,49.709,1.8783,17962.91
2024-08-25,Aurobindo Marg,23,Sunday,6,1,0,109822,378,49.709,1.8783,17962.91
2024-08-25,Mehrauli Badarpur Road,0,Sunday,6,1,0,35744,370,49.5622,2.0081,24206.35
2024-08-25,Mehrauli Badarpur Road,1,Sunday,6,1,0,21293,370,49.5622,2.0081,24206.35
2024-08-25,Mehrauli Badarpur Road,2,Sunday,6,1,0,15862,370,49.5622,2.0081,24206.35
2024-08-25,Mehrauli Badarpur Road,3,Sunday,6,1,0,9999,370,49.5622,2.0081,24206.35
2024-08-25,Mehrauli Badarpur Road,4,Sunday,6,1,0,8960,370,49.5622,2.0081,24206.35
2024-08-25,Mehrauli Badarpur Road,5,Sunday,6,1,0,11059,370,49.5622,2.0081,24206.35
2024-08-25,Mehrauli Badarpur Road,6,Sunday,6,1,0,15268,370,49.5622,2.0081,24206.35
2024-08-25,Mehrauli Badarpur Road,7,Sunday,6,1,1,18396,370,49.5622,2.0081,24206.35
2024-08-25,Mehrauli Badarpur Road,8,Sunday,6,1,1,23246,370,49.5622,2.0081,24206.35
2024-08-25,Mehrauli Badarpur Road,9,Sunday,6,1,1,30300,370,49.5622,2.0081,24206.35
2024-08-25,Mehrauli Badarpur Road,10,Sunday,6,1,0,35978,370,49.5622,2.0081,24206.35
2024-08-25,Mehrauli Badarpur Road,11,Sunday,6,1,0,43323,370,49.5622,2.0081,24206.35
2024-08-25,Mehrauli Badarpur Road,12,Sunday,6,1,0,52319,370,49.5622,2.0081,24206.35
2024-08-25,Mehrauli Badarpur Road,13,Sunday,6,1,0,55809,370,49.5622,2.0081,24206.35
2024-08-25,Mehrauli Badarpur Road,14,Sunday,6,1,0,56957,370,49.5622,2.0081,24206.35
2024-08-25,Mehrauli Badarpur Road,15,Sunday,6,1,0,56841,370,49.5622,2.0081,24206.35
2024-08-25,Mehrauli Badarpur Road,16,Sunday,6,1,0,59842,370,49.5622,2.0081,24206.35
2024-08-25,Mehrauli Badarpur Road,17,Sunday,6,1,1,57990,370,49.5622,2.0081,24206.35
2024-08-25,Mehrauli Badarpur Road,18,Sunday,6,1,1,58808,370,49.5622,2.0081,24206.35
2024-08-25,Mehrauli Badarpur Road,19,Sunday,6,1,1,55717,370,49.5622,2.0081,24206.35
2024-08-25,Mehrauli Badarpur Road,20,Sunday,6,1,1,54084,370,49.5622,2.0081,24206.35
2024-08-25,Mehrauli Badarpur Road,21,Sunday,6,1,0,49631,370,49.5622,2.0081,24206.35
2024-08-25,Mehrauli Badarpur Road,22,Sunday,6,1,0,50681,370,49.5622,2.0081,24206.35
2024-08-25,Mehrauli Badarpur Road,23,Sunday,6,1,0,44528,370,49.5622,2.0081,24206.35
2024-08-25,Barapullah Road,0,Sunday,6,1,0,51483,218,45.2661,1.3761,16478.62
2024-08-25,Barapullah Road,1,Sunday,6,1,0,42051,218,45.2661,1.3761,16478.62
2024-08-25,Barapullah Road,2,Sunday,6,1,0,23838,218,45.2661,1.3761,16478.62
2024-08-25,Barapullah Road,3,Sunday,6,1,0,17757,218,45.2661,1.3761,16478.62
2024-08-25,Barapullah Road,4,Sunday,6,1,0,19752,218,45.2661,1.3761,16478.62
2024-08-25,Barapullah Road,5,Sunday,6,1,0,21584,218,45.2661,1.3761,16478.62
2024-08-25,Barapullah Road,6,Sunday,6,1,0,26401,218,45.2661,1.3761,16478.62
2024-08-25,Barapullah Road,7,Sunday,6,1,1,34726,218,45.2661,1.3761,16478.62
2024-08-25,Barapullah Road,8,Sunday,6,1,1,33575,218,45.2661,1.3761,16478.62
2024-08-25,Barapullah Road,9,Sunday,6,1,1,45087,218,45.2661,1.3761,16478.62
2024-08-25,Barapullah Road,10,Sunday,6,1,0,55658,218,45.2661,1.3761,16478.62
2024-08-25,Barapullah Road,11,Sunday,6,1,0,65205,218,45.2661,1.3761,16478.62
2024-08-25,Barapullah Road,12,Sunday,6,1,0,82091,218,45.2661,1.3761,16478.62
2024-08-25,Barapullah Road,13,Sunday,6,1,0,92441,218,45.2661,1.3761,16478.62
2024-08-25,Barapullah Road,14,Sunday,6,1,0,85719,218,45.2661,1.3761,16478.62
2024-08-25,Barapullah Road,15,Sunday,6,1,0,110749,218,45.2661,1.3761,16478.62
2024-08-25,Barapullah Road,16,Sunday,6,1,0,102839,218,45.2661,1.3761,16478.62
2024-08-25,Barapullah Road,17,Sunday,6,1,1,114522,218,45.2661,1.3761,16478.62
2024-08-25,Barapullah Road,18,Sunday,6,1,1,100206,218,45.2661,1.3761,16478.62
2024-08-25,Barapullah Road,19,Sunday,6,1,1,112357,218,45.2661,1.3761,16478.62
2024-08-25,Barapullah Road,20,Sunday,6,1,1,94473,218,45.2661,1.3761,16478.62
2024-08-25,Barapullah Road,21,Sunday,6,1,0,66697,218,45.2661,1.3761,16478.62
2024-08-25,Barapullah Road,22,Sunday,6,1,0,60913,218,45.2661,1.3761,16478.62
2024-08-25,Barapullah Road,23,Sunday,6,1,0,56119,218,45.2661,1.3761,16478.62
2024-08-25,Vikas Marg,0,Sunday,6,1,0,35844,194,53.6082,2.0052,14316.28
2024-08-25,Vikas Marg,1,Sunday,6,1,0,24022,194,53.6082,2.0052,14316.28
2024-08-25,Vikas Marg,2,Sunday,6,1,0,17444,194,53.6082,2.0052,14316.28
2024-08-25,Vikas Marg,3,Sunday,6,1,0,15661,194,53.6082,2.0052,14316.28
2024-08-25,Vikas Marg,4,Sunday,6,1,0,18506,194,53.6082,2.0052,14316.28
2024-08-25,Vikas Marg,5,Sunday,6,1,0,25010,194,53.6082,2.0052,14316.28
2024-08-25,Vikas Marg,6,Sunday,6,1,0,25318,194,53.6082,2.0052,14316.28
2024-08-25,Vikas Marg,7,Sunday,6,1,1,25038,194,53.6082,2.0052,14316.28
2024-08-25,Vikas Marg,8,Sunday,6,1,1,28795,194,53.6082,2.0052,14316.28
2024-08-25,Vikas Marg,9,Sunday,6,1,1,29635,194,53.6082,2.0052,14316.28
2024-08-25,Vikas Marg,10,Sunday,6,1,0,35742,194,53.6082,2.0052,14316.28
2024-08-25,Vikas Marg,11,Sunday,6,1,0,45225,194,53.6082,2.0052,14316.28
2024-08-25,Vikas Marg,12,Sunday,6,1,0,51033,194,53.6082,2.0052,14316.28
2024-08-25,Vikas Marg,13,Sunday,6,1,0,54752,194,53.6082,2.0052,14316.28
2024-08-25,Vikas Marg,14,Sunday,6,1,0,51718,194,53.6082,2.0052,14316.28
2024-08-25,Vikas Marg,15,Sunday,6,1,0,48121,194,53.6082,2.0052,14316.28
2024-08-25,Vikas Marg,16,Sunday,6,1,0,46339,194,53.6082,2.0052,14316.28
2024-08-25,Vikas Marg,17,Sunday,6,1,1,42153,194,53.6082,2.0052,14316.28
2024-08-25,Vikas Marg,18,Sunday,6,1,1,42388,194,53.6082,2.0052,14316.28
2024-08-25,Vikas Marg,19,Sunday,6,1,1,37840,194,53.6082,2.0052,14316.28
2024-08-25,Vikas Marg,20,Sunday,6,1,1,38506,194,53.6082,2.0052,14316.28
2024-08-25,Vikas Marg,21,Sunday,6,1,0,33273,194,53.6082,2.0052,14316.28
2024-08-25,Vikas Marg,22,Sunday,6,1,0,35123,194,53.6082,2.0052,14316.28
2024-08-25,Vikas Marg,23,Sunday,6,1,0,36506,194,53.6082,2.0052,14316.28
2024-08-25,Africa Avenue,0,Sunday,6,1,0,23382,164,48.25,3.061,8464.09
2024-08-25,Africa Avenue,1,Sunday,6,1,0,17620,164,48.25,3.061,8464.09
2024-08-25,Africa Avenue,2,Sunday,6,1,0,15354,164,48.25,3.061,8464.09
2024-08-25,Africa Avenue,3,Sunday,6,1,0,10874,164,48.25,3.061,8464.09
2024-08-25,Africa Avenue,4,Sunday,6,1,0,8717,164,48.25,3.061,8464.09
2024-08-25,Africa Avenue,5,Sunday,6,1,0,9049,164,48.25,3.061,8464.09
2024-08-25,Africa Avenue,6,Sunday,6,1,0,10141,164,48.25,3.061,8464.09
2024-08-25,Africa Avenue,7,Sunday,6,1,1,14496,164,48.25,3.061,8464.09
2024-08-25,Africa Avenue,8,Sunday,6,1,1,15527,164,48.25,3.061,8464.09
2024-08-25,Africa Avenue,9,Sunday,6,1,1,20375,164,48.25,3.061,8464.09
2024-08-25,Africa Avenue,10,Sunday,6,1,0,26895,164,48.25,3.061,8464.09
2024-08-25,Africa Avenue,11,Sunday,6,1,0,33889,164,48.25,3.061,8464.09
2024-08-25,Africa Avenue,12,Sunday,6,1,0,37258,164,48.25,3.061,8464.09
2024-08-25,Africa Avenue,13,Sunday,6,1,0,46085,164,48.25,3.061,8464.09
2024-08-25,Africa Avenue,14,Sunday,6,1,0,45353,164,48.25,3.061,8464.09
2024-08-25,Africa Avenue,15,Sunday,6,1,0,43194,164,48.25,3.061,8464.09
2024-08-25,Africa Avenue,16,Sunday,6,1,0,44962,164,48.25,3.061,8464.09
2024-08-25,Africa Avenue,17,Sunday,6,1,1,51372,164,48.25,3.061,8464.09
2024-08-25,Africa Avenue,18,Sunday,6,1,1,52305,164,48.25,3.061,8464.09
2024-08-25,Africa Avenue,19,Sunday,6,1,1,53904,164,48.25,3.061,8464.09
2024-08-25,Africa Avenue,20,Sunday,6,1,1,51640,164,48.25,3.061,8464.09
2024-08-25,Africa Avenue,21,Sunday,6,1,0,37812,164,48.25,3.061,8464.09
2024-08-25,Africa Avenue,22,Sunday,6,1,0,30150,164,48.25,3.061,8464.09
2024-08-25,Africa Avenue,23,Sunday,6,1,0,23464,164,48.25,3.061,8464.09
2024-08-25,Sardar Patel Marg,0,Sunday,6,1,0,39234,153,52.8758,1.8954,9624.01
2024-08-25,Sardar Patel Marg,1,Sunday,6,1,0,24434,153,52.8758,1.8954,9624.01
2024-08-25,Sardar Patel Marg,2,Sunday,6,1,0,17632,153,52.8758,1.8954,9624.01
2024-08-25,Sardar Patel Marg,3,Sunday,6,1,0,17051,153,52.8758,1.8954,9624.01
2024-08-25,Sardar Patel Marg,4,Sunday,6,1,0,19789,153,52.8758,1.8954,9624.01
2024-08-25,Sardar Patel Marg,5,Sunday,6,1,0,28850,153,52.8758,1.8954,9624.01
2024-08-25,Sardar Patel Marg,6,Sunday,6,1,0,31806,153,52.8758,1.8954,9624.01
2024-08-25,Sardar Patel Marg,7,Sunday,6,1,1,32328,153,52.8758,1.8954,9624.01
2024-08-25,Sardar Patel Marg,8,Sunday,6,1,1,35242,153,52.8758,1.8954,9624.01
2024-08-25,Sardar Patel Marg,9,Sunday,6,1,1,39494,153,52.8758,1.8954,9624.01
2024-08-25,Sardar Patel Marg,10,Sunday,6,1,0,52011,153,52.8758,1.8954,9624.01
2024-08-25,Sardar Patel Marg,11,Sunday,6,1,0,61537,153,52.8758,1.8954,9624.01
2024-08-25,Sardar Patel Marg,12,Sunday,6,1,0,56441,153,52.8758,1.8954,9624.01
2024-08-25,Sardar Patel Marg,13,Sunday,6,1,0,72177,153,52.8758,1.8954,9624.01
2024-08-25,Sardar Patel Marg,14,Sunday,6,1,0,72450,153,52.8758,1.8954,9624.01
2024-08-25,Sardar Patel Marg,15,Sunday,6,1,0,75415,153,52.8758,1.8954,9624.01
2024-08-25,Sardar Patel Marg,16,Sunday,6,1,0,77772,153,52.8758,1.8954,9624.01
2024-08-25,Sardar Patel Marg,17,Sunday,6,1,1,75620,153,52.8758,1.8954,9624.01
2024-08-25,Sardar Patel Marg,18,Sunday,6,1,1,82718,153,52.8758,1.8954,9624.01
2024-08-25,Sardar Patel Marg,19,Sunday,6,1,1,70220,153,52.8758,1.8954,9624.01
2024-08-25,Sardar Patel Marg,20,Sunday,6,1,1,68971,153,52.8758,1.8954,9624.01
2024-08-25,Sardar Patel Marg,21,Sunday,6,1,0,59298,153,52.8758,1.8954,9624.01
2024-08-25,Sardar Patel Marg,22,Sunday,6,1,0,46744,153,52.8758,1.8954,9624.01
2024-08-25,Sardar Patel Marg,23,Sunday,6,1,0,41961,153,52.8758,1.8954,9624.01
2024-08-25,Noida Link Road,0,Sunday,6,1,0,22035,114,51.8421,2.3947,6981.29
2024-08-25,Noida Link Road,1,Sunday,6,1,0,12882,114,51.8421,2.3947,6981.29
2024-08-25,Noida Link Road,2,Sunday,6,1,0,8404,114,51.8421,2.3947,6981.29
2024-08-25,Noida Link Road,3,Sunday,6,1,0,6943,114,51.8421,2.3947,6981.29
2024-08-25,Noida Link Road,4,Sunday,6,1,0,7674,114,51.8421,2.3947,6981.29
2024-08-25,Noida Link Road,5,Sunday,6,1,0,12160,114,51.8421,2.3947,6981.29
2024-08-25,Noida Link Road,6,Sunday,6,1,0,14042,114,51.8421,2.3947,6981.29
2024-08-25,Noida Link Road,7,Sunday,6,1,1,14522,114,51.8421,2.3947,6981.29
2024-08-25,Noida Link Road,8,Sunday,6,1,1,17073,114,51.8421,2.3947,6981.29
2024-08-25,Noida Link Road,9,Sunday,6,1,1,21618,114,51.8421,2.3947,6981.29
2024-08-25,Noida Link Road,10,Sunday,6,1,0,26582,114,51.8421,2.3947,6981.29
2024-08-25,Noida Link Road,11,Sunday,6,1,0,35307,114,51.8421,2.3947,6981.29
2024-08-25,Noida Link Road,12,Sunday,6,1,0,40025,114,51.8421,2.3947,6981.29
2024-08-25,Noida Link Road,13,Sunday,6,1,0,44100,114,51.8421,2.3947,6981.29
2024-08-25,Noida Link Road,14,Sunday,6,1,0,46979,114,51.8421,2.3947,6981.29
2024-08-25,Noida Link Road,15,Sunday,6,1,0,43309,114,51.8421,2.3947,6981.29
2024-08-25,Noida Link Road,16,Sunday,6,1,0,44929,114,51.8421,2.3947,6981.29
2024-08-25,Noida Link Road,17,Sunday,6,1,1,45923,114,51.8421,2.3947,6981.29
2024-08-25,Noida Link Road,18,Sunday,6,1,1,46722,114,51.8421,2.3947,6981.29
2024-08-25,Noida Link Road,19,Sunday,6,1,1,46301,114,51.8421,2.3947,6981.29
2024-08-25,Noida Link Road,20,Sunday,6,1,1,39737,114,51.8421,2.3947,6981.29
2024-08-25,Noida Link Road,21,Sunday,6,1,0,34507,114,51.8421,2.3947,6981.29
2024-08-25,Noida Link Road,22,Sunday,6,1,0,29420,114,51.8421,2.3947,6981.29
2024-08-25,Noida Link Road,23,Sunday,6,1,0,24922,114,51.8421,2.3947,6981.29
2024-08-26,Mahatma Gandhi Marg,0,Monday,0,0,0,267902,1052,52.443,1.5722,62245.45
2024-08-26,Mahatma Gandhi Marg,1,Monday,0,0,0,194934,1052,52.443,1.5722,62245.45
2024-08-26,Mahatma Gandhi Marg,2,Monday,0,0,0,138808,1052,52.443,1.5722,62245.45
2024-08-26,Mahatma Gandhi Marg,3,Monday,0,0,0,115656,1052,52.443,1.5722,62245.45
2024-08-26,Mahatma Gandhi Marg,4,Monday,0,0,0,128295,1052,52.443,1.5722,62245.45
2024-08-26,Mahatma Gandhi Marg,5,Monday,0,0,0,157377,1052,52.443,1.5722,62245.45
2024-08-26,Mahatma Gandhi Marg,6,Monday,0,0,0,205016,1052,52.443,1.5722,62245.45
2024-08-26,Mahatma Gandhi Marg,7,Monday,0,0,1,283278,1052,52.443,1.5722,62245.45
2024-08-26,Mahatma Gandhi Marg,8,Monday,0,0,1,401918,1052,52.443,1.5722,62245.45
2024-08-26,Mahatma Gandhi Marg,9,Monday,0,0,1,468102,1052,52.443,1.5722,62245.45
2024-08-26,Mahatma Gandhi Marg,10,Monday,0,0,0,478949,1052,52.443,1.5722,62245.45
2024-08-26,Mahatma Gandhi Marg,11,Monday,0,0,0,479101,1052,52.443,1.5722,62245.45
2024-08-26,Mahatma Gandhi Marg,12,Monday,0,0,0,487339,1052,52.443,1.5722,62245.45
2024-08-26,Mahatma Gandhi Marg,13,Monday,0,0,0,511824,1052,52.443,1.5722,62245.45
2024-08-26,Mahatma Gandhi Marg,14,Monday,0,0,0,512297,1052,52.443,1.5722,62245.45
2024-08-26,Mahatma Gandhi Marg,15,Monday,0,0,0,550680,1052,52.443,1.5722,62245.45
2024-08-26,Mahatma Gandhi Marg,16,Monday,0,0,0,564119,1052,52.443,1.5722,62245.45
2024-08-26,Mahatma Gandhi Marg,17,Monday,0,0,1,574746,1052,52.443,1.5722,62245.45
2024-08-26,Mahatma Gandhi Marg,18,Monday,0,0,1,561230,1052,52.443,1.5722,62245.45
2024-08-26,Mahatma Gandhi Marg,19,Monday,0,0,1,547333,1052,52.443,1.5722,62245.45
2024-08-26,Mahatma Gandhi Marg,20,Monday,0,0,1,481673,1052,52.443,1.5722,62245.45
2024-08-26,Mahatma Gandhi Marg,21,Monday,0,0,0,393450,1052,52.443,1.5722,62245.45
2024-08-26,Mahatma Gandhi Marg,22,Monday,0,0,0,335810,1052,52.443,1.5722,62245.45
2024-08-26,Mahatma Gandhi Marg,23,Monday,0,0,0,235166,1052,52.443,1.5722,62245.45
2024-08-26,Mathura Road,0,Monday,0,0,0,93342,759,49.1331,1.9763,50900.63
2024-08-26,Mathura Road,1,Monday,0,0,0,57333,759,49.1331,1.9763,50900.63
2024-08-26,Mathura Road,2,Monday,0,0,0,38203,759,49.1331,1.9763,50900.63
2024-08-26,Mathura Road,3,Monday,0,0,0,33506,759,49.1331,1.9763,50900.63
2024-08-26,Mathura Road,4,Monday,0,0,0,40637,759,49.1331,1.9763,50900.63
2024-08-26,Mathura Road,5,Monday,0,0,0,58474,759,49.1331,1.9763,50900.63
2024-08-26,Mathura Road,6,Monday,0,0,0,64382,759,49.1331,1.9763,50900.63
2024-08-26,Mathura Road,7,Monday,0,0,1,83010,759,49.1331,1.9763,50900.63
2024-08-26,Mathura Road,8,Monday,0,0,1,127828,759,49.1331,1.9763,50900.63
2024-08-26,Mathura Road,9,Monday,0,0,1,158267,759,49.1331,1.9763,50900.63
2024-08-26,Mathura Road,10,Monday,0,0,0,175988,759,49.1331,1.9763,50900.63
2024-08-26,Mathura Road,11,Monday,0,0,0,174083,759,49.1331,1.9763,50900.63
2024-08-26,Mathura Road,12,Monday,0,0,0,171886,759,49.1331,1.9763,50900.63
2024-08-26,Mathura Road,13,Monday,0,0,0,176071,759,49.1331,1.9763,50900.63
2024-08-26,Mathura Road,14,Monday,0,0,0,185131,759,49.1331,1.9763,50900.63
2024-08-26,Mathura Road,15,Monday,0,0,0,189662,759,49.1331,1.9763,50900.63
2024-08-26,Mathura Road,16,Monday,0,0,0,193437,759,49.1331,1.9763,50900.63
2024-08-26,Mathura Road,17,Monday,0,0,1,197716,759,49.1331,1.9763,50900.63
2024-08-26,Mathura Road,18,Monday,0,0,1,201179,759,49.1331,1.9763,50900.63
2024-08-26,Mathura Road,19,Monday,0,0,1,187802,759,49.1331,1.9763,50900.63
2024-08-26,Mathura Road,20,Monday,0,0,1,171831,759,49.1331,1.9763,50900.63
2024-08-26,Mathura Road,21,Monday,0,0,0,142415,759,49.1331,1.9763,50900.63
2024-08-26,Mathura Road,22,Monday,0,0,0,106038,759,49.1331,1.9763,50900.63
2024-08-26,Mathura Road,23,Monday,0,0,0,81386,759,49.1331,1.9763,50900.63
2024-08-26,Outer Ring Road,0,Monday,0,0,0,168456,712,46.8048,2.4593,43347.7
2024-08-26,Outer Ring Road,1,Monday,0,0,0,120505,712,46.8048,2.4593,43347.7
2024-08-26,Outer Ring Road,2,Monday,0,0,0,86996,712,46.8048,2.4593,43347.7
2024-08-26,Outer Ring Road,3,Monday,0,0,0,67604,712,46.8048,2.4593,43347.7
2024-08-26,Outer Ring Road,4,Monday,0,0,0,69368,712,46.8048,2.4593,43347.7
2024-08-26,Outer Ring Road,5,Monday,0,0,0,76465,712,46.8048,2.4593,43347.7
2024-08-26,Outer Ring Road,6,Monday,0,0,0,100774,712,46.8048,2.4593,43347.7
2024-08-26,Outer Ring Road,7,Monday,0,0,1,139356,712,46.8048,2.4593,43347.7
2024-08-26,Outer Ring Road,8,Monday,0,0,1,232660,712,46.8048,2.4593,43347.7
2024-08-26,Outer Ring Road,9,Monday,0,0,1,305671,712,46.8048,2.4593,43347.7
2024-08-26,Outer Ring Road,10,Monday,0,0,0,303259,712,46.8048,2.4593,43347.7
2024-08-26,Outer Ring Road,11,Monday,0,0,0,297016,712,46.8048,2.4593,43347.7
2024-08-26,Outer Ring Road,12,Monday,0,0,0,287451,712,46.8048,2.4593,43347.7
2024-08-26,Outer Ring Road,13,Monday,0,0,0,311517,712,46.8048,2.4593,43347.7
2024-08-26,Outer Ring Road,14,Monday,0,0,0,316706,712,46.8048,2.4593,43347.7
2024-08-26,Outer Ring Road,15,Monday,0,0,0,333375,712,46.8048,2.4593,43347.7
2024-08-26,Outer Ring Road,16,Monday,0,0,0,360974,712,46.8048,2.4593,43347.7
2024-08-26,Outer Ring Road,17,Monday,0,0,1,388146,712,46.8048,2.4593,43347.7
2024-08-26,Outer Ring Road,18,Monday,0,0,1,377599,712,46.8048,2.4593,43347.7
2024-08-26,Outer Ring Road,19,Monday,0,0,1,361483,712,46.8048,2.4593,43347.7
2024-08-26,Outer Ring Road,20,Monday,0,0,1,304314,712,46.8048,2.4593,43347.7
2024-08-26,Outer Ring Road,21,Monday,0,0,0,252967,712,46.8048,2.4593,43347.7
2024-08-26,Outer Ring Road,22,Monday,0,0,0,198752,712,46.8048,2.4593,43347.7
2024-08-26,Outer Ring Road,23,Monday,0,0,0,146478,712,46.8048,2.4593,43347.7
2024-08-26,Aurobindo Marg,0,Monday,0,0,0,83901,378,49.709,1.8783,17962.91
2024-08-26,Aurobindo Marg,1,Monday,0,0,0,60681,378,49.709,1.8783,17962.91
2024-08-26,Aurobindo Marg,2,Monday,0,0,0,43924,378,49.709,1.8783,17962.91
2024-08-26,Aurobindo Marg,3,Monday,0,0,0,27725,378,49.709,1.8783,17962.91
2024-08-26,Aurobindo Marg,4,Monday,0,0,0,31565,378,49.709,1.8783,17962.91
2024-08-26,Aurobindo Marg,5,Monday,0,0,0,34086,378,49.709,1.8783,17962.91
2024-08-26,Aurobindo Marg,6,Monday,0,0,0,40411,378,49.709,1.8783,17962.91
2024-08-26,Aurobindo Marg,7,Monday,0,0,1,60498,378,49.709,1.8783,17962.91
2024-08-26,Aurobindo Marg,8,Monday,0,0,1,82366,378,49.709,1.8783,17962.91
2024-08-26,Aurobindo Marg,9,Monday,0,0,1,121414,378,49.709,1.8783,17962.91
2024-08-26,Aurobindo Marg,10,Monday,0,0,0,128737,378,49.709,1.8783,17962.91
2024-08-26,Aurobindo Marg,11,Monday,0,0,0,122778,378,49.709,1.8783,17962.91
2024-08-26,Aurobindo Marg,12,Monday,0,0,0,124613,378,49.709,1.8783,17962.91
2024-08-26,Aurobindo Marg,13,Monday,0,0,0,127865,378,49.709,1.8783,17962.91
2024-08-26,Aurobindo Marg,14,Monday,0,0,0,131061,378,49.709,1.8783,17962.91
2024-08-26,Aurobindo Marg,15,Monday,0,0,0,141374,378,49.709,1.8783,17962.91
2024-08-26,Aurobindo Marg,16,Monday,0,0,0,150457,378,49.709,1.8783,17962.91
2024-08-26,Aurobindo Marg,17,Monday,0,0,1,145548,378,49.709,1.8783,17962.91
2024-08-26,Aurobindo Marg,18,Monday,0,0,1,155597,378,49.709,1.8783,17962.91
2024-08-26,Aurobindo Marg,19,Monday,0,0,1,139888,378,49.709,1.8783,17962.91
2024-08-26,Aurobindo Marg,20,Monday,0,0,1,107804,378,49.709,1.8783,17962.91
2024-08-26,Aurobindo Marg,21,Monday,0,0,0,79762,378,49.709,1.8783,17962.91
2024-08-26,Aurobindo Marg,22,Monday,0,0,0,85349,378,49.709,1.8783,17962.91
2024-08-26,Aurobindo Marg,23,Monday,0,0,0,64970,378,49.709,1.8783,17962.91
2024-08-26,Mehrauli Badarpur Road,0,Monday,0,0,0,32716,370,49.5622,2.0081,24206.35
2024-08-26,Mehrauli Badarpur Road,1,Monday,0,0,0,22190,370,49.5622,2.0081,24206.35
2024-08-26,Mehrauli Badarpur Road,2,Monday,0,0,0,14688,370,49.5622,2.0081,24206.35
2024-08-26,Mehrauli Badarpur Road,3,Monday,0,0,0,11882,370,49.5622,2.0081,24206.35
2024-08-26,Mehrauli Badarpur Road,4,Monday,0,0,0,9626,370,49.5622,2.0081,24206.35
2024-08-26,Mehrauli Badarpur Road,5,Monday,0,0,0,10983,370,49.5622,2.0081,24206.35
2024-08-26,Mehrauli Badarpur Road,6,Monday,0,0,0,14689,370,49.5622,2.0081,24206.35
2024-08-26,Mehrauli Badarpur Road,7,Monday,0,0,1,21927,370,49.5622,2.0081,24206.35
2024-08-26,Mehrauli Badarpur Road,8,Monday,0,0,1,33836,370,49.5622,2.0081,24206.35
2024-08-26,Mehrauli Badarpur Road,9,Monday,0,0,1,43079,370,49.5622,2.0081,24206.35
2024-08-26,Mehrauli Badarpur Road,10,Monday,0,0,0,46054,370,49.5622,2.0081,24206.35
2024-08-26,Mehrauli Badarpur Road,11,Monday,0,0,0,48303,370,49.5622,2.0081,24206.35
2024-08-26,Mehrauli Badarpur Road,12,Monday,0,0,0,50389,370,49.5622,2.0081,24206.35
2024-08-26,Mehrauli Badarpur Road,13,Monday,0,0,0,50406,370,49.5622,2.0081,24206.35
2024-08-26,Mehrauli Badarpur Road,14,Monday,0,0,0,51748,370,49.5622,2.0081,24206.35
2024-08-26,Mehrauli Badarpur Road,15,Monday,0,0,0,48229,370,49.5622,2.0081,24206.35
2024-08-26,Mehrauli Badarpur Road,16,Monday,0,0,0,54881,370,49.5622,2.0081,24206.35
2024-08-26,Mehrauli Badarpur Road,17,Monday,0,0,1,55010,370,49.5622,2.0081,24206.35
2024-08-26,Mehrauli Badarpur Road,18,Monday,0,0,1,54821,370,49.5622,2.0081,24206.35
2024-08-26,Mehrauli Badarpur Road,19,Monday,0,0,1,49146,370,49.5622,2.0081,24206.35
2024-08-26,Mehrauli Badarpur Road,20,Monday,0,0,1,49609,370,49.5622,2.0081,24206.35
2024-08-26,Mehrauli Badarpur Road,21,Monday,0,0,0,41761,370,49.5622,2.0081,24206.35
2024-08-26,Mehrauli Badarpur Road,22,Monday,0,0,0,35880,370,49.5622,2.0081,24206.35
2024-08-26,Mehrauli Badarpur Road,23,Monday,0,0,0,27645,370,49.5622,2.0081,24206.35
2024-08-26,Barapullah Road,0,Monday,0,0,0,37764,218,45.2661,1.3761,16478.62
2024-08-26,Barapullah Road,1,Monday,0,0,0,25101,218,45.2661,1.3761,16478.62
2024-08-26,Barapullah Road,2,Monday,0,0,0,17446,218,45.2661,1.3761,16478.62
2024-08-26,Barapullah Road,3,Monday,0,0,0,15725,218,45.2661,1.3761,16478.62
2024-08-26,Barapullah Road,4,Monday,0,0,0,16168,218,45.2661,1.3761,16478.62
2024-08-26,Barapullah Road,5,Monday,0,0,0,20823,218,45.2661,1.3761,16478.62
2024-08-26,Barapullah Road,6,Monday,0,0,0,25207,218,45.2661,1.3761,16478.62
2024-08-26,Barapullah Road,7,Monday,0,0,1,38630,218,45.2661,1.3761,16478.62
2024-08-26,Barapullah Road,8,Monday,0,0,1,45200,218,45.2661,1.3761,16478.62
2024-08-26,Barapullah Road,9,Monday,0,0,1,65586,218,45.2661,1.3761,16478.62
2024-08-26,Barapullah Road,10,Monday,0,0,0,57169,218,45.2661,1.3761,16478.62
2024-08-26,Barapullah Road,11,Monday,0,0,0,62405,218,45.2661,1.3761,16478.62
2024-08-26,Barapullah Road,12,Monday,0,0,0,76329,218,45.2661,1.3761,16478.62
2024-08-26,Barapullah Road,13,Monday,0,0,0,68590,218,45.2661,1.3761,16478.62
2024-08-26,Barapullah Road,14,Monday,0,0,0,72075,218,45.2661,1.3761,16478.62
2024-08-26,Barapullah Road,15,Monday,0,0,0,69115,218,45.2661,1.3761,16478.62
2024-08-26,Barapullah Road,16,Monday,0,0,0,84610,218,45.2661,1.3761,16478.62
2024-08-26,Barapullah Road,17,Monday,0,0,1,88576,218,45.2661,1.3761,16478.62
2024-08-26,Barapullah Road,18,Monday,0,0,1,88621,218,45.2661,1.3761,16478.62
2024-08-26,Barapullah Road,19,Monday,0,0,1,88016,218,45.2661,1.3761,16478.62
2024-08-26,Barapullah Road,20,Monday,0,0,1,72751,218,45.2661,1.3761,16478.62
2024-08-26,Barapullah Road,21,Monday,0,0,0,56726,218,45.2661,1.3761,16478.62
2024-08-26,Barapullah Road,22,Monday,0,0,0,44843,218,45.2661,1.3761,16478.62
2024-08-26,Barapullah Road,23,Monday,0,0,0,32370,218,45.2661,1.3761,16478.62
2024-08-26,Vikas Marg,0,Monday,0,0,0,29499,194,53.6082,2.0052,14316.28
2024-08-26,Vikas Marg,1,Monday,0,0,0,20635,194,53.6082,2.0052,14316.28
2024-08-26,Vikas Marg,2,Monday,0,0,0,13504,194,53.6082,2.0052,14316.28
2024-08-26,Vikas Marg,3,Monday,0,0,0,13480,194,53.6082,2.0052,14316.28
2024-08-26,Vikas Marg,4,Monday,0,0,0,15165,194,53.6082,2.0052,14316.28
2024-08-26,Vikas Marg,5,Monday,0,0,0,21993,194,53.6082,2.0052,14316.28
2024-08-26,Vikas Marg,6,Monday,0,0,0,23859,194,53.6082,2.0052,14316.28
2024-08-26,Vikas Marg,7,Monday,0,0,1,23037,194,53.6082,2.0052,14316.28
2024-08-26,Vikas Marg,8,Monday,0,0,1,32824,194,53.6082,2.0052,14316.28
2024-08-26,Vikas Marg,9,Monday,0,0,1,35338,194,53.6082,2.0052,14316.28
2024-08-26,Vikas Marg,10,Monday,0,0,0,37001,194,53.6082,2.0052,14316.28
2024-08-26,Vikas Marg,11,Monday,0,0,0,40219,194,53.6082,2.0052,14316.28
2024-08-26,Vikas Marg,12,Monday,0,0,0,41444,194,53.6082,2.0052,14316.28
2024-08-26,Vikas Marg,13,Monday,0,0,0,41506,194,53.6082,2.0052,14316.28
2024-08-26,Vikas Marg,14,Monday,0,0,0,46553,194,53.6082,2.0052,14316.28
2024-08-26,Vikas Marg,15,Monday,0,0,0,48470,194,53.6082,2.0052,14316.28
2024-08-26,Vikas Marg,16,Monday,0,0,0,45100,194,53.6082,2.0052,14316.28
2024-08-26,Vikas Marg,17,Monday,0,0,1,45584,194,53.6082,2.0052,14316.28
2024-08-26,Vikas Marg,18,Monday,0,0,1,46058,194,53.6082,2.0052,14316.28
2024-08-26,Vikas Marg,19,Monday,0,0,1,41175,194,53.6082,2.0052,14316.28
2024-08-26,Vikas Marg,20,Monday,0,0,1,40261,194,53.6082,2.0052,14316.28
2024-08-26,Vikas Marg,21,Monday,0,0,0,36255,194,53.6082,2.0052,14316.28
2024-08-26,Vikas Marg,22,Monday,0,0,0,32666,194,53.6082,2.0052,14316.28
2024-08-26,Vikas Marg,23,Monday,0,0,0,27408,194,53.6082,2.0052,14316.28
2024-08-26,Africa Avenue,0,Monday,0,0,0,19130,164,48.25,3.061,8464.09
2024-08-26,Africa Avenue,1,Monday,0,0,0,11275,164,48.25,3.061,8464.09
2024-08-26,Africa Avenue,2,Monday,0,0,0,8262,164,48.25,3.061,8464.09
2024-08-26,Africa Avenue,3,Monday,0,0,0,6908,164,48.25,3.061,8464.09
2024-08-26,Africa Avenue,4,Monday,0,0,0,5060,164,48.25,3.061,8464.09
2024-08-26,Africa Avenue,5,Monday,0,0,0,6429,164,48.25,3.061,8464.09
2024-08-26,Africa Avenue,6,Monday,0,0,0,10243,164,48.25,3.061,8464.09
2024-08-26,Africa Avenue,7,Monday,0,0,1,17694,164,48.25,3.061,8464.09
2024-08-26,Africa Avenue,8,Monday,0,0,1,22946,164,48.25,3.061,8464.09
2024-08-26,Africa Avenue,9,Monday,0,0,1,31446,164,48.25,3.061,8464.09
2024-08-26,Africa Avenue,10,Monday,0,0,0,31257,164,48.25,3.061,8464.09
2024-08-26,Africa Avenue,11,Monday,0,0,0,32753,164,48.25,3.061,8464.09
2024-08-26,Africa Avenue,12,Monday,0,0,0,33549,164,48.25,3.061,8464.09
2024-08-26,Africa Avenue,13,Monday,0,0,0,36226,164,48.25,3.061,8464.09
2024-08-26,Africa Avenue,14,Monday,0,0,0,38372,164,48.25,3.061,8464.09
2024-08-26,Africa Avenue,15,Monday,0,0,0,38854,164,48.25,3.061,8464.09
2024-08-26,Africa Avenue,16,Monday,0,0,0,40272,164,48.25,3.061,8464.09
2024-08-26,Africa Avenue,17,Monday,0,0,1,43987,164,48.25,3.061,8464.09
2024-08-26,Africa Avenue,18,Monday,0,0,1,40378,164,48.25,3.061,8464.09
2024-08-26,Africa Avenue,19,Monday,0,0,1,39407,164,48.25,3.061,8464.09
2024-08-26,Africa Avenue,20,Monday,0,0,1,37319,164,48.25,3.061,8464.09
2024-08-26,Africa Avenue,21,Monday,0,0,0,32956,164,48.25,3.061,8464.09
2024-08-26,Africa Avenue,22,Monday,0,0,0,23031,164,48.25,3.061,8464.09
2024-08-26,Africa Avenue,23,Monday,0,0,0,14624,164,48.25,3.061,8464.09
2024-08-26,Sardar Patel Marg,0,Monday,0,0,0,33629,153,52.8758,1.8954,9624.01
2024-08-26,Sardar Patel Marg,1,Monday,0,0,0,20088,153,52.8758,1.8954,9624.01
2024-08-26,Sardar Patel Marg,2,Monday,0,0,0,12485,153,52.8758,1.8954,9624.01
2024-08-26,Sardar Patel Marg,3,Monday,0,0,0,12290,153,52.8758,1.8954,9624.01
2024-08-26,Sardar Patel Marg,4,Monday,0,0,0,17282,153,52.8758,1.8954,9624.01
2024-08-26,Sardar Patel Marg,5,Monday,0,0,0,25352,153,52.8758,1.8954,9624.01
2024-08-26,Sardar Patel Marg,6,Monday,0,0,0,30951,153,52.8758,1.8954,9624.01
2024-08-26,Sardar Patel Marg,7,Monday,0,0,1,39205,153,52.8758,1.8954,9624.01
2024-08-26,Sardar Patel Marg,8,Monday,0,0,1,47791,153,52.8758,1.8954,9624.01
2024-08-26,Sardar Patel Marg,9,Monday,0,0,1,50750,153,52.8758,1.8954,9624.01
2024-08-26,Sardar Patel Marg,10,Monday,0,0,0,56519,153,52.8758,1.8954,9624.01
2024-08-26,Sardar Patel Marg,11,Monday,0,0,0,61742,153,52.8758,1.8954,9624.01
2024-08-26,Sardar Patel Marg,12,Monday,0,0,0,65138,153,52.8758,1.8954,9624.01
2024-08-26,Sardar Patel Marg,13,Monday,0,0,0,67230,153,52.8758,1.8954,9624.01
2024-08-26,Sardar Patel Marg,14,Monday,0,0,0,70107,153,52.8758,1.8954,9624.01
2024-08-26,Sardar Patel Marg,15,Monday,0,0,0,72600,153,52.8758,1.8954,9624.01
2024-08-26,Sardar Patel Marg,16,Monday,0,0,0,71285,153,52.8758,1.8954,9624.01
2024-08-26,Sardar Patel Marg,17,Monday,0,0,1,67442,153,52.8758,1.8954,9624.01
2024-08-26,Sardar Patel Marg,18,Monday,0,0,1,69817,153,52.8758,1.8954,9624.01
2024-08-26,Sardar Patel Marg,19,Monday,0,0,1,66480,153,52.8758,1.8954,9624.01
2024-08-26,Sardar Patel Marg,20,Monday,0,0,1,48832,153,52.8758,1.8954,9624.01
2024-08-26,Sardar Patel Marg,21,Monday,0,0,0,46409,153,52.8758,1.8954,9624.01
2024-08-26,Sardar Patel Marg,22,Monday,0,0,0,36184,153,52.8758,1.8954,9624.01
2024-08-26,Sardar Patel Marg,23,Monday,0,0,0,27139,153,52.8758,1.8954,9624.01
2024-08-26,Noida Link Road,0,Monday,0,0,0,17278,114,51.8421,2.3947,6981.29
2024-08-26,Noida Link Road,1,Monday,0,0,0,10604,114,51.8421,2.3947,6981.29
2024-08-26,Noida Link Road,2,Monday,0,0,0,6899,114,51.8421,2.3947,6981.29
2024-08-26,Noida Link Road,3,Monday,0,0,0,5068,114,51.8421,2.3947,6981.29
2024-08-26,Noida Link Road,4,Monday,0,0,0,7142,114,51.8421,2.3947,6981.29
2024-08-26,Noida Link Road,5,Monday,0,0,0,10770,114,51.8421,2.3947,6981.29
2024-08-26,Noida Link Road,6,Monday,0,0,0,13623,114,51.8421,2.3947,6981.29
2024-08-26,Noida Link Road,7,Monday,0,0,1,15845,114,51.8421,2.3947,6981.29
2024-08-26,Noida Link Road,8,Monday,0,0,1,23645,114,51.8421,2.3947,6981.29
2024-08-26,Noida Link Road,9,Monday,0,0,1,32296,114,51.8421,2.3947,6981.29
2024-08-26,Noida Link Road,10,Monday,0,0,0,30955,114,51.8421,2.3947,6981.29
2024-08-26,Noida Link Road,11,Monday,0,0,0,34581,114,51.8421,2.3947,6981.29
2024-08-26,Noida Link Road,12,Monday,0,0,0,35747,114,51.8421,2.3947,6981.29
2024-08-26,Noida Link Road,13,Monday,0,0,0,35583,114,51.8421,2.3947,6981.29
2024-08-26,Noida Link Road,14,Monday,0,0,0,38003,114,51.8421,2.3947,6981.29
2024-08-26,Noida Link Road,15,Monday,0,0,0,38075,114,51.8421,2.3947,6981.29
2024-08-26,Noida Link Road,16,Monday,0,0,0,41461,114,51.8421,2.3947,6981.29
2024-08-26,Noida Link Road,17,Monday,0,0,1,45029,114,51.8421,2.3947,6981.29
2024-08-26,Noida Link Road,18,Monday,0,0,1,45363,114,51.8421,2.3947,6981.29
2024-08-26,Noida Link Road,19,Monday,0,0,1,40092,114,51.8421,2.3947,6981.29
2024-08-26,Noida Link Road,20,Monday,0,0,1,33164,114,51.8421,2.3947,6981.29
2024-08-26,Noida Link Road,21,Monday,0,0,0,30152,114,51.8421,2.3947,6981.29
2024-08-26,Noida Link Road,22,Monday,0,0,0,23966,114,51.8421,2.3947,6981.29
2024-08-26,Noida Link Road,23,Monday,0,0,0,17878,114,51.8421,2.3947,6981.29
2024-08-27,Mahatma Gandhi Marg,0,Tuesday,1,0,0,162495,1052,52.443,1.5722,62245.45
2024-08-27,Mahatma Gandhi Marg,1,Tuesday,1,0,0,140184,1052,52.443,1.5722,62245.45
2024-08-27,Mahatma Gandhi Marg,2,Tuesday,1,0,0,101065,1052,52.443,1.5722,62245.45
2024-08-27,Mahatma Gandhi Marg,3,Tuesday,1,0,0,95297,1052,52.443,1.5722,62245.45
2024-08-27,Mahatma Gandhi Marg,4,Tuesday,1,0,0,123363,1052,52.443,1.5722,62245.45
2024-08-27,Mahatma Gandhi Marg,5,Tuesday,1,0,0,156124,1052,52.443,1.5722,62245.45
2024-08-27,Mahatma Gandhi Marg,6,Tuesday,1,0,0,235163,1052,52.443,1.5722,62245.45
2024-08-27,Mahatma Gandhi Marg,7,Tuesday,1,0,1,371758,1052,52.443,1.5722,62245.45
2024-08-27,Mahatma Gandhi Marg,8,Tuesday,1,0,1,515166,1052,52.443,1.5722,62245.45
2024-08-27,Mahatma Gandhi Marg,9,Tuesday,1,0,1,556708,1052,52.443,1.5722,62245.45
2024-08-27,Mahatma Gandhi Marg,10,Tuesday,1,0,0,568898,1052,52.443,1.5722,62245.45
2024-08-27,Mahatma Gandhi Marg,11,Tuesday,1,0,0,531431,1052,52.443,1.5722,62245.45
2024-08-27,Mahatma Gandhi Marg,12,Tuesday,1,0,0,497631,1052,52.443,1.5722,62245.45
2024-08-27,Mahatma Gandhi Marg,13,Tuesday,1,0,0,495180,1052,52.443,1.5722,62245.45
2024-08-27,Mahatma Gandhi Marg,14,Tuesday,1,0,0,485932,1052,52.443,1.5722,62245.45
2024-08-27,Mahatma Gandhi Marg,15,Tuesday,1,0,0,473425,1052,52.443,1.5722,62245.45
2024-08-27,Mahatma Gandhi Marg,16,Tuesday,1,0,0,498199,1052,52.443,1.5722,62245.45
2024-08-27,Mahatma Gandhi Marg,17,Tuesday,1,0,1,476950,1052,52.443,1.5722,62245.45
2024-08-27,Mahatma Gandhi Marg,18,Tuesday,1,0,1,487128,1052,52.443,1.5722,62245.45
2024-08-27,Mahatma Gandhi Marg,19,Tuesday,1,0,1,465786,1052,52.443,1.5722,62245.45
2024-08-27,Mahatma Gandhi Marg,20,Tuesday,1,0,1,483906,1052,52.443,1.5722,62245.45
2024-08-27,Mahatma Gandhi Marg,21,Tuesday,1,0,0,453913,1052,52.443,1.5722,62245.45
2024-08-27,Mahatma Gandhi Marg,22,Tuesday,1,0,0,388214,1052,52.443,1.5722,62245.45
2024-08-27,Mahatma Gandhi Marg,23,Tuesday,1,0,0,281686,1052,52.443,1.5722,62245.45
2024-08-27,Mathura Road,0,Tuesday,1,0,0,59052,759,49.1331,1.9763,50900.63
2024-08-27,Mathura Road,1,Tuesday,1,0,0,42708,759,49.1331,1.9763,50900.63
2024-08-27,Mathura Road,2,Tuesday,1,0,0,30010,759,49.1331,1.9763,50900.63
2024-08-27,Mathura Road,3,Tuesday,1,0,0,26693,759,49.1331,1.9763,50900.63
2024-08-27,Mathura Road,4,Tuesday,1,0,0,37753,759,49.1331,1.9763,50900.63
2024-08-27,Mathura Road,5,Tuesday,1,0,0,57938,759,49.1331,1.9763,50900.63
2024-08-27,Mathura Road,6,Tuesday,1,0,0,77790,759,49.1331,1.9763,50900.63
2024-08-27,Mathura Road,7,Tuesday,1,0,1,106546,759,49.1331,1.9763,50900.63
2024-08-27,Mathura Road,8,Tuesday,1,0,1,172649,759,49.1331,1.9763,50900.63
2024-08-27,Mathura Road,9,Tuesday,1,0,1,218572,759,49.1331,1.9763,50900.63
2024-08-27,Mathura Road,10,Tuesday,1,0,0,228515,759,49.1331,1.9763,50900.63
2024-08-27,Mathura Road,11,Tuesday,1,0,0,209809,759,49.1331,1.9763,50900.63
2024-08-27,Mathura Road,12,Tuesday,1,0,0,197624,759,49.1331,1.9763,50900.63
2024-08-27,Mathura Road,13,Tuesday,1,0,0,175272,759,49.1331,1.9763,50900.63
2024-08-27,Mathura Road,14,Tuesday,1,0,0,182975,759,49.1331,1.9763,50900.63
2024-08-27,Mathura Road,15,Tuesday,1,0,0,186179,759,49.1331,1.9763,50900.63
2024-08-27,Mathura Road,16,Tuesday,1,0,0,193933,759,49.1331,1.9763,50900.63
2024-08-27,Mathura Road,17,Tuesday,1,0,1,208188,759,49.1331,1.9763,50900.63
2024-08-27,Mathura Road,18,Tuesday,1,0,1,203269,759,49.1331,1.9763,50900.63
2024-08-27,Mathura Road,19,Tuesday,1,0,1,200536,759,49.1331,1.9763,50900.63
2024-08-27,Mathura Road,20,Tuesday,1,0,1,191639,759,49.1331,1.9763,50900.63
2024-08-27,Mathura Road,21,Tuesday,1,0,0,168449,759,49.1331,1.9763,50900.63
2024-08-27,Mathura Road,22,Tuesday,1,0,0,140071,759,49.1331,1.9763,50900.63
2024-08-27,Mathura Road,23,Tuesday,1,0,0,106512,759,49.1331,1.9763,50900.63
2024-08-27,Outer Ring Road,0,Tuesday,1,0,0,103842,712,46.8048,2.4593,43347.7
2024-08-27,Outer Ring Road,1,Tuesday,1,0,0,94086,712,46.8048,2.4593,43347.7
2024-08-27,Outer Ring Road,2,Tuesday,1,0,0,65934,712,46.8048,2.4593,43347.7
2024-08-27,Outer Ring Road,3,Tuesday,1,0,0,59020,712,46.8048,2.4593,43347.7
2024-08-27,Outer Ring Road,4,Tuesday,1,0,0,63092,712,46.8048,2.4593,43347.7
2024-08-27,Outer Ring Road,5,Tuesday,1,0,0,72235,712,46.8048,2.4593,43347.7
2024-08-27,Outer Ring Road,6,Tuesday,1,0,0,107150,712,46.8048,2.4593,43347.7
2024-08-27,Outer Ring Road,7,Tuesday,1,0,1,179523,712,46.8048,2.4593,43347.7
2024-08-27,Outer Ring Road,8,Tuesday,1,0,1,283869,712,46.8048,2.4593,43347.7
2024-08-27,Outer Ring Road,9,Tuesday,1,0,1,358982,712,46.8048,2.4593,43347.7
2024-08-27,Outer Ring Road,10,Tuesday,1,0,0,363900,712,46.8048,2.4593,43347.7
2024-08-27,Outer Ring Road,11,Tuesday,1,0,0,332823,712,46.8048,2.4593,43347.7
2024-08-27,Outer Ring Road,12,Tuesday,1,0,0,306027,712,46.8048,2.4593,43347.7
2024-08-27,Outer Ring Road,13,Tuesday,1,0,0,313285,712,46.8048,2.4593,43347.7
2024-08-27,Outer Ring Road,14,Tuesday,1,0,0,301716,712,46.8048,2.4593,43347.7
2024-08-27,Outer Ring Road,15,Tuesday,1,0,0,318539,712,46.8048,2.4593,43347.7
2024-08-27,Outer Ring Road,16,Tuesday,1,0,0,356669,712,46.8048,2.4593,43347.7
2024-08-27,Outer Ring Road,17,Tuesday,1,0,1,325705,712,46.8048,2.4593,43347.7
2024-08-27,Outer Ring Road,18,Tuesday,1,0,1,304886,712,46.8048,2.4593,43347.7
2024-08-27,Outer Ring Road,19,Tuesday,1,0,1,304809,712,46.8048,2.4593,43347.7
2024-08-27,Outer Ring Road,20,Tuesday,1,0,1,314747,712,46.8048,2.4593,43347.7
2024-08-27,Outer Ring Road,21,Tuesday,1,0,0,297772,712,46.8048,2.4593,43347.7
2024-08-27,Outer Ring Road,22,Tuesday,1,0,0,238094,712,46.8048,2.4593,43347.7
2024-08-27,Outer Ring Road,23,Tuesday,1,0,0,186571,712,46.8048,2.4593,43347.7
2024-08-27,Aurobindo Marg,0,Tuesday,1,0,0,45651,378,49.709,1.8783,17962.91
2024-08-27,Aurobindo Marg,1,Tuesday,1,0,0,36661,378,49.709,1.8783,17962.91
2024-08-27,Aurobindo Marg,2,Tuesday,1,0,0,23714,378,49.709,1.8783,17962.91
2024-08-27,Aurobindo Marg,3,Tuesday,1,0,0,18914,378,49.709,1.8783,17962.91
2024-08-27,Aurobindo Marg,4,Tuesday,1,0,0,20757,378,49.709,1.8783,17962.91
2024-08-27,Aurobindo Marg,5,Tuesday,1,0,0,31419,378,49.709,1.8783,17962.91
2024-08-27,Aurobindo Marg,6,Tuesday,1,0,0,41233,378,49.709,1.8783,17962.91
2024-08-27,Aurobindo Marg,7,Tuesday,1,0,1,81925,378,49.709,1.8783,17962.91
2024-08-27,Aurobindo Marg,8,Tuesday,1,0,1,132180,378,49.709,1.8783,17962.91
2024-08-27,Aurobindo Marg,9,Tuesday,1,0,1,167550,378,49.709,1.8783,17962.91
2024-08-27,Aurobindo Marg,10,Tuesday,1,0,0,173656,378,49.709,1.8783,17962.91
2024-08-27,Aurobindo Marg,11,Tuesday,1,0,0,154510,378,49.709,1.8783,17962.91
2024-08-27,Aurobindo Marg,12,Tuesday,1,0,0,144956,378,49.709,1.8783,17962.91
2024-08-27,Aurobindo Marg,13,Tuesday,1,0,0,150825,378,49.709,1.8783,17962.91
2024-08-27,Aurobindo Marg,14,Tuesday,1,0,0,159020,378,49.709,1.8783,17962.91
2024-08-27,Aurobindo Marg,15,Tuesday,1,0,0,161159,378,49.709,1.8783,17962.91
2024-08-27,Aurobindo Marg,16,Tuesday,1,0,0,160914,378,49.709,1.8783,17962.91
2024-08-27,Aurobindo Marg,17,Tuesday,1,0,1,149748,378,49.709,1.8783,17962.91
2024-08-27,Aurobindo Marg,18,Tuesday,1,0,1,151735,378,49.709,1.8783,17962.91
2024-08-27,Aurobindo Marg,19,Tuesday,1,0,1,151722,378,49.709,1.8783,17962.91
2024-08-27,Aurobindo Marg,20,Tuesday,1,0,1,153616,378,49.709,1.8783,17962.91
2024-08-27,Aurobindo Marg,21,Tuesday,1,0,0,135008,378,49.709,1.8783,17962.91
2024-08-27,Aurobindo Marg,22,Tuesday,1,0,0,106648,378,49.709,1.8783,17962.91
2024-08-27,Aurobindo Marg,23,Tuesday,1,0,0,85449,378,49.709,1.8783,17962.91
2024-08-27,Mehrauli Badarpur Road,0,Tuesday,1,0,0,19342,370,49.5622,2.0081,24206.35
2024-08-27,Mehrauli Badarpur Road,1,Tuesday,1,0,0,15750,370,49.5622,2.0081,24206.35
2024-08-27,Mehrauli Badarpur Road,2,Tuesday,1,0,0,10493,370,49.5622,2.0081,24206.35
2024-08-27,Mehrauli Badarpur Road,3,Tuesday,1,0,0,7574,370,49.5622,2.0081,24206.35
2024-08-27,Mehrauli Badarpur Road,4,Tuesday,1,0,0,9393,370,49.5622,2.0081,24206.35
2024-08-27,Mehrauli Badarpur Road,5,Tuesday,1,0,0,8969,370,49.5622,2.0081,24206.35
2024-08-27,Mehrauli Badarpur Road,6,Tuesday,1,0,0,13275,370,49.5622,2.0081,24206.35
2024-08-27,Mehrauli Badarpur Road,7,Tuesday,1,0,1,22634,370,49.5622,2.0081,24206.35
2024-08-27,Mehrauli Badarpur Road,8,Tuesday,1,0,1,33878,370,49.5622,2.0081,24206.35
2024-08-27,Mehrauli Badarpur Road,9,Tuesday,1,0,1,46889,370,49.5622,2.0081,24206.35
2024-08-27,Mehrauli Badarpur Road,10,Tuesday,1,0,0,51713,370,49.5622,2.0081,24206.35
2024-08-27,Mehrauli Badarpur Road,11,Tuesday,1,0,0,50577,370,49.5622,2.0081,24206.35
2024-08-27,Mehrauli Badarpur Road,12,Tuesday,1,0,0,52490,370,49.5622,2.0081,24206.35
2024-08-27,Mehrauli Badarpur Road,13,Tuesday,1,0,0,53553,370,49.5622,2.0081,24206.35
2024-08-27,Mehrauli Badarpur Road,14,Tuesday,1,0,0,52609,370,49.5622,2.0081,24206.35
2024-08-27,Mehrauli Badarpur Road,15,Tuesday,1,0,0,53192,370,49.5622,2.0081,24206.35
2024-08-27,Mehrauli Badarpur Road,16,Tuesday,1,0,0,53063,370,49.5622,2.0081,24206.35
2024-08-27,Mehrauli Badarpur Road,17,Tuesday,1,0,1,51943,370,49.5622,2.0081,24206.35
2024-08-27,Mehrauli Badarpur Road,18,Tuesday,1,0,1,53021,370,49.5622,2.0081,24206.35
2024-08-27,Mehrauli Badarpur Road,19,Tuesday,1,0,1,54140,370,49.5622,2.0081,24206.35
2024-08-27,Mehrauli Badarpur Road,20,Tuesday,1,0,1,53396,370,49.5622,2.0081,24206.35
2024-08-27,Mehrauli Badarpur Road,21,Tuesday,1,0,0,52779,370,49.5622,2.0081,24206.35
2024-08-27,Mehrauli Badarpur Road,22,Tuesday,1,0,0,49123,370,49.5622,2.0081,24206.35
2024-08-27,Mehrauli Badarpur Road,23,Tuesday,1,0,0,35782,370,49.5622,2.0081,24206.35
2024-08-27,Barapullah Road,0,Tuesday,1,0,0,25208,218,45.2661,1.3761,16478.62
2024-08-27,Barapullah Road,1,Tuesday,1,0,0,19975,218,45.2661,1.3761,16478.62
2024-08-27,Barapullah Road,2,Tuesday,1,0,0,16619,218,45.2661,1.3761,16478.62
2024-08-27,Barapullah Road,3,Tuesday,1,0,0,13791,218,45.2661,1.3761,16478.62
2024-08-27,Barapullah Road,4,Tuesday,1,0,0,17691,218,45.2661,1.3761,16478.62
2024-08-27,Barapullah Road,5,Tuesday,1,0,0,22637,218,45.2661,1.3761,16478.62
2024-08-27,Barapullah Road,6,Tuesday,1,0,0,27335,218,45.2661,1.3761,16478.62
2024-08-27,Barapullah Road,7,Tuesday,1,0,1,48597,218,45.2661,1.3761,16478.62
2024-08-27,Barapullah Road,8,Tuesday,1,0,1,75472,218,45.2661,1.3761,16478.62
2024-08-27,Barapullah Road,9,Tuesday,1,0,1,86719,218,45.2661,1.3761,16478.62
2024-08-27,Barapullah Road,10,Tuesday,1,0,0,103466,218,45.2661,1.3761,16478.62
2024-08-27,Barapullah Road,11,Tuesday,1,0,0,106428,218,45.2661,1.3761,16478.62
2024-08-27,Barapullah Road,12,Tuesday,1,0,0,109876,218,45.2661,1.3761,16478.62
2024-08-27,Barapullah Road,13,Tuesday,1,0,0,101899,218,45.2661,1.3761,16478.62
2024-08-27,Barapullah Road,14,Tuesday,1,0,0,104069,218,45.2661,1.3761,16478.62
2024-08-27,Barapullah Road,15,Tuesday,1,0,0,117488,218,45.2661,1.3761,16478.62
2024-08-27,Barapullah Road,16,Tuesday,1,0,0,117727,218,45.2661,1.3761,16478.62
2024-08-27,Barapullah Road,17,Tuesday,1,0,1,122892,218,45.2661,1.3761,16478.62
2024-08-27,Barapullah Road,18,Tuesday,1,0,1,102383,218,45.2661,1.3761,16478.62
2024-08-27,Barapullah Road,19,Tuesday,1,0,1,100697,218,45.2661,1.3761,16478.62
2024-08-27,Barapullah Road,20,Tuesday,1,0,1,82501,218,45.2661,1.3761,16478.62
2024-08-27,Barapullah Road,21,Tuesday,1,0,0,65594,218,45.2661,1.3761,16478.62
2024-08-27,Barapullah Road,22,Tuesday,1,0,0,52781,218,45.2661,1.3761,16478.62
2024-08-27,Barapullah Road,23,Tuesday,1,0,0,40329,218,45.2661,1.3761,16478.62
2024-08-27,Vikas Marg,0,Tuesday,1,0,0,22783,194,53.6082,2.0052,14316.28
2024-08-27,Vikas Marg,1,Tuesday,1,0,0,17116,194,53.6082,2.0052,14316.28
2024-08-27,Vikas Marg,2,Tuesday,1,0,0,11773,194,53.6082,2.0052,14316.28
2024-08-27,Vikas Marg,3,Tuesday,1,0,0,10476,194,53.6082,2.0052,14316.28
2024-08-27,Vikas Marg,4,Tuesday,1,0,0,12750,194,53.6082,2.0052,14316.28
2024-08-27,Vikas Marg,5,Tuesday,1,0,0,22902,194,53.6082,2.0052,14316.28
2024-08-27,Vikas Marg,6,Tuesday,1,0,0,26275,194,53.6082,2.0052,14316.28
2024-08-27,Vikas Marg,7,Tuesday,1,0,1,28591,194,53.6082,2.0052,14316.28
2024-08-27,Vikas Marg,8,Tuesday,1,0,1,42371,194,53.6082,2.0052,14316.28
2024-08-27,Vikas Marg,9,Tuesday,1,0,1,49653,194,53.6082,2.0052,14316.28
2024-08-27,Vikas Marg,10,Tuesday,1,0,0,43858,194,53.6082,2.0052,14316.28
2024-08-27,Vikas Marg,11,Tuesday,1,0,0,47481,194,53.6082,2.0052,14316.28
2024-08-27,Vikas Marg,12,Tuesday,1,0,0,45634,194,53.6082,2.0052,14316.28
2024-08-27,Vikas Marg,13,Tuesday,1,0,0,46451,194,53.6082,2.0052,14316.28
2024-08-27,Vikas Marg,14,Tuesday,1,0,0,44996,194,53.6082,2.0052,14316.28
2024-08-27,Vikas Marg,15,Tuesday,1,0,0,41941,194,53.6082,2.0052,14316.28
2024-08-27,Vikas Marg,16,Tuesday,1,0,0,41610,194,53.6082,2.0052,14316.28
2024-08-27,Vikas Marg,17,Tuesday,1,0,1,41255,194,53.6082,2.0052,14316.28
2024-08-27,Vikas Marg,18,Tuesday,1,0,1,46461,194,53.6082,2.0052,14316.28
2024-08-27,Vikas Marg,19,Tuesday,1,0,1,52078,194,53.6082,2.0052,14316.28
2024-08-27,Vikas Marg,20,Tuesday,1,0,1,47252,194,53.6082,2.0052,14316.28
2024-08-27,Vikas Marg,21,Tuesday,1,0,0,45141,194,53.6082,2.0052,14316.28
2024-08-27,Vikas Marg,22,Tuesday,1,0,0,40592,194,53.6082,2.0052,14316.28
2024-08-27,Vikas Marg,23,Tuesday,1,0,0,38034,194,53.6082,2.0052,14316.28
2024-08-27,Africa Avenue,0,Tuesday,1,0,0,9268,164,48.25,3.061,8464.09
2024-08-27,Africa Avenue,1,Tuesday,1,0,0,6319,164,48.25,3.061,8464.09
2024-08-27,Africa Avenue,2,Tuesday,1,0,0,3982,164,48.25,3.061,8464.09
2024-08-27,Africa Avenue,3,Tuesday,1,0,0,3779,164,48.25,3.061,8464.09
2024-08-27,Africa Avenue,4,Tuesday,1,0,0,4466,164,48.25,3.061,8464.09
2024-08-27,Africa Avenue,5,Tuesday,1,0,0,7184,164,48.25,3.061,8464.09
2024-08-27,Africa Avenue,6,Tuesday,1,0,0,11191,164,48.25,3.061,8464.09
2024-08-27,Africa Avenue,7,Tuesday,1,0,1,20876,164,48.25,3.061,8464.09
2024-08-27,Africa Avenue,8,Tuesday,1,0,1,39035,164,48.25,3.061,8464.09
2024-08-27,Africa Avenue,9,Tuesday,1,0,1,48349,164,48.25,3.061,8464.09
2024-08-27,Africa Avenue,10,Tuesday,1,0,0,50713,164,48.25,3.061,8464.09
2024-08-27,Africa Avenue,11,Tuesday,1,0,0,49259,164,48.25,3.061,8464.09
2024-08-27,Africa Avenue,12,Tuesday,1,0,0,46447,164,48.25,3.061,8464.09
2024-08-27,Africa Avenue,13,Tuesday,1,0,0,42477,164,48.25,3.061,8464.09
2024-08-27,Africa Avenue,14,Tuesday,1,0,0,46599,164,48.25,3.061,8464.09
2024-08-27,Africa Avenue,15,Tuesday,1,0,0,44618,164,48.25,3.061,8464.09
2024-08-27,Africa Avenue,16,Tuesday,1,0,0,46722,164,48.25,3.061,8464.09
2024-08-27,Africa Avenue,17,Tuesday,1,0,1,41811,164,48.25,3.061,8464.09
2024-08-27,Africa Avenue,18,Tuesday,1,0,1,38755,164,48.25,3.061,8464.09
2024-08-27,Africa Avenue,19,Tuesday,1,0,1,49240,164,48.25,3.061,8464.09
2024-08-27,Africa Avenue,20,Tuesday,1,0,1,43739,164,48.25,3.061,8464.09
2024-08-27,Africa Avenue,21,Tuesday,1,0,0,32831,164,48.25,3.061,8464.09
2024-08-27,Africa Avenue,22,Tuesday,1,0,0,22413,164,48.25,3.061,8464.09
2024-08-27,Africa Avenue,23,Tuesday,1,0,0,14176,164,48.25,3.061,8464.09
2024-08-27,Sardar Patel Marg,0,Tuesday,1,0,0,21986,153,52.8758,1.8954,9624.01
2024-08-27,Sardar Patel Marg,1,Tuesday,1,0,0,16761,153,52.8758,1.8954,9624.01
2024-08-27,Sardar Patel Marg,2,Tuesday,1,0,0,14275,153,52.8758,1.8954,9624.01
2024-08-27,Sardar Patel Marg,3,Tuesday,1,0,0,13764,153,52.8758,1.8954,9624.01
2024-08-27,Sardar Patel Marg,4,Tuesday,1,0,0,19013,153,52.8758,1.8954,9624.01
2024-08-27,Sardar Patel Marg,5,Tuesday,1,0,0,30111,153,52.8758,1.8954,9624.01
2024-08-27,Sardar Patel Marg,6,Tuesday,1,0,0,34728,153,52.8758,1.8954,9624.01
2024-08-27,Sardar Patel Marg,7,Tuesday,1,0,1,49377,153,52.8758,1.8954,9624.01
2024-08-27,Sardar Patel Marg,8,Tuesday,1,0,1,62048,153,52.8758,1.8954,9624.01
2024-08-27,Sardar Patel Marg,9,Tuesday,1,0,1,64770,153,52.8758,1.8954,9624.01
2024-08-27,Sardar Patel Marg,10,Tuesday,1,0,0,50024,153,52.8758,1.8954,9624.01
2024-08-27,Sardar Patel Marg,11,Tuesday,1,0,0,65794,153,52.8758,1.8954,9624.01
2024-08-27,Sardar Patel Marg,12,Tuesday,1,0,0,64418,153,52.8758,1.8954,9624.01
2024-08-27,Sardar Patel Marg,13,Tuesday,1,0,0,71342,153,52.8758,1.8954,9624.01
2024-08-27,Sardar Patel Marg,14,Tuesday,1,0,0,72852,153,52.8758,1.8954,9624.01
2024-08-27,Sardar Patel Marg,15,Tuesday,1,0,0,74427,153,52.8758,1.8954,9624.01
2024-08-27,Sardar Patel Marg,16,Tuesday,1,0,0,68912,153,52.8758,1.8954,9624.01
2024-08-27,Sardar Patel Marg,17,Tuesday,1,0,1,57587,153,52.8758,1.8954,9624.01
2024-08-27,Sardar Patel Marg,18,Tuesday,1,0,1,55929,153,52.8758,1.8954,9624.01
2024-08-27,Sardar Patel Marg,19,Tuesday,1,0,1,57175,153,52.8758,1.8954,9624.01
2024-08-27,Sardar Patel Marg,20,Tuesday,1,0,1,63684,153,52.8758,1.8954,9624.01
2024-08-27,Sardar Patel Marg,21,Tuesday,1,0,0,53623,153,52.8758,1.8954,9624.01
2024-08-27,Sardar Patel Marg,22,Tuesday,1,0,0,47314,153,52.8758,1.8954,9624.01
2024-08-27,Sardar Patel Marg,23,Tuesday,1,0,0,37520,153,52.8758,1.8954,9624.01
2024-08-27,Noida Link Road,0,Tuesday,1,0,0,12313,114,51.8421,2.3947,6981.29
2024-08-27,Noida Link Road,1,Tuesday,1,0,0,9086,114,51.8421,2.3947,6981.29
2024-08-27,Noida Link Road,2,Tuesday,1,0,0,8029,114,51.8421,2.3947,6981.29
2024-08-27,Noida Link Road,3,Tuesday,1,0,0,6079,114,51.8421,2.3947,6981.29
2024-08-27,Noida Link Road,4,Tuesday,1,0,0,5524,114,51.8421,2.3947,6981.29
2024-08-27,Noida Link Road,5,Tuesday,1,0,0,11603,114,51.8421,2.3947,6981.29
2024-08-27,Noida Link Road,6,Tuesday,1,0,0,16214,114,51.8421,2.3947,6981.29
2024-08-27,Noida Link Road,7,Tuesday,1,0,1,21813,114,51.8421,2.3947,6981.29
2024-08-27,Noida Link Road,8,Tuesday,1,0,1,42234,114,51.8421,2.3947,6981.29
2024-08-27,Noida Link Road,9,Tuesday,1,0,1,52609,114,51.8421,2.3947,6981.29
2024-08-27,Noida Link Road,10,Tuesday,1,0,0,47048,114,51.8421,2.3947,6981.29
2024-08-27,Noida Link Road,11,Tuesday,1,0,0,43908,114,51.8421,2.3947,6981.29
2024-08-27,Noida Link Road,12,Tuesday,1,0,0,41328,114,51.8421,2.3947,6981.29
2024-08-27,Noida Link Road,13,Tuesday,1,0,0,44277,114,51.8421,2.3947,6981.29
2024-08-27,Noida Link Road,14,Tuesday,1,0,0,42734,114,51.8421,2.3947,6981.29
2024-08-27,Noida Link Road,15,Tuesday,1,0,0,42095,114,51.8421,2.3947,6981.29
2024-08-27,Noida Link Road,16,Tuesday,1,0,0,41493,114,51.8421,2.3947,6981.29
2024-08-27,Noida Link Road,17,Tuesday,1,0,1,47663,114,51.8421,2.3947,6981.29
2024-08-27,Noida Link Road,18,Tuesday,1,0,1,50326,114,51.8421,2.3947,6981.29
2024-08-27,Noida Link Road,19,Tuesday,1,0,1,52055,114,51.8421,2.3947,6981.29
2024-08-27,Noida Link Road,20,Tuesday,1,0,1,41454,114,51.8421,2.3947,6981.29
2024-08-27,Noida Link Road,21,Tuesday,1,0,0,35122,114,51.8421,2.3947,6981.29
2024-08-27,Noida Link Road,22,Tuesday,1,0,0,28828,114,51.8421,2.3947,6981.29
2024-08-27,Noida Link Road,23,Tuesday,1,0,0,20149,114,51.8421,2.3947,6981.29
2024-08-28,Mahatma Gandhi Marg,0,Wednesday,2,0,0,196573,1052,52.443,1.5722,62245.45
2024-08-28,Mahatma Gandhi Marg,1,Wednesday,2,0,0,139218,1052,52.443,1.5722,62245.45
2024-08-28,Mahatma Gandhi Marg,2,Wednesday,2,0,0,91094,1052,52.443,1.5722,62245.45
2024-08-28,Mahatma Gandhi Marg,3,Wednesday,2,0,0,85842,1052,52.443,1.5722,62245.45
2024-08-28,Mahatma Gandhi Marg,4,Wednesday,2,0,0,108153,1052,52.443,1.5722,62245.45
2024-08-28,Mahatma Gandhi Marg,5,Wednesday,2,0,0,145264,1052,52.443,1.5722,62245.45
2024-08-28,Mahatma Gandhi Marg,6,Wednesday,2,0,0,214044,1052,52.443,1.5722,62245.45
2024-08-28,Mahatma Gandhi Marg,7,Wednesday,2,0,1,332600,1052,52.443,1.5722,62245.45
2024-08-28,Mahatma Gandhi Marg,8,Wednesday,2,0,1,518227,1052,52.443,1.5722,62245.45
2024-08-28,Mahatma Gandhi Marg,9,Wednesday,2,0,1,556241,1052,52.443,1.5722,62245.45
2024-08-28,Mahatma Gandhi Marg,10,Wednesday,2,0,0,583892,1052,52.443,1.5722,62245.45
2024-08-28,Mahatma Gandhi Marg,11,Wednesday,2,0,0,481901,1052,52.443,1.5722,62245.45
2024-08-28,Mahatma Gandhi Marg,12,Wednesday,2,0,0,484539,1052,52.443,1.5722,62245.45
2024-08-28,Mahatma Gandhi Marg,13,Wednesday,2,0,0,499978,1052,52.443,1.5722,62245.45
2024-08-28,Mahatma Gandhi Marg,14,Wednesday,2,0,0,490527,1052,52.443,1.5722,62245.45
2024-08-28,Mahatma Gandhi Marg,15,Wednesday,2,0,0,473878,1052,52.443,1.5722,62245.45
2024-08-28,Mahatma Gandhi Marg,16,Wednesday,2,0,0,514639,1052,52.443,1.5722,62245.45
2024-08-28,Mahatma Gandhi Marg,17,Wednesday,2,0,1,523136,1052,52.443,1.5722,62245.45
2024-08-28,Mahatma Gandhi Marg,18,Wednesday,2,0,1,487785,1052,52.443,1.5722,62245.45
2024-08-28,Mahatma Gandhi Marg,19,Wednesday,2,0,1,478291,1052,52.443,1.5722,62245.45
2024-08-28,Mahatma Gandhi Marg,20,Wednesday,2,0,1,506362,1052,52.443,1.5722,62245.45
2024-08-28,Mahatma Gandhi Marg,21,Wednesday,2,0,0,499635,1052,52.443,1.5722,62245.45
2024-08-28,Mahatma Gandhi Marg,22,Wednesday,2,0,0,410383,1052,52.443,1.5722,62245.45
2024-08-28,Mahatma Gandhi Marg,23,Wednesday,2,0,0,294249,1052,52.443,1.5722,62245.45
2024-08-28,Mathura Road,0,Wednesday,2,0,0,75520,759,49.1331,1.9763,50900.63
2024-08-28,Mathura Road,1,Wednesday,2,0,0,49856,759,49.1331,1.9763,50900.63
2024-08-28,Mathura Road,2,Wednesday,2,0,0,25171,759,49.1331,1.9763,50900.63
2024-08-28,Mathura Road,3,Wednesday,2,0,0,21632,759,49.1331,1.9763,50900.63
2024-08-28,Mathura Road,4,Wednesday,2,0,0,38956,759,49.1331,1.9763,50900.63
2024-08-28,Mathura Road,5,Wednesday,2,0,0,58693,759,49.1331,1.9763,50900.63
2024-08-28,Mathura Road,6,Wednesday,2,0,0,74368,759,49.1331,1.9763,50900.63
2024-08-28,Mathura Road,7,Wednesday,2,0,1,100678,759,49.1331,1.9763,50900.63
2024-08-28,Mathura Road,8,Wednesday,2,0,1,178699,759,49.1331,1.9763,50900.63
2024-08-28,Mathura Road,9,Wednesday,2,0,1,218734,759,49.1331,1.9763,50900.63
2024-08-28,Mathura Road,10,Wednesday,2,0,0,237448,759,49.1331,1.9763,50900.63
2024-08-28,Mathura Road,11,Wednesday,2,0,0,210246,759,49.1331,1.9763,50900.63
2024-08-28,Mathura Road,12,Wednesday,2,0,0,196489,759,49.1331,1.9763,50900.63
2024-08-28,Mathura Road,13,Wednesday,2,0,0,174603,759,49.1331,1.9763,50900.63
2024-08-28,Mathura Road,14,Wednesday,2,0,0,184249,759,49.1331,1.9763,50900.63
2024-08-28,Mathura Road,15,Wednesday,2,0,0,195383,759,49.1331,1.9763,50900.63
2024-08-28,Mathura Road,16,Wednesday,2,0,0,195641,759,49.1331,1.9763,50900.63
2024-08-28,Mathura Road,17,Wednesday,2,0,1,186267,759,49.1331,1.9763,50900.63
2024-08-28,Mathura Road,18,Wednesday,2,0,1,201951,759,49.1331,1.9763,50900.63
2024-08-28,Mathura Road,19,Wednesday,2,0,1,204517,759,49.1331,1.9763,50900.63
2024-08-28,Mathura Road,20,Wednesday,2,0,1,188958,759,49.1331,1.9763,50900.63
2024-08-28,Mathura Road,21,Wednesday,2,0,0,167026,759,49.1331,1.9763,50900.63
2024-08-28,Mathura Road,22,Wednesday,2,0,0,146696,759,49.1331,1.9763,50900.63
2024-08-28,Mathura Road,23,Wednesday,2,0,0,122515,759,49.1331,1.9763,50900.63
2024-08-28,Outer Ring Road,0,Wednesday,2,0,0,136808,712,46.8048,2.4593,43347.7
2024-08-28,Outer Ring Road,1,Wednesday,2,0,0,96445,712,46.8048,2.4593,43347.7
2024-08-28,Outer Ring Road,2,Wednesday,2,0,0,55396,712,46.8048,2.4593,43347.7
2024-08-28,Outer Ring Road,3,Wednesday,2,0,0,52820,712,46.8048,2.4593,43347.7
2024-08-28,Outer Ring Road,4,Wednesday,2,0,0,67851,712,46.8048,2.4593,43347.7
2024-08-28,Outer Ring Road,5,Wednesday,2,0,0,80935,712,46.8048,2.4593,43347.7
2024-08-28,Outer Ring Road,6,Wednesday,2,0,0,110113,712,46.8048,2.4593,43347.7
2024-08-28,Outer Ring Road,7,Wednesday,2,0,1,187337,712,46.8048,2.4593,43347.7
2024-08-28,Outer Ring Road,8,Wednesday,2,0,1,301874,712,46.8048,2.4593,43347.7
2024-08-28,Outer Ring Road,9,Wednesday,2,0,1,350060,712,46.8048,2.4593,43347.7
2024-08-28,Outer Ring Road,10,Wednesday,2,0,0,359699,712,46.8048,2.4593,43347.7
2024-08-28,Outer Ring Road,11,Wednesday,2,0,0,348681,712,46.8048,2.4593,43347.7
2024-08-28,Outer Ring Road,12,Wednesday,2,0,0,289880,712,46.8048,2.4593,43347.7
2024-08-28,Outer Ring Road,13,Wednesday,2,0,0,300027,712,46.8048,2.4593,43347.7
2024-08-28,Outer Ring Road,14,Wednesday,2,0,0,285861,712,46.8048,2.4593,43347.7
2024-08-28,Outer Ring Road,15,Wednesday,2,0,0,317326,712,46.8048,2.4593,43347.7
2024-08-28,Outer Ring Road,16,Wednesday,2,0,0,323708,712,46.8048,2.4593,43347.7
2024-08-28,Outer Ring Road,17,Wednesday,2,0,1,329105,712,46.8048,2.4593,43347.7
2024-08-28,Outer Ring Road,18,Wednesday,2,0,1,294607,712,46.8048,2.4593,43347.7
2024-08-28,Outer Ring Road,19,Wednesday,2,0,1,281518,712,46.8048,2.4593,43347.7
2024-08-28,Outer Ring Road,20,Wednesday,2,0,1,285899,712,46.8048,2.4593,43347.7
2024-08-28,Outer Ring Road,21,Wednesday,2,0,0,316793,712,46.8048,2.4593,43347.7
2024-08-28,Outer Ring Road,22,Wednesday,2,0,0,249804,712,46.8048,2.4593,43347.7
2024-08-28,Outer Ring Road,23,Wednesday,2,0,0,211028,712,46.8048,2.4593,43347.7
2024-08-28,Aurobindo Marg,0,Wednesday,2,0,0,57378,378,49.709,1.8783,17962.91
2024-08-28,Aurobindo Marg,1,Wednesday,2,0,0,41424,378,49.709,1.8783,17962.91
2024-08-28,Aurobindo Marg,2,Wednesday,2,0,0,23833,378,49.709,1.8783,17962.91
2024-08-28,Aurobindo Marg,3,Wednesday,2,0,0,18371,378,49.709,1.8783,17962.91
2024-08-28,Aurobindo Marg,4,Wednesday,2,0,0,23211,378,49.709,1.8783,17962.91
2024-08-28,Aurobindo Marg,5,Wednesday,2,0,0,35936,378,49.709,1.8783,17962.91
2024-08-28,Aurobindo Marg,6,Wednesday,2,0,0,40715,378,49.709,1.8783,17962.91
2024-08-28,Aurobindo Marg,7,Wednesday,2,0,1,79442,378,49.709,1.8783,17962.91
2024-08-28,Aurobindo Marg,8,Wednesday,2,0,1,129539,378,49.709,1.8783,17962.91
2024-08-28,Aurobindo Marg,9,Wednesday,2,0,1,162367,378,49.709,1.8783,17962.91
2024-08-28,Aurobindo Marg,10,Wednesday,2,0,0,170488,378,49.709,1.8783,17962.91
2024-08-28,Aurobindo Marg,11,Wednesday,2,0,0,155177,378,49.709,1.8783,17962.91
2024-08-28,Aurobindo Marg,12,Wednesday,2,0,0,141703,378,49.709,1.8783,17962.91
2024-08-28,Aurobindo Marg,13,Wednesday,2,0,0,150410,378,49.709,1.8783,17962.91
2024-08-28,Aurobindo Marg,14,Wednesday,2,0,0,158995,378,49.709,1.8783,17962.91
2024-08-28,Aurobindo Marg,15,Wednesday,2,0,0,151563,378,49.709,1.8783,17962.91
2024-08-28,Aurobindo Marg,16,Wednesday,2,0,0,153201,378,49.709,1.8783,17962.91
2024-08-28,Aurobindo Marg,17,Wednesday,2,0,1,153067,378,49.709,1.8783,17962.91
2024-08-28,Aurobindo Marg,18,Wednesday,2,0,1,147405,378,49.709,1.8783,17962.91
2024-08-28,Aurobindo Marg,19,Wednesday,2,0,1,153672,378,49.709,1.8783,17962.91
2024-08-28,Aurobindo Marg,20,Wednesday,2,0,1,136857,378,49.709,1.8783,17962.91
2024-08-28,Aurobindo Marg,21,Wednesday,2,0,0,134064,378,49.709,1.8783,17962.91
2024-08-28,Aurobindo Marg,22,Wednesday,2,0,0,126630,378,49.709,1.8783,17962.91
2024-08-28,Aurobindo Marg,23,Wednesday,2,0,0,111003,378,49.709,1.8783,17962.91
2024-08-28,Mehrauli Badarpur Road,0,Wednesday,2,0,0,24997,370,49.5622,2.0081,24206.35
2024-08-28,Mehrauli Badarpur Road,1,Wednesday,2,0,0,15952,370,49.5622,2.0081,24206.35
2024-08-28,Mehrauli Badarpur Road,2,Wednesday,2,0,0,10345,370,49.5622,2.0081,24206.35
2024-08-28,Mehrauli Badarpur Road,3,Wednesday,2,0,0,8117,370,49.5622,2.0081,24206.35
2024-08-28,Mehrauli Badarpur Road,4,Wednesday,2,0,0,8755,370,49.5622,2.0081,24206.35
2024-08-28,Mehrauli Badarpur Road,5,Wednesday,2,0,0,10020,370,49.5622,2.0081,24206.35
2024-08-28,Mehrauli Badarpur Road,6,Wednesday,2,0,0,13442,370,49.5622,2.0081,24206.35
2024-08-28,Mehrauli Badarpur Road,7,Wednesday,2,0,1,21941,370,49.5622,2.0081,24206.35
2024-08-28,Mehrauli Badarpur Road,8,Wednesday,2,0,1,35355,370,49.5622,2.0081,24206.35
2024-08-28,Mehrauli Badarpur Road,9,Wednesday,2,0,1,40160,370,49.5622,2.0081,24206.35
2024-08-28,Mehrauli Badarpur Road,10,Wednesday,2,0,0,47618,370,49.5622,2.0081,24206.35
2024-08-28,Mehrauli Badarpur Road,11,Wednesday,2,0,0,50091,370,49.5622,2.0081,24206.35
2024-08-28,Mehrauli Badarpur Road,12,Wednesday,2,0,0,49823,370,49.5622,2.0081,24206.35
2024-08-28,Mehrauli Badarpur Road,13,Wednesday,2,0,0,56066,370,49.5622,2.0081,24206.35
2024-08-28,Mehrauli Badarpur Road,14,Wednesday,2,0,0,54475,370,49.5622,2.0081,24206.35
2024-08-28,Mehrauli Badarpur Road,15,Wednesday,2,0,0,54490,370,49.5622,2.0081,24206.35
2024-08-28,Mehrauli Badarpur Road,16,Wednesday,2,0,0,60805,370,49.5622,2.0081,24206.35
2024-08-28,Mehrauli Badarpur Road,17,Wednesday,2,0,1,50977,370,49.5622,2.0081,24206.35
2024-08-28,Mehrauli Badarpur Road,18,Wednesday,2,0,1,41557,370,49.5622,2.0081,24206.35
2024-08-28,Mehrauli Badarpur Road,19,Wednesday,2,0,1,30066,370,49.5622,2.0081,24206.35
2024-08-28,Mehrauli Badarpur Road,20,Wednesday,2,0,1,33067,370,49.5622,2.0081,24206.35
2024-08-28,Mehrauli Badarpur Road,21,Wednesday,2,0,0,46283,370,49.5622,2.0081,24206.35
2024-08-28,Mehrauli Badarpur Road,22,Wednesday,2,0,0,48749,370,49.5622,2.0081,24206.35
2024-08-28,Mehrauli Badarpur Road,23,Wednesday,2,0,0,44723,370,49.5622,2.0081,24206.35
2024-08-28,Barapullah Road,0,Wednesday,2,0,0,32297,218,45.2661,1.3761,16478.62
2024-08-28,Barapullah Road,1,Wednesday,2,0,0,20867,218,45.2661,1.3761,16478.62
2024-08-28,Barapullah Road,2,Wednesday,2,0,0,10904,218,45.2661,1.3761,16478.62
2024-08-28,Barapullah Road,3,Wednesday,2,0,0,12920,218,45.2661,1.3761,16478.62
2024-08-28,Barapullah Road,4,Wednesday,2,0,0,16242,218,45.2661,1.3761,16478.62
2024-08-28,Barapullah Road,5,Wednesday,2,0,0,23280,218,45.2661,1.3761,16478.62
2024-08-28,Barapullah Road,6,Wednesday,2,0,0,25208,218,45.2661,1.3761,16478.62
2024-08-28,Barapullah Road,7,Wednesday,2,0,1,58558,218,45.2661,1.3761,16478.62
2024-08-28,Barapullah Road,8,Wednesday,2,0,1,78397,218,45.2661,1.3761,16478.62
2024-08-28,Barapullah Road,9,Wednesday,2,0,1,96824,218,45.2661,1.3761,16478.62
2024-08-28,Barapullah Road,10,Wednesday,2,0,0,115211,218,45.2661,1.3761,16478.62
2024-08-28,Barapullah Road,11,Wednesday,2,0,0,116938,218,45.2661,1.3761,16478.62
2024-08-28,Barapullah Road,12,Wednesday,2,0,0,115044,218,45.2661,1.3761,16478.62
2024-08-28,Barapullah Road,13,Wednesday,2,0,0,104920,218,45.2661,1.3761,16478.62
2024-08-28,Barapullah Road,14,Wednesday,2,0,0,97679,218,45.2661,1.3761,16478.62
2024-08-28,Barapullah Road,15,Wednesday,2,0,0,80388,218,45.2661,1.3761,16478.62
2024-08-28,Barapullah Road,16,Wednesday,2,0,0,82095,218,45.2661,1.3761,16478.62
2024-08-28,Barapullah Road,17,Wednesday,2,0,1,112451,218,45.2661,1.3761,16478.62
2024-08-28,Barapullah Road,18,Wednesday,2,0,1,93629,218,45.2661,1.3761,16478.62
2024-08-28,Barapullah Road,19,Wednesday,2,0,1,84912,218,45.2661,1.3761,16478.62
2024-08-28,Barapullah Road,20,Wednesday,2,0,1,78766,218,45.2661,1.3761,16478.62
2024-08-28,Barapullah Road,21,Wednesday,2,0,0,69036,218,45.2661,1.3761,16478.62
2024-08-28,Barapullah Road,22,Wednesday,2,0,0,58757,218,45.2661,1.3761,16478.62
2024-08-28,Barapullah Road,23,Wednesday,2,0,0,44404,218,45.2661,1.3761,16478.62
2024-08-28,Vikas Marg,0,Wednesday,2,0,0,30596,194,53.6082,2.0052,14316.28
2024-08-28,Vikas Marg,1,Wednesday,2,0,0,18981,194,53.6082,2.0052,14316.28
2024-08-28,Vikas Marg,2,Wednesday,2,0,0,10946,194,53.6082,2.0052,14316.28
2024-08-28,Vikas Marg,3,Wednesday,2,0,0,9153,194,53.6082,2.0052,14316.28
2024-08-28,Vikas Marg,4,Wednesday,2,0,0,13693,194,53.6082,2.0052,14316.28
2024-08-28,Vikas Marg,5,Wednesday,2,0,0,20821,194,53.6082,2.0052,14316.28
2024-08-28,Vikas Marg,6,Wednesday,2,0,0,23784,194,53.6082,2.0052,14316.28
2024-08-28,Vikas Marg,7,Wednesday,2,0,1,26297,194,53.6082,2.0052,14316.28
2024-08-28,Vikas Marg,8,Wednesday,2,0,1,41703,194,53.6082,2.0052,14316.28
2024-08-28,Vikas Marg,9,Wednesday,2,0,1,46455,194,53.6082,2.0052,14316.28
2024-08-28,Vikas Marg,10,Wednesday,2,0,0,46097,194,53.6082,2.0052,14316.28
2024-08-28,Vikas Marg,11,Wednesday,2,0,0,48675,194,53.6082,2.0052,14316.28
2024-08-28,Vikas Marg,12,Wednesday,2,0,0,48198,194,53.6082,2.0052,14316.28
2024-08-28,Vikas Marg,13,Wednesday,2,0,0,48451,194,53.6082,2.0052,14316.28
2024-08-28,Vikas Marg,14,Wednesday,2,0,0,43329,194,53.6082,2.0052,14316.28
2024-08-28,Vikas Marg,15,Wednesday,2,0,0,47116,194,53.6082,2.0052,14316.28
2024-08-28,Vikas Marg,16,Wednesday,2,0,0,48271,194,53.6082,2.0052,14316.28
2024-08-28,Vikas Marg,17,Wednesday,2,0,1,41480,194,53.6082,2.0052,14316.28
2024-08-28,Vikas Marg,18,Wednesday,2,0,1,46235,194,53.6082,2.0052,14316.28
2024-08-28,Vikas Marg,19,Wednesday,2,0,1,48900,194,53.6082,2.0052,14316.28
2024-08-28,Vikas Marg,20,Wednesday,2,0,1,45930,194,53.6082,2.0052,14316.28
2024-08-28,Vikas Marg,21,Wednesday,2,0,0,44558,194,53.6082,2.0052,14316.28
2024-08-28,Vikas Marg,22,Wednesday,2,0,0,42967,194,53.6082,2.0052,14316.28
2024-08-28,Vikas Marg,23,Wednesday,2,0,0,41838,194,53.6082,2.0052,14316.28
2024-08-28,Africa Avenue,0,Wednesday,2,0,0,9839,164,48.25,3.061,8464.09
2024-08-28,Africa Avenue,1,Wednesday,2,0,0,7315,164,48.25,3.061,8464.09
2024-08-28,Africa Avenue,2,Wednesday,2,0,0,4383,164,48.25,3.061,8464.09
2024-08-28,Africa Avenue,3,Wednesday,2,0,0,3824,164,48.25,3.061,8464.09
2024-08-28,Africa Avenue,4,Wednesday,2,0,0,4958,164,48.25,3.061,8464.09
2024-08-28,Africa Avenue,5,Wednesday,2,0,0,6323,164,48.25,3.061,8464.09
2024-08-28,Africa Avenue,6,Wednesday,2,0,0,10451,164,48.25,3.061,8464.09
2024-08-28,Africa Avenue,7,Wednesday,2,0,1,21212,164,48.25,3.061,8464.09
2024-08-28,Africa Avenue,8,Wednesday,2,0,1,37764,164,48.25,3.061,8464.09
2024-08-28,Africa Avenue,9,Wednesday,2,0,1,48351,164,48.25,3.061,8464.09
2024-08-28,Africa Avenue,10,Wednesday,2,0,0,49377,164,48.25,3.061,8464.09
2024-08-28,Africa Avenue,11,Wednesday,2,0,0,48583,164,48.25,3.061,8464.09
2024-08-28,Africa Avenue,12,Wednesday,2,0,0,49561,164,48.25,3.061,8464.09
2024-08-28,Africa Avenue,13,Wednesday,2,0,0,48955,164,48.25,3.061,8464.09
2024-08-28,Africa Avenue,14,Wednesday,2,0,0,48278,164,48.25,3.061,8464.09
2024-08-28,Africa Avenue,15,Wednesday,2,0,0,43877,164,48.25,3.061,8464.09
2024-08-28,Africa Avenue,16,Wednesday,2,0,0,46108,164,48.25,3.061,8464.09
2024-08-28,Africa Avenue,17,Wednesday,2,0,1,46265,164,48.25,3.061,8464.09
2024-08-28,Africa Avenue,18,Wednesday,2,0,1,44182,164,48.25,3.061,8464.09
2024-08-28,Africa Avenue,19,Wednesday,2,0,1,40960,164,48.25,3.061,8464.09
2024-08-28,Africa Avenue,20,Wednesday,2,0,1,46064,164,48.25,3.061,8464.09
2024-08-28,Africa Avenue,21,Wednesday,2,0,0,40990,164,48.25,3.061,8464.09
2024-08-28,Africa Avenue,22,Wednesday,2,0,0,28419,164,48.25,3.061,8464.09
2024-08-28,Africa Avenue,23,Wednesday,2,0,0,21112,164,48.25,3.061,8464.09
2024-08-28,Sardar Patel Marg,0,Wednesday,2,0,0,28311,153,52.8758,1.8954,9624.01
2024-08-28,Sardar Patel Marg,1,Wednesday,2,0,0,16954,153,52.8758,1.8954,9624.01
2024-08-28,Sardar Patel Marg,2,Wednesday,2,0,0,10508,153,52.8758,1.8954,9624.01
2024-08-28,Sardar Patel Marg,3,Wednesday,2,0,0,11970,153,52.8758,1.8954,9624.01
2024-08-28,Sardar Patel Marg,4,Wednesday,2,0,0,17118,153,52.8758,1.8954,9624.01
2024-08-28,Sardar Patel Marg,5,Wednesday,2,0,0,28059,153,52.8758,1.8954,9624.01
2024-08-28,Sardar Patel Marg,6,Wednesday,2,0,0,33739,153,52.8758,1.8954,9624.01
2024-08-28,Sardar Patel Marg,7,Wednesday,2,0,1,48503,153,52.8758,1.8954,9624.01
2024-08-28,Sardar Patel Marg,8,Wednesday,2,0,1,58917,153,52.8758,1.8954,9624.01
2024-08-28,Sardar Patel Marg,9,Wednesday,2,0,1,64594,153,52.8758,1.8954,9624.01
2024-08-28,Sardar Patel Marg,10,Wednesday,2,0,0,64412,153,52.8758,1.8954,9624.01
2024-08-28,Sardar Patel Marg,11,Wednesday,2,0,0,67370,153,52.8758,1.8954,9624.01
2024-08-28,Sardar Patel Marg,12,Wednesday,2,0,0,70266,153,52.8758,1.8954,9624.01
2024-08-28,Sardar Patel Marg,13,Wednesday,2,0,0,63517,153,52.8758,1.8954,9624.01
2024-08-28,Sardar Patel Marg,14,Wednesday,2,0,0,67333,153,52.8758,1.8954,9624.01
2024-08-28,Sardar Patel Marg,15,Wednesday,2,0,0,69134,153,52.8758,1.8954,9624.01
2024-08-28,Sardar Patel Marg,16,Wednesday,2,0,0,65134,153,52.8758,1.8954,9624.01
2024-08-28,Sardar Patel Marg,17,Wednesday,2,0,1,54945,153,52.8758,1.8954,9624.01
2024-08-28,Sardar Patel Marg,18,Wednesday,2,0,1,53042,153,52.8758,1.8954,9624.01
2024-08-28,Sardar Patel Marg,19,Wednesday,2,0,1,51519,153,52.8758,1.8954,9624.01
2024-08-28,Sardar Patel Marg,20,Wednesday,2,0,1,50425,153,52.8758,1.8954,9624.01
2024-08-28,Sardar Patel Marg,21,Wednesday,2,0,0,50330,153,52.8758,1.8954,9624.01
2024-08-28,Sardar Patel Marg,22,Wednesday,2,0,0,46689,153,52.8758,1.8954,9624.01
2024-08-28,Sardar Patel Marg,23,Wednesday,2,0,0,40433,153,52.8758,1.8954,9624.01
2024-08-28,Noida Link Road,0,Wednesday,2,0,0,15799,114,51.8421,2.3947,6981.29
2024-08-28,Noida Link Road,1,Wednesday,2,0,0,10034,114,51.8421,2.3947,6981.29
2024-08-28,Noida Link Road,2,Wednesday,2,0,0,5737,114,51.8421,2.3947,6981.29
2024-08-28,Noida Link Road,3,Wednesday,2,0,0,7349,114,51.8421,2.3947,6981.29
2024-08-28,Noida Link Road,4,Wednesday,2,0,0,7384,114,51.8421,2.3947,6981.29
2024-08-28,Noida Link Road,5,Wednesday,2,0,0,11876,114,51.8421,2.3947,6981.29
2024-08-28,Noida Link Road,6,Wednesday,2,0,0,14522,114,51.8421,2.3947,6981.29
2024-08-28,Noida Link Road,7,Wednesday,2,0,1,19821,114,51.8421,2.3947,6981.29
2024-08-28,Noida Link Road,8,Wednesday,2,0,1,38185,114,51.8421,2.3947,6981.29
2024-08-28,Noida Link Road,9,Wednesday,2,0,1,50899,114,51.8421,2.3947,6981.29
2024-08-28,Noida Link Road,10,Wednesday,2,0,0,50581,114,51.8421,2.3947,6981.29
2024-08-28,Noida Link Road,11,Wednesday,2,0,0,43977,114,51.8421,2.3947,6981.29
2024-08-28,Noida Link Road,12,Wednesday,2,0,0,43825,114,51.8421,2.3947,6981.29
2024-08-28,Noida Link Road,13,Wednesday,2,0,0,45131,114,51.8421,2.3947,6981.29
2024-08-28,Noida Link Road,14,Wednesday,2,0,0,43783,114,51.8421,2.3947,6981.29
2024-08-28,Noida Link Road,15,Wednesday,2,0,0,44784,114,51.8421,2.3947,6981.29
2024-08-28,Noida Link Road,16,Wednesday,2,0,0,46889,114,51.8421,2.3947,6981.29
2024-08-28,Noida Link Road,17,Wednesday,2,0,1,46469,114,51.8421,2.3947,6981.29
2024-08-28,Noida Link Road,18,Wednesday,2,0,1,50016,114,51.8421,2.3947,6981.29
2024-08-28,Noida Link Road,19,Wednesday,2,0,1,48508,114,51.8421,2.3947,6981.29
2024-08-28,Noida Link Road,20,Wednesday,2,0,1,49286,114,51.8421,2.3947,6981.29
2024-08-28,Noida Link Road,21,Wednesday,2,0,0,36248,114,51.8421,2.3947,6981.29
2024-08-28,Noida Link Road,22,Wednesday,2,0,0,29940,114,51.8421,2.3947,6981.29
2024-08-28,Noida Link Road,23,Wednesday,2,0,0,23316,114,51.8421,2.3947,6981.29
2024-08-29,Mahatma Gandhi Marg,0,Thursday,3,0,0,222862,1052,52.443,1.5722,62245.45
2024-08-29,Mahatma Gandhi Marg,1,Thursday,3,0,0,163530,1052,52.443,1.5722,62245.45
2024-08-29,Mahatma Gandhi Marg,2,Thursday,3,0,0,103894,1052,52.443,1.5722,62245.45
2024-08-29,Mahatma Gandhi Marg,3,Thursday,3,0,0,79171,1052,52.443,1.5722,62245.45
2024-08-29,Mahatma Gandhi Marg,4,Thursday,3,0,0,100238,1052,52.443,1.5722,62245.45
2024-08-29,Mahatma Gandhi Marg,5,Thursday,3,0,0,120521,1052,52.443,1.5722,62245.45
2024-08-29,Mahatma Gandhi Marg,6,Thursday,3,0,0,171411,1052,52.443,1.5722,62245.45
2024-08-29,Mahatma Gandhi Marg,7,Thursday,3,0,1,288179,1052,52.443,1.5722,62245.45
2024-08-29,Mahatma Gandhi Marg,8,Thursday,3,0,1,456056,1052,52.443,1.5722,62245.45
2024-08-29,Mahatma Gandhi Marg,9,Thursday,3,0,1,401653,1052,52.443,1.5722,62245.45
2024-08-29,Mahatma Gandhi Marg,10,Thursday,3,0,0,454499,1052,52.443,1.5722,62245.45
2024-08-29,Mahatma Gandhi Marg,11,Thursday,3,0,0,463607,1052,52.443,1.5722,62245.45
2024-08-29,Mahatma Gandhi Marg,12,Thursday,3,0,0,427607,1052,52.443,1.5722,62245.45
2024-08-29,Mahatma Gandhi Marg,13,Thursday,3,0,0,460479,1052,52.443,1.5722,62245.45
2024-08-29,Mahatma Gandhi Marg,14,Thursday,3,0,0,440667,1052,52.443,1.5722,62245.45
2024-08-29,Mahatma Gandhi Marg,15,Thursday,3,0,0,464280,1052,52.443,1.5722,62245.45
2024-08-29,Mahatma Gandhi Marg,16,Thursday,3,0,0,496506,1052,52.443,1.5722,62245.45
2024-08-29,Mahatma Gandhi Marg,17,Thursday,3,0,1,508093,1052,52.443,1.5722,62245.45
2024-08-29,Mahatma Gandhi Marg,18,Thursday,3,0,1,519992,1052,52.443,1.5722,62245.45
2024-08-29,Mahatma Gandhi Marg,19,Thursday,3,0,1,492956,1052,52.443,1.5722,62245.45
2024-08-29,Mahatma Gandhi Marg,20,Thursday,3,0,1,499920,1052,52.443,1.5722,62245.45
2024-08-29,Mahatma Gandhi Marg,21,Thursday,3,0,0,472258,1052,52.443,1.5722,62245.45
2024-08-29,Mahatma Gandhi Marg,22,Thursday,3,0,0,392517,1052,52.443,1.5722,62245.45
2024-08-29,Mahatma Gandhi Marg,23,Thursday,3,0,0,292869,1052,52.443,1.5722,62245.45
2024-08-29,Mathura Road,0,Thursday,3,0,0,84313,759,49.1331,1.9763,50900.63
2024-08-29,Mathura Road,1,Thursday,3,0,0,52216,759,49.1331,1.9763,50900.63
2024-08-29,Mathura Road,2,Thursday,3,0,0,29550,759,49.1331,1.9763,50900.63
2024-08-29,Mathura Road,3,Thursday,3,0,0,23959,759,49.1331,1.9763,50900.63
2024-08-29,Mathura Road,4,Thursday,3,0,0,35637,759,49.1331,1.9763,50900.63
2024-08-29,Mathura Road,5,Thursday,3,0,0,46781,759,49.1331,1.9763,50900.63
2024-08-29,Mathura Road,6,Thursday,3,0,0,60795,759,49.1331,1.9763,50900.63
2024-08-29,Mathura Road,7,Thursday,3,0,1,95262,759,49.1331,1.9763,50900.63
2024-08-29,Mathura Road,8,Thursday,3,0,1,153870,759,49.1331,1.9763,50900.63
2024-08-29,Mathura Road,9,Thursday,3,0,1,173222,759,49.1331,1.9763,50900.63
2024-08-29,Mathura Road,10,Thursday,3,0,0,203303,759,49.1331,1.9763,50900.63
2024-08-29,Mathura Road,11,Thursday,3,0,0,207047,759,49.1331,1.9763,50900.63
2024-08-29,Mathura Road,12,Thursday,3,0,0,192552,759,49.1331,1.9763,50900.63
2024-08-29,Mathura Road,13,Thursday,3,0,0,181007,759,49.1331,1.9763,50900.63
2024-08-29,Mathura Road,14,Thursday,3,0,0,180122,759,49.1331,1.9763,50900.63
2024-08-29,Mathura Road,15,Thursday,3,0,0,196142,759,49.1331,1.9763,50900.63
2024-08-29,Mathura Road,16,Thursday,3,0,0,203694,759,49.1331,1.9763,50900.63
2024-08-29,Mathura Road,17,Thursday,3,0,1,208295,759,49.1331,1.9763,50900.63
2024-08-29,Mathura Road,18,Thursday,3,0,1,210047,759,49.1331,1.9763,50900.63
2024-08-29,Mathura Road,19,Thursday,3,0,1,201607,759,49.1331,1.9763,50900.63
2024-08-29,Mathura Road,20,Thursday,3,0,1,187144,759,49.1331,1.9763,50900.63
2024-08-29,Mathura Road,21,Thursday,3,0,0,165931,759,49.1331,1.9763,50900.63
2024-08-29,Mathura Road,22,Thursday,3,0,0,138084,759,49.1331,1.9763,50900.63
2024-08-29,Mathura Road,23,Thursday,3,0,0,111691,759,49.1331,1.9763,50900.63
2024-08-29,Outer Ring Road,0,Thursday,3,0,0,161459,712,46.8048,2.4593,43347.7
2024-08-29,Outer Ring Road,1,Thursday,3,0,0,113603,712,46.8048,2.4593,43347.7
2024-08-29,Outer Ring Road,2,Thursday,3,0,0,62791,712,46.8048,2.4593,43347.7
2024-08-29,Outer Ring Road,3,Thursday,3,0,0,62167,712,46.8048,2.4593,43347.7
2024-08-29,Outer Ring Road,4,Thursday,3,0,0,68541,712,46.8048,2.4593,43347.7
2024-08-29,Outer Ring Road,5,Thursday,3,0,0,81755,712,46.8048,2.4593,43347.7
2024-08-29,Outer Ring Road,6,Thursday,3,0,0,107110,712,46.8048,2.4593,43347.7
2024-08-29,Outer Ring Road,7,Thursday,3,0,1,179866,712,46.8048,2.4593,43347.7
2024-08-29,Outer Ring Road,8,Thursday,3,0,1,295981,712,46.8048,2.4593,43347.7
2024-08-29,Outer Ring Road,9,Thursday,3,0,1,294800,712,46.8048,2.4593,43347.7
2024-08-29,Outer Ring Road,10,Thursday,3,0,0,321001,712,46.8048,2.4593,43347.7
2024-08-29,Outer Ring Road,11,Thursday,3,0,0,327497,712,46.8048,2.4593,43347.7
2024-08-29,Outer Ring Road,12,Thursday,3,0,0,297747,712,46.8048,2.4593,43347.7
2024-08-29,Outer Ring Road,13,Thursday,3,0,0,308044,712,46.8048,2.4593,43347.7
2024-08-29,Outer Ring Road,14,Thursday,3,0,0,280861,712,46.8048,2.4593,43347.7
2024-08-29,Outer Ring Road,15,Thursday,3,0,0,292206,712,46.8048,2.4593,43347.7
2024-08-29,Outer Ring Road,16,Thursday,3,0,0,323155,712,46.8048,2.4593,43347.7
2024-08-29,Outer Ring Road,17,Thursday,3,0,1,355541,712,46.8048,2.4593,43347.7
2024-08-29,Outer Ring Road,18,Thursday,3,0,1,317097,712,46.8048,2.4593,43347.7
2024-08-29,Outer Ring Road,19,Thursday,3,0,1,322683,712,46.8048,2.4593,43347.7
2024-08-29,Outer Ring Road,20,Thursday,3,0,1,338262,712,46.8048,2.4593,43347.7
2024-08-29,Outer Ring Road,21,Thursday,3,0,0,293801,712,46.8048,2.4593,43347.7
2024-08-29,Outer Ring Road,22,Thursday,3,0,0,243022,712,46.8048,2.4593,43347.7
2024-08-29,Outer Ring Road,23,Thursday,3,0,0,190266,712,46.8048,2.4593,43347.7
2024-08-29,Aurobindo Marg,0,Thursday,3,0,0,77913,378,49.709,1.8783,17962.91
2024-08-29,Aurobindo Marg,1,Thursday,3,0,0,52632,378,49.709,1.8783,17962.91
2024-08-29,Aurobindo Marg,2,Thursday,3,0,0,30655,378,49.709,1.8783,17962.91
2024-08-29,Aurobindo Marg,3,Thursday,3,0,0,18116,378,49.709,1.8783,17962.91
2024-08-29,Aurobindo Marg,4,Thursday,3,0,0,22631,378,49.709,1.8783,17962.91
2024-08-29,Aurobindo Marg,5,Thursday,3,0,0,28641,378,49.709,1.8783,17962.91
2024-08-29,Aurobindo Marg,6,Thursday,3,0,0,38608,378,49.709,1.8783,17962.91
2024-08-29,Aurobindo Marg,7,Thursday,3,0,1,77815,378,49.709,1.8783,17962.91
2024-08-29,Aurobindo Marg,8,Thursday,3,0,1,124503,378,49.709,1.8783,17962.91
2024-08-29,Aurobindo Marg,9,Thursday,3,0,1,131778,378,49.709,1.8783,17962.91
2024-08-29,Aurobindo Marg,10,Thursday,3,0,0,162959,378,49.709,1.8783,17962.91
2024-08-29,Aurobindo Marg,11,Thursday,3,0,0,154806,378,49.709,1.8783,17962.91
2024-08-29,Aurobindo Marg,12,Thursday,3,0,0,147063,378,49.709,1.8783,17962.91
2024-08-29,Aurobindo Marg,13,Thursday,3,0,0,144858,378,49.709,1.8783,17962.91
2024-08-29,Aurobindo Marg,14,Thursday,3,0,0,132174,378,49.709,1.8783,17962.91
2024-08-29,Aurobindo Marg,15,Thursday,3,0,0,143166,378,49.709,1.8783,17962.91
2024-08-29,Aurobindo Marg,16,Thursday,3,0,0,148951,378,49.709,1.8783,17962.91
2024-08-29,Aurobindo Marg,17,Thursday,3,0,1,148293,378,49.709,1.8783,17962.91
2024-08-29,Aurobindo Marg,18,Thursday,3,0,1,153916,378,49.709,1.8783,17962.91
2024-08-29,Aurobindo Marg,19,Thursday,3,0,1,149725,378,49.709,1.8783,17962.91
2024-08-29,Aurobindo Marg,20,Thursday,3,0,1,140396,378,49.709,1.8783,17962.91
2024-08-29,Aurobindo Marg,21,Thursday,3,0,0,131049,378,49.709,1.8783,17962.91
2024-08-29,Aurobindo Marg,22,Thursday,3,0,0,112262,378,49.709,1.8783,17962.91
2024-08-29,Aurobindo Marg,23,Thursday,3,0,0,90250,378,49.709,1.8783,17962.91
2024-08-29,Mehrauli Badarpur Road,0,Thursday,3,0,0,29260,370,49.5622,2.0081,24206.35
2024-08-29,Mehrauli Badarpur Road,1,Thursday,3,0,0,20139,370,49.5622,2.0081,24206.35
2024-08-29,Mehrauli Badarpur Road,2,Thursday,3,0,0,9450,370,49.5622,2.0081,24206.35
2024-08-29,Mehrauli Badarpur Road,3,Thursday,3,0,0,6987,370,49.5622,2.0081,24206.35
2024-08-29,Mehrauli Badarpur Road,4,Thursday,3,0,0,5160,370,49.5622,2.0081,24206.35
2024-08-29,Mehrauli Badarpur Road,5,Thursday,3,0,0,6164,370,49.5622,2.0081,24206.35
2024-08-29,Mehrauli Badarpur Road,6,Thursday,3,0,0,8803,370,49.5622,2.0081,24206.35
2024-08-29,Mehrauli Badarpur Road,7,Thursday,3,0,1,15878,370,49.5622,2.0081,24206.35
2024-08-29,Mehrauli Badarpur Road,8,Thursday,3,0,1,23943,370,49.5622,2.0081,24206.35
2024-08-29,Mehrauli Badarpur Road,9,Thursday,3,0,1,29077,370,49.5622,2.0081,24206.35
2024-08-29,Mehrauli Badarpur Road,10,Thursday,3,0,0,31883,370,49.5622,2.0081,24206.35
2024-08-29,Mehrauli Badarpur Road,11,Thursday,3,0,0,37576,370,49.5622,2.0081,24206.35
2024-08-29,Mehrauli Badarpur Road,12,Thursday,3,0,0,42735,370,49.5622,2.0081,24206.35
2024-08-29,Mehrauli Badarpur Road,13,Thursday,3,0,0,45422,370,49.5622,2.0081,24206.35
2024-08-29,Mehrauli Badarpur Road,14,Thursday,3,0,0,40676,370,49.5622,2.0081,24206.35
2024-08-29,Mehrauli Badarpur Road,15,Thursday,3,0,0,36731,370,49.5622,2.0081,24206.35
2024-08-29,Mehrauli Badarpur Road,16,Thursday,3,0,0,39297,370,49.5622,2.0081,24206.35
2024-08-29,Mehrauli Badarpur Road,17,Thursday,3,0,1,42944,370,49.5622,2.0081,24206.35
2024-08-29,Mehrauli Badarpur Road,18,Thursday,3,0,1,47986,370,49.5622,2.0081,24206.35
2024-08-29,Mehrauli Badarpur Road,19,Thursday,3,0,1,50317,370,49.5622,2.0081,24206.35
2024-08-29,Mehrauli Badarpur Road,20,Thursday,3,0,1,49890,370,49.5622,2.0081,24206.35
2024-08-29,Mehrauli Badarpur Road,21,Thursday,3,0,0,48411,370,49.5622,2.0081,24206.35
2024-08-29,Mehrauli Badarpur Road,22,Thursday,3,0,0,44491,370,49.5622,2.0081,24206.35
2024-08-29,Mehrauli Badarpur Road,23,Thursday,3,0,0,33134,370,49.5622,2.0081,24206.35
2024-08-29,Barapullah Road,0,Thursday,3,0,0,36432,218,45.2661,1.3761,16478.62
2024-08-29,Barapullah Road,1,Thursday,3,0,0,26812,218,45.2661,1.3761,16478.62
2024-08-29,Barapullah Road,2,Thursday,3,0,0,16313,218,45.2661,1.3761,16478.62
2024-08-29,Barapullah Road,3,Thursday,3,0,0,14348,218,45.2661,1.3761,16478.62
2024-08-29,Barapullah Road,4,Thursday,3,0,0,23276,218,45.2661,1.3761,16478.62
2024-08-29,Barapullah Road,5,Thursday,3,0,0,23293,218,45.2661,1.3761,16478.62
2024-08-29,Barapullah Road,6,Thursday,3,0,0,26519,218,45.2661,1.3761,16478.62
2024-08-29,Barapullah Road,7,Thursday,3,0,1,60187,218,45.2661,1.3761,16478.62
2024-08-29,Barapullah Road,8,Thursday,3,0,1,78765,218,45.2661,1.3761,16478.62
2024-08-29,Barapullah Road,9,Thursday,3,0,1,89501,218,45.2661,1.3761,16478.62
2024-08-29,Barapullah Road,10,Thursday,3,0,0,99912,218,45.2661,1.3761,16478.62
2024-08-29,Barapullah Road,11,Thursday,3,0,0,105413,218,45.2661,1.3761,16478.62
2024-08-29,Barapullah Road,12,Thursday,3,0,0,96308,218,45.2661,1.3761,16478.62
2024-08-29,Barapullah Road,13,Thursday,3,0,0,89150,218,45.2661,1.3761,16478.62
2024-08-29,Barapullah Road,14,Thursday,3,0,0,84852,218,45.2661,1.3761,16478.62
2024-08-29,Barapullah Road,15,Thursday,3,0,0,87701,218,45.2661,1.3761,16478.62
2024-08-29,Barapullah Road,16,Thursday,3,0,0,108498,218,45.2661,1.3761,16478.62
2024-08-29,Barapullah Road,17,Thursday,3,0,1,106838,218,45.2661,1.3761,16478.62
2024-08-29,Barapullah Road,18,Thursday,3,0,1,84730,218,45.2661,1.3761,16478.62
2024-08-29,Barapullah Road,19,Thursday,3,0,1,78514,218,45.2661,1.3761,16478.62
2024-08-29,Barapullah Road,20,Thursday,3,0,1,81775,218,45.2661,1.3761,16478.62
2024-08-29,Barapullah Road,21,Thursday,3,0,0,67913,218,45.2661,1.3761,16478.62
2024-08-29,Barapullah Road,22,Thursday,3,0,0,52639,218,45.2661,1.3761,16478.62
2024-08-29,Barapullah Road,23,Thursday,3,0,0,45489,218,45.2661,1.3761,16478.62
2024-08-29,Vikas Marg,0,Thursday,3,0,0,32614,194,53.6082,2.0052,14316.28
2024-08-29,Vikas Marg,1,Thursday,3,0,0,21109,194,53.6082,2.0052,14316.28
2024-08-29,Vikas Marg,2,Thursday,3,0,0,12521,194,53.6082,2.0052,14316.28
2024-08-29,Vikas Marg,3,Thursday,3,0,0,10992,194,53.6082,2.0052,14316.28
2024-08-29,Vikas Marg,4,Thursday,3,0,0,13866,194,53.6082,2.0052,14316.28
2024-08-29,Vikas Marg,5,Thursday,3,0,0,18459,194,53.6082,2.0052,14316.28
2024-08-29,Vikas Marg,6,Thursday,3,0,0,22479,194,53.6082,2.0052,14316.28
2024-08-29,Vikas Marg,7,Thursday,3,0,1,26734,194,53.6082,2.0052,14316.28
2024-08-29,Vikas Marg,8,Thursday,3,0,1,40216,194,53.6082,2.0052,14316.28
2024-08-29,Vikas Marg,9,Thursday,3,0,1,39189,194,53.6082,2.0052,14316.28
2024-08-29,Vikas Marg,10,Thursday,3,0,0,38055,194,53.6082,2.0052,14316.28
2024-08-29,Vikas Marg,11,Thursday,3,0,0,46088,194,53.6082,2.0052,14316.28
2024-08-29,Vikas Marg,12,Thursday,3,0,0,42305,194,53.6082,2.0052,14316.28
2024-08-29,Vikas Marg,13,Thursday,3,0,0,44817,194,53.6082,2.0052,14316.28
2024-08-29,Vikas Marg,14,Thursday,3,0,0,44263,194,53.6082,2.0052,14316.28
2024-08-29,Vikas Marg,15,Thursday,3,0,0,47302,194,53.6082,2.0052,14316.28
2024-08-29,Vikas Marg,16,Thursday,3,0,0,49613,194,53.6082,2.0052,14316.28
2024-08-29,Vikas Marg,17,Thursday,3,0,1,42432,194,53.6082,2.0052,14316.28
2024-08-29,Vikas Marg,18,Thursday,3,0,1,45325,194,53.6082,2.0052,14316.28
2024-08-29,Vikas Marg,19,Thursday,3,0,1,48313,194,53.6082,2.0052,14316.28
2024-08-29,Vikas Marg,20,Thursday,3,0,1,44772,194,53.6082,2.0052,14316.28
2024-08-29,Vikas Marg,21,Thursday,3,0,0,47532,194,53.6082,2.0052,14316.28
2024-08-29,Vikas Marg,22,Thursday,3,0,0,39340,194,53.6082,2.0052,14316.28
2024-08-29,Vikas Marg,23,Thursday,3,0,0,39207,194,53.6082,2.0052,14316.28
2024-08-29,Africa Avenue,0,Thursday,3,0,0,13340,164,48.25,3.061,8464.09
2024-08-29,Africa Avenue,1,Thursday,3,0,0,9253,164,48.25,3.061,8464.09
2024-08-29,Africa Avenue,2,Thursday,3,0,0,6542,164,48.25,3.061,8464.09
2024-08-29,Africa Avenue,3,Thursday,3,0,0,4468,164,48.25,3.061,8464.09
2024-08-29,Africa Avenue,4,Thursday,3,0,0,4321,164,48.25,3.061,8464.09
2024-08-29,Africa Avenue,5,Thursday,3,0,0,6653,164,48.25,3.061,8464.09
2024-08-29,Africa Avenue,6,Thursday,3,0,0,10856,164,48.25,3.061,8464.09
2024-08-29,Africa Avenue,7,Thursday,3,0,1,20825,164,48.25,3.061,8464.09
2024-08-29,Africa Avenue,8,Thursday,3,0,1,40626,164,48.25,3.061,8464.09
2024-08-29,Africa Avenue,9,Thursday,3,0,1,40674,164,48.25,3.061,8464.09
2024-08-29,Africa Avenue,10,Thursday,3,0,0,45099,164,48.25,3.061,8464.09
2024-08-29,Africa Avenue,11,Thursday,3,0,0,50673,164,48.25,3.061,8464.09
2024-08-29,Africa Avenue,12,Thursday,3,0,0,46899,164,48.25,3.061,8464.09
2024-08-29,Africa Avenue,13,Thursday,3,0,0,44382,164,48.25,3.061,8464.09
2024-08-29,Africa Avenue,14,Thursday,3,0,0,44305,164,48.25,3.061,8464.09
2024-08-29,Africa Avenue,15,Thursday,3,0,0,43218,164,48.25,3.061,8464.09
2024-08-29,Africa Avenue,16,Thursday,3,0,0,44602,164,48.25,3.061,8464.09
2024-08-29,Africa Avenue,17,Thursday,3,0,1,47832,164,48.25,3.061,8464.09
2024-08-29,Africa Avenue,18,Thursday,3,0,1,44731,164,48.25,3.061,8464.09
2024-08-29,Africa Avenue,19,Thursday,3,0,1,43409,164,48.25,3.061,8464.09
2024-08-29,Africa Avenue,20,Thursday,3,0,1,39640,164,48.25,3.061,8464.09
2024-08-29,Africa Avenue,21,Thursday,3,0,0,32750,164,48.25,3.061,8464.09
2024-08-29,Africa Avenue,22,Thursday,3,0,0,23854,164,48.25,3.061,8464.09
2024-08-29,Africa Avenue,23,Thursday,3,0,0,17544,164,48.25,3.061,8464.09
2024-08-29,Sardar Patel Marg,0,Thursday,3,0,0,28635,153,52.8758,1.8954,9624.01
2024-08-29,Sardar Patel Marg,1,Thursday,3,0,0,20434,153,52.8758,1.8954,9624.01
2024-08-29,Sardar Patel Marg,2,Thursday,3,0,0,12013,153,52.8758,1.8954,9624.01
2024-08-29,Sardar Patel Marg,3,Thursday,3,0,0,12534,153,52.8758,1.8954,9624.01
2024-08-29,Sardar Patel Marg,4,Thursday,3,0,0,17146,153,52.8758,1.8954,9624.01
2024-08-29,Sardar Patel Marg,5,Thursday,3,0,0,18958,153,52.8758,1.8954,9624.01
2024-08-29,Sardar Patel Marg,6,Thursday,3,0,0,27223,153,52.8758,1.8954,9624.01
2024-08-29,Sardar Patel Marg,7,Thursday,3,0,1,32151,153,52.8758,1.8954,9624.01
2024-08-29,Sardar Patel Marg,8,Thursday,3,0,1,45513,153,52.8758,1.8954,9624.01
2024-08-29,Sardar Patel Marg,9,Thursday,3,0,1,42141,153,52.8758,1.8954,9624.01
2024-08-29,Sardar Patel Marg,10,Thursday,3,0,0,47990,153,52.8758,1.8954,9624.01
2024-08-29,Sardar Patel Marg,11,Thursday,3,0,0,60560,153,52.8758,1.8954,9624.01
2024-08-29,Sardar Patel Marg,12,Thursday,3,0,0,69299,153,52.8758,1.8954,9624.01
2024-08-29,Sardar Patel Marg,13,Thursday,3,0,0,64169,153,52.8758,1.8954,9624.01
2024-08-29,Sardar Patel Marg,14,Thursday,3,0,0,71176,153,52.8758,1.8954,9624.01
2024-08-29,Sardar Patel Marg,15,Thursday,3,0,0,68183,153,52.8758,1.8954,9624.01
2024-08-29,Sardar Patel Marg,16,Thursday,3,0,0,68879,153,52.8758,1.8954,9624.01
2024-08-29,Sardar Patel Marg,17,Thursday,3,0,1,62620,153,52.8758,1.8954,9624.01
2024-08-29,Sardar Patel Marg,18,Thursday,3,0,1,65208,153,52.8758,1.8954,9624.01
2024-08-29,Sardar Patel Marg,19,Thursday,3,0,1,60330,153,52.8758,1.8954,9624.01
2024-08-29,Sardar Patel Marg,20,Thursday,3,0,1,58121,153,52.8758,1.8954,9624.01
2024-08-29,Sardar Patel Marg,21,Thursday,3,0,0,56794,153,52.8758,1.8954,9624.01
2024-08-29,Sardar Patel Marg,22,Thursday,3,0,0,46320,153,52.8758,1.8954,9624.01
2024-08-29,Sardar Patel Marg,23,Thursday,3,0,0,37761,153,52.8758,1.8954,9624.01
2024-08-29,Noida Link Road,0,Thursday,3,0,0,15732,114,51.8421,2.3947,6981.29
2024-08-29,Noida Link Road,1,Thursday,3,0,0,8703,114,51.8421,2.3947,6981.29
2024-08-29,Noida Link Road,2,Thursday,3,0,0,8828,114,51.8421,2.3947,6981.29
2024-08-29,Noida Link Road,3,Thursday,3,0,0,7116,114,51.8421,2.3947,6981.29
2024-08-29,Noida Link Road,4,Thursday,3,0,0,6329,114,51.8421,2.3947,6981.29
2024-08-29,Noida Link Road,5,Thursday,3,0,0,9552,114,51.8421,2.3947,6981.29
2024-08-29,Noida Link Road,6,Thursday,3,0,0,14474,114,51.8421,2.3947,6981.29
2024-08-29,Noida Link Road,7,Thursday,3,0,1,19258,114,51.8421,2.3947,6981.29
2024-08-29,Noida Link Road,8,Thursday,3,0,1,37605,114,51.8421,2.3947,6981.29
2024-08-29,Noida Link Road,9,Thursday,3,0,1,40363,114,51.8421,2.3947,6981.29
2024-08-29,Noida Link Road,10,Thursday,3,0,0,42237,114,51.8421,2.3947,6981.29
2024-08-29,Noida Link Road,11,Thursday,3,0,0,48098,114,51.8421,2.3947,6981.29
2024-08-29,Noida Link Road,12,Thursday,3,0,0,42212,114,51.8421,2.3947,6981.29
2024-08-29,Noida Link Road,13,Thursday,3,0,0,42638,114,51.8421,2.3947,6981.29
2024-08-29,Noida Link Road,14,Thursday,3,0,0,39116,114,51.8421,2.3947,6981.29
2024-08-29,Noida Link Road,15,Thursday,3,0,0,42153,114,51.8421,2.3947,6981.29
2024-08-29,Noida Link Road,16,Thursday,3,0,0,45052,114,51.8421,2.3947,6981.29
2024-08-29,Noida Link Road,17,Thursday,3,0,1,45180,114,51.8421,2.3947,6981.29
2024-08-29,Noida Link Road,18,Thursday,3,0,1,50587,114,51.8421,2.3947,6981.29
2024-08-29,Noida Link Road,19,Thursday,3,0,1,50968,114,51.8421,2.3947,6981.29
2024-08-29,Noida Link Road,20,Thursday,3,0,1,44000,114,51.8421,2.3947,6981.29
2024-08-29,Noida Link Road,21,Thursday,3,0,0,34828,114,51.8421,2.3947,6981.29
2024-08-29,Noida Link Road,22,Thursday,3,0,0,28206,114,51.8421,2.3947,6981.29
2024-08-29,Noida Link Road,23,Thursday,3,0,0,22220,114,51.8421,2.3947,6981.29
2024-08-30,Mahatma Gandhi Marg,0,Friday,4,0,0,211370,1052,52.443,1.5722,62245.45
2024-08-30,Mahatma Gandhi Marg,1,Friday,4,0,0,151453,1052,52.443,1.5722,62245.45
2024-08-30,Mahatma Gandhi Marg,2,Friday,4,0,0,111760,1052,52.443,1.5722,62245.45
2024-08-30,Mahatma Gandhi Marg,3,Friday,4,0,0,103217,1052,52.443,1.5722,62245.45
2024-08-30,Mahatma Gandhi Marg,4,Friday,4,0,0,114860,1052,52.443,1.5722,62245.45
2024-08-30,Mahatma Gandhi Marg,5,Friday,4,0,0,157302,1052,52.443,1.5722,62245.45
2024-08-30,Mahatma Gandhi Marg,6,Friday,4,0,0,225971,1052,52.443,1.5722,62245.45
2024-08-30,Mahatma Gandhi Marg,7,Friday,4,0,1,357842,1052,52.443,1.5722,62245.45
2024-08-30,Mahatma Gandhi Marg,8,Friday,4,0,1,505056,1052,52.443,1.5722,62245.45
2024-08-30,Mahatma Gandhi Marg,9,Friday,4,0,1,534996,1052,52.443,1.5722,62245.45
2024-08-30,Mahatma Gandhi Marg,10,Friday,4,0,0,584439,1052,52.443,1.5722,62245.45
2024-08-30,Mahatma Gandhi Marg,11,Friday,4,0,0,506919,1052,52.443,1.5722,62245.45
2024-08-30,Mahatma Gandhi Marg,12,Friday,4,0,0,458523,1052,52.443,1.5722,62245.45
2024-08-30,Mahatma Gandhi Marg,13,Friday,4,0,0,462060,1052,52.443,1.5722,62245.45
2024-08-30,Mahatma Gandhi Marg,14,Friday,4,0,0,470963,1052,52.443,1.5722,62245.45
2024-08-30,Mahatma Gandhi Marg,15,Friday,4,0,0,482243,1052,52.443,1.5722,62245.45
2024-08-30,Mahatma Gandhi Marg,16,Friday,4,0,0,528793,1052,52.443,1.5722,62245.45
2024-08-30,Mahatma Gandhi Marg,17,Friday,4,0,1,524290,1052,52.443,1.5722,62245.45
2024-08-30,Mahatma Gandhi Marg,18,Friday,4,0,1,528782,1052,52.443,1.5722,62245.45
2024-08-30,Mahatma Gandhi Marg,19,Friday,4,0,1,526260,1052,52.443,1.5722,62245.45
2024-08-30,Mahatma Gandhi Marg,20,Friday,4,0,1,531657,1052,52.443,1.5722,62245.45
2024-08-30,Mahatma Gandhi Marg,21,Friday,4,0,0,531318,1052,52.443,1.5722,62245.45
2024-08-30,Mahatma Gandhi Marg,22,Friday,4,0,0,480682,1052,52.443,1.5722,62245.45
2024-08-30,Mahatma Gandhi Marg,23,Friday,4,0,0,361754,1052,52.443,1.5722,62245.45
2024-08-30,Mathura Road,0,Friday,4,0,0,77302,759,49.1331,1.9763,50900.63
2024-08-30,Mathura Road,1,Friday,4,0,0,48874,759,49.1331,1.9763,50900.63
2024-08-30,Mathura Road,2,Friday,4,0,0,31420,759,49.1331,1.9763,50900.63
2024-08-30,Mathura Road,3,Friday,4,0,0,28550,759,49.1331,1.9763,50900.63
2024-08-30,Mathura Road,4,Friday,4,0,0,46886,759,49.1331,1.9763,50900.63
2024-08-30,Mathura Road,5,Friday,4,0,0,61772,759,49.1331,1.9763,50900.63
2024-08-30,Mathura Road,6,Friday,4,0,0,76123,759,49.1331,1.9763,50900.63
2024-08-30,Mathura Road,7,Friday,4,0,1,98448,759,49.1331,1.9763,50900.63
2024-08-30,Mathura Road,8,Friday,4,0,1,168615,759,49.1331,1.9763,50900.63
2024-08-30,Mathura Road,9,Friday,4,0,1,215273,759,49.1331,1.9763,50900.63
2024-08-30,Mathura Road,10,Friday,4,0,0,233815,759,49.1331,1.9763,50900.63
2024-08-30,Mathura Road,11,Friday,4,0,0,215283,759,49.1331,1.9763,50900.63
2024-08-30,Mathura Road,12,Friday,4,0,0,190155,759,49.1331,1.9763,50900.63
2024-08-30,Mathura Road,13,Friday,4,0,0,177618,759,49.1331,1.9763,50900.63
2024-08-30,Mathura Road,14,Friday,4,0,0,184499,759,49.1331,1.9763,50900.63
2024-08-30,Mathura Road,15,Friday,4,0,0,198013,759,49.1331,1.9763,50900.63
2024-08-30,Mathura Road,16,Friday,4,0,0,211284,759,49.1331,1.9763,50900.63
2024-08-30,Mathura Road,17,Friday,4,0,1,202858,759,49.1331,1.9763,50900.63
2024-08-30,Mathura Road,18,Friday,4,0,1,210765,759,49.1331,1.9763,50900.63
2024-08-30,Mathura Road,19,Friday,4,0,1,202738,759,49.1331,1.9763,50900.63
2024-08-30,Mathura Road,20,Friday,4,0,1,199878,759,49.1331,1.9763,50900.63
2024-08-30,Mathura Road,21,Friday,4,0,0,197682,759,49.1331,1.9763,50900.63
2024-08-30,Mathura Road,22,Friday,4,0,0,165549,759,49.1331,1.9763,50900.63
2024-08-30,Mathura Road,23,Friday,4,0,0,137616,759,49.1331,1.9763,50900.63
2024-08-30,Outer Ring Road,0,Friday,4,0,0,151851,712,46.8048,2.4593,43347.7
2024-08-30,Outer Ring Road,1,Friday,4,0,0,102921,712,46.8048,2.4593,43347.7
2024-08-30,Outer Ring Road,2,Friday,4,0,0,63115,712,46.8048,2.4593,43347.7
2024-08-30,Outer Ring Road,3,Friday,4,0,0,58916,712,46.8048,2.4593,43347.7
2024-08-30,Outer Ring Road,4,Friday,4,0,0,66919,712,46.8048,2.4593,43347.7
2024-08-30,Outer Ring Road,5,Friday,4,0,0,80336,712,46.8048,2.4593,43347.7
2024-08-30,Outer Ring Road,6,Friday,4,0,0,106620,712,46.8048,2.4593,43347.7
2024-08-30,Outer Ring Road,7,Friday,4,0,1,189808,712,46.8048,2.4593,43347.7
2024-08-30,Outer Ring Road,8,Friday,4,0,1,298230,712,46.8048,2.4593,43347.7
2024-08-30,Outer Ring Road,9,Friday,4,0,1,367152,712,46.8048,2.4593,43347.7
2024-08-30,Outer Ring Road,10,Friday,4,0,0,343902,712,46.8048,2.4593,43347.7
2024-08-30,Outer Ring Road,11,Friday,4,0,0,333156,712,46.8048,2.4593,43347.7
2024-08-30,Outer Ring Road,12,Friday,4,0,0,301362,712,46.8048,2.4593,43347.7
2024-08-30,Outer Ring Road,13,Friday,4,0,0,309971,712,46.8048,2.4593,43347.7
2024-08-30,Outer Ring Road,14,Friday,4,0,0,306410,712,46.8048,2.4593,43347.7
2024-08-30,Outer Ring Road,15,Friday,4,0,0,321762,712,46.8048,2.4593,43347.7
2024-08-30,Outer Ring Road,16,Friday,4,0,0,351779,712,46.8048,2.4593,43347.7
2024-08-30,Outer Ring Road,17,Friday,4,0,1,358287,712,46.8048,2.4593,43347.7
2024-08-30,Outer Ring Road,18,Friday,4,0,1,366648,712,46.8048,2.4593,43347.7
2024-08-30,Outer Ring Road,19,Friday,4,0,1,318898,712,46.8048,2.4593,43347.7
2024-08-30,Outer Ring Road,20,Friday,4,0,1,323484,712,46.8048,2.4593,43347.7
2024-08-30,Outer Ring Road,21,Friday,4,0,0,320370,712,46.8048,2.4593,43347.7
2024-08-30,Outer Ring Road,22,Friday,4,0,0,285848,712,46.8048,2.4593,43347.7
2024-08-30,Outer Ring Road,23,Friday,4,0,0,254266,712,46.8048,2.4593,43347.7
2024-08-30,Aurobindo Marg,0,Friday,4,0,0,71448,378,49.709,1.8783,17962.91
2024-08-30,Aurobindo Marg,1,Friday,4,0,0,48749,378,49.709,1.8783,17962.91
2024-08-30,Aurobindo Marg,2,Friday,4,0,0,31515,378,49.709,1.8783,17962.91
2024-08-30,Aurobindo Marg,3,Friday,4,0,0,24796,378,49.709,1.8783,17962.91
2024-08-30,Aurobindo Marg,4,Friday,4,0,0,24908,378,49.709,1.8783,17962.91
2024-08-30,Aurobindo Marg,5,Friday,4,0,0,32938,378,49.709,1.8783,17962.91
2024-08-30,Aurobindo Marg,6,Friday,4,0,0,38651,378,49.709,1.8783,17962.91
2024-08-30,Aurobindo Marg,7,Friday,4,0,1,76822,378,49.709,1.8783,17962.91
2024-08-30,Aurobindo Marg,8,Friday,4,0,1,129665,378,49.709,1.8783,17962.91
2024-08-30,Aurobindo Marg,9,Friday,4,0,1,170508,378,49.709,1.8783,17962.91
2024-08-30,Aurobindo Marg,10,Friday,4,0,0,167010,378,49.709,1.8783,17962.91
2024-08-30,Aurobindo Marg,11,Friday,4,0,0,156223,378,49.709,1.8783,17962.91
2024-08-30,Aurobindo Marg,12,Friday,4,0,0,148919,378,49.709,1.8783,17962.91
2024-08-30,Aurobindo Marg,13,Friday,4,0,0,149158,378,49.709,1.8783,17962.91
2024-08-30,Aurobindo Marg,14,Friday,4,0,0,155160,378,49.709,1.8783,17962.91
2024-08-30,Aurobindo Marg,15,Friday,4,0,0,162790,378,49.709,1.8783,17962.91
2024-08-30,Aurobindo Marg,16,Friday,4,0,0,160435,378,49.709,1.8783,17962.91
2024-08-30,Aurobindo Marg,17,Friday,4,0,1,169460,378,49.709,1.8783,17962.91
2024-08-30,Aurobindo Marg,18,Friday,4,0,1,166099,378,49.709,1.8783,17962.91
2024-08-30,Aurobindo Marg,19,Friday,4,0,1,167159,378,49.709,1.8783,17962.91
2024-08-30,Aurobindo Marg,20,Friday,4,0,1,160077,378,49.709,1.8783,17962.91
2024-08-30,Aurobindo Marg,21,Friday,4,0,0,147931,378,49.709,1.8783,17962.91
2024-08-30,Aurobindo Marg,22,Friday,4,0,0,152343,378,49.709,1.8783,17962.91
2024-08-30,Aurobindo Marg,23,Friday,4,0,0,124796,378,49.709,1.8783,17962.91
2024-08-30,Mehrauli Badarpur Road,0,Friday,4,0,0,24244,370,49.5622,2.0081,24206.35
2024-08-30,Mehrauli Badarpur Road,1,Friday,4,0,0,16397,370,49.5622,2.0081,24206.35
2024-08-30,Mehrauli Badarpur Road,2,Friday,4,0,0,9476,370,49.5622,2.0081,24206.35
2024-08-30,Mehrauli Badarpur Road,3,Friday,4,0,0,7478,370,49.5622,2.0081,24206.35
2024-08-30,Mehrauli Badarpur Road,4,Friday,4,0,0,9678,370,49.5622,2.0081,24206.35
2024-08-30,Mehrauli Badarpur Road,5,Friday,4,0,0,10732,370,49.5622,2.0081,24206.35
2024-08-30,Mehrauli Badarpur Road,6,Friday,4,0,0,15501,370,49.5622,2.0081,24206.35
2024-08-30,Mehrauli Badarpur Road,7,Friday,4,0,1,22604,370,49.5622,2.0081,24206.35
2024-08-30,Mehrauli Badarpur Road,8,Friday,4,0,1,37216,370,49.5622,2.0081,24206.35
2024-08-30,Mehrauli Badarpur Road,9,Friday,4,0,1,44595,370,49.5622,2.0081,24206.35
2024-08-30,Mehrauli Badarpur Road,10,Friday,4,0,0,51729,370,49.5622,2.0081,24206.35
2024-08-30,Mehrauli Badarpur Road,11,Friday,4,0,0,50630,370,49.5622,2.0081,24206.35
2024-08-30,Mehrauli Badarpur Road,12,Friday,4,0,0,48989,370,49.5622,2.0081,24206.35
2024-08-30,Mehrauli Badarpur Road,13,Friday,4,0,0,54340,370,49.5622,2.0081,24206.35
2024-08-30,Mehrauli Badarpur Road,14,Friday,4,0,0,53112,370,49.5622,2.0081,24206.35
2024-08-30,Mehrauli Badarpur Road,15,Friday,4,0,0,51329,370,49.5622,2.0081,24206.35
2024-08-30,Mehrauli Badarpur Road,16,Friday,4,0,0,55660,370,49.5622,2.0081,24206.35
2024-08-30,Mehrauli Badarpur Road,17,Friday,4,0,1,61540,370,49.5622,2.0081,24206.35
2024-08-30,Mehrauli Badarpur Road,18,Friday,4,0,1,60659,370,49.5622,2.0081,24206.35
2024-08-30,Mehrauli Badarpur Road,19,Friday,4,0,1,56911,370,49.5622,2.0081,24206.35
2024-08-30,Mehrauli Badarpur Road,20,Friday,4,0,1,58022,370,49.5622,2.0081,24206.35
2024-08-30,Mehrauli Badarpur Road,21,Friday,4,0,0,60593,370,49.5622,2.0081,24206.35
2024-08-30,Mehrauli Badarpur Road,22,Friday,4,0,0,63057,370,49.5622,2.0081,24206.35
2024-08-30,Mehrauli Badarpur Road,23,Friday,4,0,0,54770,370,49.5622,2.0081,24206.35
2024-08-30,Barapullah Road,0,Friday,4,0,0,27100,218,45.2661,1.3761,16478.62
2024-08-30,Barapullah Road,1,Friday,4,0,0,19544,218,45.2661,1.3761,16478.62
2024-08-30,Barapullah Road,2,Friday,4,0,0,14238,218,45.2661,1.3761,16478.62
2024-08-30,Barapullah Road,3,Friday,4,0,0,13151,218,45.2661,1.3761,16478.62
2024-08-30,Barapullah Road,4,Friday,4,0,0,16227,218,45.2661,1.3761,16478.62
2024-08-30,Barapullah Road,5,Friday,4,0,0,21255,218,45.2661,1.3761,16478.62
2024-08-30,Barapullah Road,6,Friday,4,0,0,28067,218,45.2661,1.3761,16478.62
2024-08-30,Barapullah Road,7,Friday,4,0,1,57449,218,45.2661,1.3761,16478.62
2024-08-30,Barapullah Road,8,Friday,4,0,1,84955,218,45.2661,1.3761,16478.62
2024-08-30,Barapullah Road,9,Friday,4,0,1,92677,218,45.2661,1.3761,16478.62
2024-08-30,Barapullah Road,10,Friday,4,0,0,108589,218,45.2661,1.3761,16478.62
2024-08-30,Barapullah Road,11,Friday,4,0,0,113904,218,45.2661,1.3761,16478.62
2024-08-30,Barapullah Road,12,Friday,4,0,0,123860,218,45.2661,1.3761,16478.62
2024-08-30,Barapullah Road,13,Friday,4,0,0,104639,218,45.2661,1.3761,16478.62
2024-08-30,Barapullah Road,14,Friday,4,0,0,107541,218,45.2661,1.3761,16478.62
2024-08-30,Barapullah Road,15,Friday,4,0,0,110217,218,45.2661,1.3761,16478.62
2024-08-30,Barapullah Road,16,Friday,4,0,0,113406,218,45.2661,1.3761,16478.62
2024-08-30,Barapullah Road,17,Friday,4,0,1,104297,218,45.2661,1.3761,16478.62
2024-08-30,Barapullah Road,18,Friday,4,0,1,78747,218,45.2661,1.3761,16478.62
2024-08-30,Barapullah Road,19,Friday,4,0,1,71169,218,45.2661,1.3761,16478.62
2024-08-30,Barapullah Road,20,Friday,4,0,1,97595,218,45.2661,1.3761,16478.62
2024-08-30,Barapullah Road,21,Friday,4,0,0,75524,218,45.2661,1.3761,16478.62
2024-08-30,Barapullah Road,22,Friday,4,0,0,62817,218,45.2661,1.3761,16478.62
2024-08-30,Barapullah Road,23,Friday,4,0,0,49772,218,45.2661,1.3761,16478.62
2024-08-30,Vikas Marg,0,Friday,4,0,0,27345,194,53.6082,2.0052,14316.28
2024-08-30,Vikas Marg,1,Friday,4,0,0,18821,194,53.6082,2.0052,14316.28
2024-08-30,Vikas Marg,2,Friday,4,0,0,12307,194,53.6082,2.0052,14316.28
2024-08-30,Vikas Marg,3,Friday,4,0,0,10792,194,53.6082,2.0052,14316.28
2024-08-30,Vikas Marg,4,Friday,4,0,0,15708,194,53.6082,2.0052,14316.28
2024-08-30,Vikas Marg,5,Friday,4,0,0,25644,194,53.6082,2.0052,14316.28
2024-08-30,Vikas Marg,6,Friday,4,0,0,28320,194,53.6082,2.0052,14316.28
2024-08-30,Vikas Marg,7,Friday,4,0,1,33134,194,53.6082,2.0052,14316.28
2024-08-30,Vikas Marg,8,Friday,4,0,1,44517,194,53.6082,2.0052,14316.28
2024-08-30,Vikas Marg,9,Friday,4,0,1,46846,194,53.6082,2.0052,14316.28
2024-08-30,Vikas Marg,10,Friday,4,0,0,42617,194,53.6082,2.0052,14316.28
2024-08-30,Vikas Marg,11,Friday,4,0,0,44300,194,53.6082,2.0052,14316.28
2024-08-30,Vikas Marg,12,Friday,4,0,0,41333,194,53.6082,2.0052,14316.28
2024-08-30,Vikas Marg,13,Friday,4,0,0,43535,194,53.6082,2.0052,14316.28
2024-08-30,Vikas Marg,14,Friday,4,0,0,43220,194,53.6082,2.0052,14316.28
2024-08-30,Vikas Marg,15,Friday,4,0,0,46414,194,53.6082,2.0052,14316.28
2024-08-30,Vikas Marg,16,Friday,4,0,0,49785,194,53.6082,2.0052,14316.28
2024-08-30,Vikas Marg,17,Friday,4,0,1,41709,194,53.6082,2.0052,14316.28
2024-08-30,Vikas Marg,18,Friday,4,0,1,46669,194,53.6082,2.0052,14316.28
2024-08-30,Vikas Marg,19,Friday,4,0,1,47773,194,53.6082,2.0052,14316.28
2024-08-30,Vikas Marg,20,Friday,4,0,1,49420,194,53.6082,2.0052,14316.28
2024-08-30,Vikas Marg,21,Friday,4,0,0,46155,194,53.6082,2.0052,14316.28
2024-08-30,Vikas Marg,22,Friday,4,0,0,46219,194,53.6082,2.0052,14316.28
2024-08-30,Vikas Marg,23,Friday,4,0,0,44791,194,53.6082,2.0052,14316.28
2024-08-30,Africa Avenue,0,Friday,4,0,0,13205,164,48.25,3.061,8464.09
2024-08-30,Africa Avenue,1,Friday,4,0,0,8531,164,48.25,3.061,8464.09
2024-08-30,Africa Avenue,2,Friday,4,0,0,6034,164,48.25,3.061,8464.09
2024-08-30,Africa Avenue,3,Friday,4,0,0,4580,164,48.25,3.061,8464.09
2024-08-30,Africa Avenue,4,Friday,4,0,0,6144,164,48.25,3.061,8464.09
2024-08-30,Africa Avenue,5,Friday,4,0,0,6866,164,48.25,3.061,8464.09
2024-08-30,Africa Avenue,6,Friday,4,0,0,12020,164,48.25,3.061,8464.09
2024-08-30,Africa Avenue,7,Friday,4,0,1,21179,164,48.25,3.061,8464.09
2024-08-30,Africa Avenue,8,Friday,4,0,1,35647,164,48.25,3.061,8464.09
2024-08-30,Africa Avenue,9,Friday,4,0,1,45573,164,48.25,3.061,8464.09
2024-08-30,Africa Avenue,10,Friday,4,0,0,49600,164,48.25,3.061,8464.09
2024-08-30,Africa Avenue,11,Friday,4,0,0,47919,164,48.25,3.061,8464.09
2024-08-30,Africa Avenue,12,Friday,4,0,0,47929,164,48.25,3.061,8464.09
2024-08-30,Africa Avenue,13,Friday,4,0,0,42700,164,48.25,3.061,8464.09
2024-08-30,Africa Avenue,14,Friday,4,0,0,28748,164,48.25,3.061,8464.09
2024-08-30,Africa Avenue,15,Friday,4,0,0,38531,164,48.25,3.061,8464.09
2024-08-30,Africa Avenue,16,Friday,4,0,0,47428,164,48.25,3.061,8464.09
2024-08-30,Africa Avenue,17,Friday,4,0,1,45495,164,48.25,3.061,8464.09
2024-08-30,Africa Avenue,18,Friday,4,0,1,41388,164,48.25,3.061,8464.09
2024-08-30,Africa Avenue,19,Friday,4,0,1,41654,164,48.25,3.061,8464.09
2024-08-30,Africa Avenue,20,Friday,4,0,1,47147,164,48.25,3.061,8464.09
2024-08-30,Africa Avenue,21,Friday,4,0,0,35790,164,48.25,3.061,8464.09
2024-08-30,Africa Avenue,22,Friday,4,0,0,29547,164,48.25,3.061,8464.09
2024-08-30,Africa Avenue,23,Friday,4,0,0,23311,164,48.25,3.061,8464.09
2024-08-30,Sardar Patel Marg,0,Friday,4,0,0,26604,153,52.8758,1.8954,9624.01
2024-08-30,Sardar Patel Marg,1,Friday,4,0,0,16636,153,52.8758,1.8954,9624.01
2024-08-30,Sardar Patel Marg,2,Friday,4,0,0,12339,153,52.8758,1.8954,9624.01
2024-08-30,Sardar Patel Marg,3,Friday,4,0,0,12157,153,52.8758,1.8954,9624.01
2024-08-30,Sardar Patel Marg,4,Friday,4,0,0,20487,153,52.8758,1.8954,9624.01
2024-08-30,Sardar Patel Marg,5,Friday,4,0,0,29016,153,52.8758,1.8954,9624.01
2024-08-30,Sardar Patel Marg,6,Friday,4,0,0,33222,153,52.8758,1.8954,9624.01
2024-08-30,Sardar Patel Marg,7,Friday,4,0,1,47282,153,52.8758,1.8954,9624.01
2024-08-30,Sardar Patel Marg,8,Friday,4,0,1,59677,153,52.8758,1.8954,9624.01
2024-08-30,Sardar Patel Marg,9,Friday,4,0,1,56623,153,52.8758,1.8954,9624.01
2024-08-30,Sardar Patel Marg,10,Friday,4,0,0,61422,153,52.8758,1.8954,9624.01
2024-08-30,Sardar Patel Marg,11,Friday,4,0,0,59906,153,52.8758,1.8954,9624.01
2024-08-30,Sardar Patel Marg,12,Friday,4,0,0,57704,153,52.8758,1.8954,9624.01
2024-08-30,Sardar Patel Marg,13,Friday,4,0,0,72430,153,52.8758,1.8954,9624.01
2024-08-30,Sardar Patel Marg,14,Friday,4,0,0,71651,153,52.8758,1.8954,9624.01
2024-08-30,Sardar Patel Marg,15,Friday,4,0,0,74711,153,52.8758,1.8954,9624.01
2024-08-30,Sardar Patel Marg,16,Friday,4,0,0,70483,153,52.8758,1.8954,9624.01
2024-08-30,Sardar Patel Marg,17,Friday,4,0,1,58690,153,52.8758,1.8954,9624.01
2024-08-30,Sardar Patel Marg,18,Friday,4,0,1,57067,153,52.8758,1.8954,9624.01
2024-08-30,Sardar Patel Marg,19,Friday,4,0,1,54325,153,52.8758,1.8954,9624.01
2024-08-30,Sardar Patel Marg,20,Friday,4,0,1,62198,153,52.8758,1.8954,9624.01
2024-08-30,Sardar Patel Marg,21,Friday,4,0,0,64044,153,52.8758,1.8954,9624.01
2024-08-30,Sardar Patel Marg,22,Friday,4,0,0,57003,153,52.8758,1.8954,9624.01
2024-08-30,Sardar Patel Marg,23,Friday,4,0,0,47266,153,52.8758,1.8954,9624.01
2024-08-30,Noida Link Road,0,Friday,4,0,0,14038,114,51.8421,2.3947,6981.29
2024-08-30,Noida Link Road,1,Friday,4,0,0,11520,114,51.8421,2.3947,6981.29
2024-08-30,Noida Link Road,2,Friday,4,0,0,9001,114,51.8421,2.3947,6981.29
2024-08-30,Noida Link Road,3,Friday,4,0,0,6615,114,51.8421,2.3947,6981.29
2024-08-30,Noida Link Road,4,Friday,4,0,0,6887,114,51.8421,2.3947,6981.29
2024-08-30,Noida Link Road,5,Friday,4,0,0,12745,114,51.8421,2.3947,6981.29
2024-08-30,Noida Link Road,6,Friday,4,0,0,14995,114,51.8421,2.3947,6981.29
2024-08-30,Noida Link Road,7,Friday,4,0,1,20582,114,51.8421,2.3947,6981.29
2024-08-30,Noida Link Road,8,Friday,4,0,1,38699,114,51.8421,2.3947,6981.29
2024-08-30,Noida Link Road,9,Friday,4,0,1,51539,114,51.8421,2.3947,6981.29
2024-08-30,Noida Link Road,10,Friday,4,0,0,45473,114,51.8421,2.3947,6981.29
2024-08-30,Noida Link Road,11,Friday,4,0,0,44158,114,51.8421,2.3947,6981.29
2024-08-30,Noida Link Road,12,Friday,4,0,0,40179,114,51.8421,2.3947,6981.29
2024-08-30,Noida Link Road,13,Friday,4,0,0,43096,114,51.8421,2.3947,6981.29
2024-08-30,Noida Link Road,14,Friday,4,0,0,44265,114,51.8421,2.3947,6981.29
2024-08-30,Noida Link Road,15,Friday,4,0,0,43833,114,51.8421,2.3947,6981.29
2024-08-30,Noida Link Road,16,Friday,4,0,0,48232,114,51.8421,2.3947,6981.29
2024-08-30,Noida Link Road,17,Friday,4,0,1,42816,114,51.8421,2.3947,6981.29
2024-08-30,Noida Link Road,18,Friday,4,0,1,47366,114,51.8421,2.3947,6981.29
2024-08-30,Noida Link Road,19,Friday,4,0,1,50036,114,51.8421,2.3947,6981.29
2024-08-30,Noida Link Road,20,Friday,4,0,1,46497,114,51.8421,2.3947,6981.29
2024-08-30,Noida Link Road,21,Friday,4,0,0,43820,114,51.8421,2.3947,6981.29
2024-08-30,Noida Link Road,22,Friday,4,0,0,34116,114,51.8421,2.3947,6981.29
2024-08-30,Noida Link Road,23,Friday,4,0,0,27888,114,51.8421,2.3947,6981.29
